file_index,filename,总分,文件长度得分,代码重复率得分,关键词得分,有效代码得分,多样性得分,分数段
0,coarray_selection_matrix_1d.m,82.866,100,67.57,90,100.0,56.76,80-90
1,coarsealign3.m,80.154,60,100.0,60,100.0,80.77,80-90
2,coarsegrain.m,82.456,100,64.91,100,100.0,47.37,80-90
3,coarsen3.m,82.926,80,86.92,90,100.0,57.71,80-90
4,coarsenAMGa.m,86.33,100,82.28,100,100.0,49.37,80-90
5,coarsenAMGc.m,89.362,100,80.85,100,100.0,65.96,80-90
6,coarsenAMGdoc.m,86.866,100,82.09,100,100.0,52.24,80-90
7,coarsenAMGrs.m,81.842,100,80.26,75,100.0,53.95,80-90
8,coarsen_polygon.m,87.058,100,76.47,100,100.0,58.82,80-90
9,coarse_alignment.m,89.2,100,88.0,100,100.0,58.0,80-90
10,COAWST_isosurface_movie.m,84.728,100,94.55,60,100.0,69.09,80-90
11,CoBlade_init.m,82.638,100,68.12,90,100.0,55.07,80-90
12,cochleagram.m,81.092,60,72.73,100,100.0,72.73,80-90
13,codeAPara.m,88.0,100,83.33,90,100.0,66.67,80-90
14,codegen_LpC_lib.m,84.384,100,72.6,100,100.0,49.32,80-90
15,Code_from_Micheal_RJ_MCMC_t_disturbution.m,81.826,80,71.68,100,100.0,57.45,80-90
16,coeffs.m,82.212,100,70.18,90,100.0,50.88,80-90
17,coeffs3.m,81.034,100,62.07,100,100.0,43.1,80-90
18,coeff_lmm2.m,83.0,60,100.0,75,100.0,80.0,80-90
19,cofactor.m,80.0,60,81.25,90,100.0,68.75,80-90
20,cohcorrgram.m,83.424,100,72.88,90,100.0,54.24,80-90
21,CoherenceBands.m,85.394,100,75.28,100,100.0,51.69,80-90
22,coherence_demo_gui.m,83.146,80,72.73,100,100.0,63.0,80-90
23,coherencyc_unequal_length_trials.m,80.344,80,69.66,100,100.0,52.06,80-90
24,coherencypb.m,89.566,100,82.61,100,100.0,65.22,80-90
25,coherencypt.m,87.924,100,83.02,100,100.0,56.6,80-90
26,coherencysegcpb.m,86.666,60,90.0,100,100.0,83.33,80-90
27,coherencysegcpt.m,84.668,60,86.67,100,100.0,76.67,80-90
28,coherencysegpt.m,89.144,100,82.86,100,100.0,62.86,80-90
29,coherent.m,83.396,100,64.15,100,100.0,52.83,80-90
30,coherr.m,86.024,100,81.93,100,100.0,48.19,80-90
31,cohgramc.m,86.666,100,83.33,100,100.0,50.0,80-90
32,cohgramcpb.m,85.974,100,81.82,100,100.0,48.05,80-90
33,cohgramcpt.m,87.466,100,84.0,100,100.0,53.33,80-90
34,cohgrampb.m,86.666,100,84.0,100,100.0,49.33,80-90
35,cohgrampt.m,87.368,100,84.21,100,100.0,52.63,80-90
36,cohmathelper.m,84.546,100,81.82,90,100.0,50.91,80-90
37,cohmatrixc.m,88.154,60,96.15,100,100.0,84.62,80-90
38,cohmatrixpb.m,89.516,100,87.88,90,100.0,69.7,80-90
39,cohmatrixpt.m,88.5,100,85.0,100,100.0,57.5,80-90
40,CoilCircle.m,81.512,100,79.07,75,100.0,53.49,80-90
41,CoilRectangle.m,80.0,100,76.92,75,100.0,48.08,80-90
42,col2im3.m,81.076,100,64.1,90,100.0,51.28,80-90
43,colamd.m,80.0,60,77.78,90,100.0,72.22,80-90
44,coldfilt.m,81.874,100,81.25,75,100.0,53.12,80-90
45,collapse_close_points.m,81.414,100,75.47,75,100.0,56.6,80-90
46,collapse_thin_triangles.m,88.27,100,83.78,90,100.0,67.57,80-90
47,CollectVariables.m,83.59,100,61.54,100,100.0,56.41,80-90
48,CollisionModel.m,80.0,100,61.25,100,100.0,38.75,80-90
49,collisions.m,81.472,100,63.24,100,100.0,44.12,80-90
50,collocationPoints.m,83.666,60,100.0,75,100.0,83.33,80-90
51,collocation_csp.m,80.464,100,67.44,100,100.0,34.88,80-90
52,colonrange2num.m,81.666,100,63.33,90,100.0,55.0,80-90
53,ColorbarWithAxis.m,81.818,100,75.0,75,100.0,59.09,80-90
54,ColorBlocksGmt.m,81.872,100,64.52,90,100.0,54.84,80-90
55,colorCode2rgb.m,82.63,60,89.47,90,100.0,73.68,80-90
56,Colored.m,84.31,80,81.55,90,100.0,70.0,80-90
57,colorGradient.m,80.554,100,74.47,90,100.0,38.3,80-90
58,coloring.m,88.732,100,82.93,90,100.0,70.73,80-90
59,coloringdoc.m,85.8,100,84.0,75,100.0,70.0,80-90
60,colorkmeans.m,81.876,100,60.94,100,100.0,48.44,80-90
61,colorLookup.m,86.0,60,100.0,90,100.0,80.0,80-90
62,colormap_helper.m,81.0,60,80.0,100,100.0,65.0,80-90
63,colornames.m,83.356,80,85.5,100,100.0,51.28,80-90
64,colornames_cube.m,82.692,80,87.13,100,100.0,46.33,80-90
65,colornames_view.m,82.848,80,82.41,100,100.0,51.83,80-90
66,colorposneg.m,84.648,60,100.0,75,100.0,88.24,80-90
67,colorRxnType.m,82.0,100,65.0,90,100.0,55.0,80-90
68,colorseg.m,86.154,100,79.49,100,100.0,51.28,80-90
69,ColorSetting.m,84.032,100,88.71,75,100.0,56.45,80-90
70,ColorSlipGmt.m,84.082,100,67.35,100,100.0,53.06,80-90
71,colorspace_demo.m,81.73,80,71.15,100,100.0,57.5,80-90
72,colorspec2rgb.m,84.364,100,80.0,100,100.0,41.82,80-90
73,ColorSpecEnum.m,80.078,80,66.06,100,100.0,54.33,80-90
74,colorsurface.m,81.11,100,72.22,75,100.0,58.33,80-90
75,ColorVelVecGmt.m,84.384,100,74.47,90,100.0,57.45,80-90
76,color_balance_demo.m,83.078,60,84.62,90,100.0,80.77,80-90
77,color_histogram_demo_gui.m,81.336,80,69.34,100,100.0,57.34,80-90
78,color_plot.m,85.788,100,71.05,100,100.0,57.89,80-90
79,COLOR_PULSE.m,84.926,100,72.46,100,100.0,52.17,80-90
80,columnlegend.m,80.208,80,72.83,100,100.0,48.21,80-90
81,Combination.m,81.154,100,63.46,100,100.0,42.31,80-90
82,combinations.m,82.082,100,71.43,90,100.0,48.98,80-90
83,combineChildren.m,83.714,100,71.43,90,100.0,57.14,80-90
84,combineClusters.m,80.626,100,71.88,75,100.0,56.25,80-90
85,combineFiguresLR.m,81.342,100,78.05,75,100.0,53.66,80-90
86,combineFiguresTB.m,81.19,100,76.19,75,100.0,54.76,80-90
87,combineFluxResults.m,81.08,100,64.86,100,100.0,40.54,80-90
88,combineHarveyMicrotiota.m,80.42,80,76.62,90,100.0,55.48,80-90
89,combineMultROIsIntoOneROI.m,80.194,100,68.29,90,100.0,42.68,80-90
90,combineNSxNEV.m,81.856,100,78.57,75,100.0,55.71,80-90
91,combine_bbox_view.m,80.0,100,57.69,100,100.0,42.31,80-90
92,combine_global.m,81.064,100,69.15,100,100.0,36.17,80-90
93,combine_pattern.m,81.29,100,66.67,100,100.0,39.78,80-90
94,combn.m,80.806,100,70.97,75,100.0,58.06,80-90
95,CombustionChamber.m,80.306,100,86.96,45,100.0,69.57,80-90
96,cometBrowserHandle.m,81.052,80,74.65,100,100.0,50.61,80-90
97,COMKMeans.m,86.718,100,79.49,90,100.0,64.1,80-90
98,CommonIC.m,84.81,100,76.6,90,100.0,57.45,80-90
99,commontangent.m,81.076,100,69.23,90,100.0,46.15,80-90
100,common_size.m,83.782,100,64.86,100,100.0,54.05,80-90
101,communication.m,86.0,100,82.5,90,100.0,57.5,80-90
102,CommunityDetection.m,82.546,100,71.21,90,100.0,51.52,80-90
103,community_louvain.m,81.558,80,72.36,100,100.0,55.43,80-90
104,CommutingHomogPlaneStressConvergenceWhenMakingPoissonZero.m,82.714,80,71.57,90,100.0,72.0,80-90
105,comnsize.m,82.978,100,61.7,100,100.0,53.19,80-90
106,compareBinsOfFluxes.m,80.264,100,67.92,90,100.0,43.4,80-90
107,compareBounds2Models.m,82.906,100,81.13,90,100.0,43.4,80-90
108,compareDyOutside.m,83.154,80,84.51,100,100.0,51.26,80-90
109,CompareEpipolarLines.m,82.058,100,73.53,75,100.0,61.76,80-90
110,compareFloats.m,81.026,100,61.54,100,100.0,43.59,80-90
111,compareMatrices.m,82.068,100,60.34,100,100.0,50.0,80-90
112,compareMatricies.m,81.452,100,77.42,75,100.0,54.84,80-90
113,compareRxnMNXIDsWithMets.m,80.0,100,55.21,100,100.0,44.79,80-90
114,compareTotalDegree.m,82.444,100,68.25,90,100.0,53.97,80-90
115,compareTwoSamplesStat.m,87.756,100,75.51,100,100.0,63.27,80-90
116,compare_algorithm.m,81.374,100,81.25,60,100.0,65.62,80-90
117,Compare_All_FCs.m,80.0,60,93.33,60,100.0,86.67,80-90
118,compare_implementations.m,85.142,100,76.19,90,100.0,59.52,80-90
119,compare_labels.m,81.876,100,75.0,75,100.0,59.38,80-90
120,compare_mp_speeds.m,83.428,100,91.43,60,100.0,65.71,80-90
121,compare_mult_flops.m,81.022,100,67.44,90,100.0,47.67,80-90
122,compare_secoora_model_sections.m,86.512,100,72.09,100,100.0,60.47,80-90
123,compare_surface_salinity.m,86.596,100,97.3,60,100.0,75.68,80-90
124,ComparingMinAndAbsMin.m,83.014,100,68.49,100,100.0,46.58,80-90
125,ComparisonTypeEnum.m,85.098,100,70.97,90,100.0,64.52,80-90
126,compartment.m,80.0,100,72.5,75,100.0,52.5,80-90
127,CompCondNum.m,80.406,100,70.27,75,100.0,56.76,80-90
128,compHolisticRanking.m,86.552,100,74.14,100,100.0,58.62,80-90
129,compileAndRun.m,86.384,100,74.47,100,100.0,57.45,80-90
130,compileFiles.m,82.766,100,67.02,100,100.0,46.81,80-90
131,compileTomoBEAR.m,86.458,80,86.96,100,100.0,65.33,80-90
132,compile_buffer.m,80.134,80,68.85,100,100.0,51.82,80-90
133,compile_eeglab.m,85.742,80,83.69,100,100.0,65.02,80-90
134,compile_nonlinear_table.m,83.718,100,82.05,75,100.0,61.54,80-90
135,compile_wafo_exe.m,82.248,100,65.17,100,100.0,46.07,80-90
136,completedLogLikelihood.m,84.818,100,68.18,90,100.0,65.91,80-90
137,complete_location_history.m,85.092,100,72.73,100,100.0,52.73,80-90
138,complete_lprim1d.m,80.412,80,66.5,100,100.0,55.56,80-90
139,completion_rankincrease.m,81.17,100,69.51,90,100.0,46.34,80-90
140,complex2rgb.m,81.702,100,63.83,100,100.0,44.68,80-90
141,ComplexSarRemapAdapter.m,84.898,100,72.45,100,100.0,52.04,80-90
142,ComplexSpectrum2SpatialCov.m,86.0,100,77.78,90,100.0,62.22,80-90
143,complextest_AD3.m,83.0,100,67.5,90,100.0,57.5,80-90
144,complex_randn.m,80.768,60,76.92,90,100.0,76.92,80-90
145,ComplianceFunctional.m,81.014,100,62.03,100,100.0,43.04,80-90
146,ComplianceWithBoundConstraint.m,81.508,100,68.42,90,100.0,49.12,80-90
147,compObjectHypot.m,83.0,100,77.5,75,100.0,62.5,80-90
148,ComposeEuler.m,80.8,60,80.0,100,100.0,64.0,80-90
149,ComposeFused.m,81.6,60,80.0,100,100.0,68.0,80-90
150,ComposeTilt.m,80.8,60,80.0,100,100.0,64.0,80-90
151,composite_harmonic_mapping.m,88.324,100,80.65,90,100.0,70.97,80-90
152,composite_mvc.m,87.678,100,83.87,90,100.0,64.52,80-90
153,compplot.m,81.168,80,66.34,90,100.0,69.5,80-90
154,compPosteriorGMM_fast.m,85.222,100,75.0,90,100.0,61.11,80-90
155,compress.m,82.888,100,71.11,90,100.0,53.33,80-90
156,CompressiveDetector.m,81.41,100,69.32,90,100.0,47.73,80-90
157,compress_evaluation_scheme.m,83.832,100,70.83,90,100.0,58.33,80-90
158,compSurfaceLabel.m,83.374,100,67.47,100,100.0,49.4,80-90
159,ComputationUtil.m,81.516,100,60.61,100,100.0,46.97,80-90
160,computeAllEphysProperties.m,83.824,100,64.71,100,100.0,54.41,80-90
161,computeAllModelChoiceRF_batchHN.m,82.588,100,79.41,60,100.0,73.53,80-90
162,computeAllModelChoiceTime_batchHN.m,82.588,100,79.41,60,100.0,73.53,80-90
163,computeAllModelChoice_batchHN.m,82.588,100,79.41,60,100.0,73.53,80-90
164,computeAllModelChoice_batchLGG.m,82.588,100,79.41,60,100.0,73.53,80-90
165,computeAllPredictionRF_batchHN.m,81.412,100,79.41,60,100.0,67.65,80-90
166,computeAllPredictionRF_HN.m,83.516,100,81.82,60,100.0,75.76,80-90
167,computeAllPredictionTime_batchHN.m,82.0,100,79.41,60,100.0,70.59,80-90
168,computeAllPrediction_batchHN.m,81.412,100,79.41,60,100.0,67.65,80-90
169,computeAllPrediction_batchLGG.m,81.412,100,79.41,60,100.0,67.65,80-90
170,computeApproxPoly.m,81.014,100,62.03,100,100.0,43.04,80-90
171,computeAssociations_Clinical.m,82.5,100,72.5,75,100.0,65.0,80-90
172,computeAssociations_NonTextures.m,83.164,100,77.55,75,100.0,63.27,80-90
173,computeAssociations_NonTextures_Old.m,80.294,100,72.06,75,100.0,54.41,80-90
174,computeAvg.m,81.286,60,92.86,75,100.0,78.57,80-90
175,ComputeAz.m,87.444,100,83.33,90,100.0,63.89,80-90
176,computeBaseline.m,86.0,100,82.86,90,100.0,57.14,80-90
177,computeBodyFixedGravAccel.m,80.374,80,72.48,90,100.0,59.39,80-90
178,computeBoundingBox.m,84.668,100,77.78,90,100.0,55.56,80-90
179,computeCentroidAndNormals.m,80.054,100,94.74,45,100.0,60.53,80-90
180,ComputeChi_for_CTDprofile.m,83.0,100,70.45,90,100.0,54.55,80-90
181,computeConfidenceInterval2.m,80.192,80,73.45,100,100.0,47.51,80-90
182,computeConstraintMatching.m,83.334,100,69.05,100,100.0,47.62,80-90
183,computeContrastMap.m,80.052,80,67.88,100,100.0,52.38,80-90
184,computeContrastMap2.m,80.206,80,70.95,100,100.0,50.08,80-90
185,computeCorAnal.m,84.242,100,77.27,100,100.0,43.94,80-90
186,computeCorAnal2Freq.m,81.638,80,70.19,100,100.0,58.0,80-90
187,computeCorrelation2ROIMap.m,83.662,100,69.01,100,100.0,49.3,80-90
188,ComputeCovMask.m,81.25,60,81.25,90,100.0,75.0,80-90
189,ComputeCVAccuracies.m,84.316,100,68.42,90,100.0,63.16,80-90
190,computeDefaultQdist.m,80.632,100,63.16,90,100.0,50.0,80-90
191,computeDepartureOrbit.m,81.268,100,79.1,75,100.0,52.24,80-90
192,computeDerivatives_f.m,83.6,100,76.0,90,100.0,52.0,80-90
193,computeDetectionPoses.m,82.098,100,80.65,75,100.0,54.84,80-90
194,computeElementalMatrix.m,84.0,100,68.57,100,100.0,51.43,80-90
195,ComputeExactMarginalsBP.m,80.0,60,76.92,90,100.0,73.08,80-90
196,computeExtCORE9w.m,80.272,100,78.41,90,100.0,32.95,80-90
197,computeFeatureByImages.m,83.43,60,89.29,100,100.0,67.86,80-90
198,computeFluxConsistentReactionPresence.m,81.686,100,65.06,100,100.0,43.37,80-90
199,computeGlobalCMVN_obj.m,80.116,100,72.09,75,100.0,53.49,80-90
200,computeGlobalDistanceMeasure.m,81.032,100,74.19,60,100.0,70.97,80-90
201,computeGradAtPoint.m,81.158,100,65.79,90,100.0,50.0,80-90
202,computeGradientMFLDA.m,81.524,100,78.57,60,100.0,69.05,80-90
203,computeGradNorm.m,81.304,60,78.26,90,100.0,78.26,80-90
204,computeIGT_row.m,80.588,100,55.88,100,100.0,47.06,80-90
205,computeImageAttributes.m,86.506,100,77.11,100,100.0,55.42,80-90
206,computeJGHessian.m,82.742,100,77.42,75,100.0,61.29,80-90
207,computeKernelMatrix.m,86.11,100,72.22,100,100.0,58.33,80-90
208,ComputeKernels.m,81.364,100,72.73,75,100.0,59.09,80-90
209,computeLinearRelationMap.m,82.344,80,71.93,100,100.0,59.79,80-90
210,computeLinearRelationMapOld.m,81.634,100,68.37,100,100.0,39.8,80-90
211,ComputeLogLikelihood.m,82.142,100,83.33,75,100.0,52.38,80-90
212,computeMeanMap.m,83.548,100,70.97,100,100.0,46.77,80-90
213,computeMetabolicDistance.m,82.906,100,69.81,90,100.0,54.72,80-90
214,computeMetaSample.m,87.726,100,77.27,100,100.0,61.36,80-90
215,computeMin2Norm_HH.m,80.308,100,61.54,90,100.0,50.0,80-90
216,computeMinMarginalsPairwiseBinary.m,81.53,100,62.75,90,100.0,54.9,80-90
217,computeModelChoiceCT_batchHN.m,82.688,100,73.44,90,100.0,50.0,80-90
218,computeModelCoefficients.m,82.58,100,66.13,100,100.0,46.77,80-90
219,computeModelCoefficientsAerts_batchHN.m,82.714,100,83.93,60,100.0,69.64,80-90
220,computeModelCoefficientsAerts_batchHN_Old.m,82.0,100,82.76,60,100.0,67.24,80-90
221,computeModelCoefficientsCT_batchHN.m,83.106,100,70.21,90,100.0,55.32,80-90
222,computeModelCoefficientsTimeAerts_batchHN.m,83.428,100,83.93,60,100.0,73.21,80-90
223,computeModelCoefficientsTimeAerts_batchHN_Old.m,82.0,100,82.76,60,100.0,67.24,80-90
224,computeModelCoefficientsTime_batchHN.m,80.888,100,80.0,60,100.0,64.44,80-90
225,computeModelCoefficientsTime_batchHN_Old.m,81.778,100,82.22,60,100.0,66.67,80-90
226,computeModelCoefficients_batchHN.m,81.334,100,80.0,60,100.0,66.67,80-90
227,computeModelCoefficients_batchHN_Old.m,81.778,100,82.22,60,100.0,66.67,80-90
228,computeModelCoefficients_batchLGG.m,81.334,100,80.0,60,100.0,66.67,80-90
229,computeModelCoefficients_HN.m,80.908,100,65.45,90,100.0,49.09,80-90
230,ComputeMorrisSensi.m,83.182,100,75.0,75,100.0,65.91,80-90
231,ComputeMultiscaleEntropy.m,80.89,100,57.78,100,100.0,46.67,80-90
232,computeMW.m,85.144,100,72.86,100,100.0,52.86,80-90
233,computeNumericalGradient_with_mask.m,88.0,100,80.0,100,100.0,60.0,80-90
234,computeOverlapMap.m,80.956,80,67.89,100,100.0,56.89,80-90
235,computePerClassAspectRatios.m,86.25,100,79.69,100,100.0,51.56,80-90
236,computePredictionCT_batchHN.m,83.396,100,74.6,90,100.0,52.38,80-90
237,computeProbMap.m,82.706,100,73.53,90,100.0,50.0,80-90
238,computePrognosisMetrics.m,84.51,100,86.89,75,100.0,60.66,80-90
239,computeReferencePhase.m,86.342,100,73.17,100,100.0,58.54,80-90
240,computeResStdMap.m,82.878,100,73.17,90,100.0,51.22,80-90
241,computerInfo.m,84.144,60,92.86,75,100.0,92.86,80-90
242,computeROC.m,81.818,100,77.27,75,100.0,56.82,80-90
243,computeROI.m,83.19,100,68.12,100,100.0,47.83,80-90
244,computeSaliency_demo.m,84.21,80,76.42,100,100.0,64.63,80-90
245,computeSeg.m,82.0,100,76.0,90,100.0,44.0,80-90
246,computesigmanoise.m,82.0,60,87.5,75,100.0,87.5,80-90
247,computeSliceRGB.m,81.856,100,68.57,75,100.0,65.71,80-90
248,computeSnrMap.m,82.248,100,67.42,100,100.0,43.82,80-90
249,computeStability.m,82.4,100,86.0,60,100.0,66.0,80-90
250,computeStdMap.m,83.582,100,74.42,90,100.0,53.49,80-90
251,computeSUVmap.m,85.5,100,72.5,100,100.0,55.0,80-90
252,ComputeTimeBandwidth.m,86.708,100,85.37,75,100.0,73.17,80-90
253,computeTRNrisk.m,82.738,100,70.53,100,100.0,43.16,80-90
254,computetSNRMap.m,85.098,100,72.55,100,100.0,52.94,80-90
255,computeV.m,84.522,100,73.91,90,100.0,58.7,80-90
256,computeWaveformProp.m,80.096,100,73.81,60,100.0,66.67,80-90
257,ComputeWavelets.m,82.326,100,62.79,100,100.0,48.84,80-90
258,computeWIShale.m,82.198,100,68.13,100,100.0,42.86,80-90
259,compute_aff_transform.m,85.26,60,95.65,75,100.0,95.65,80-90
260,compute_airway_fwhm.m,80.454,100,68.18,100,100.0,34.09,80-90
261,compute_alpha_map.m,87.412,100,76.47,90,100.0,70.59,80-90
262,compute_audio_feats.m,81.298,80,76.13,100,100.0,50.36,80-90
263,compute_ave_recall_of_bbox.m,80.074,80,69.91,90,100.0,60.46,80-90
264,compute_azim_spectra.m,82.294,80,78.3,90,100.0,63.17,80-90
265,compute_bel.m,87.0,60,87.5,100,100.0,87.5,80-90
266,compute_bending_invariant.m,88.908,100,86.36,90,100.0,68.18,80-90
267,compute_best_threshold_nlmeans.m,81.592,100,67.05,100,100.0,40.91,80-90
268,compute_brisque_features_for_feature_fusion.m,82.888,80,74.11,100,100.0,60.33,80-90
269,compute_cohcorrgram_dwelltimes.m,88.718,100,76.92,100,100.0,66.67,80-90
270,compute_compressed_sensing_matrix.m,83.158,100,76.32,100,100.0,39.47,80-90
271,compute_det_bbox.m,82.144,100,69.05,100,100.0,41.67,80-90
272,compute_deviator_tensor.m,80.75,60,87.5,75,100.0,81.25,80-90
273,compute_distances.m,85.5,100,82.14,90,100.0,55.36,80-90
274,compute_edge_patches.m,82.25,100,72.5,100,100.0,38.75,80-90
275,Compute_Feq.m,83.21,100,70.37,100,100.0,45.68,80-90
276,compute_fMap.m,81.246,80,74.8,100,100.0,51.43,80-90
277,compute_fMap_adjoint.m,83.234,100,79.41,75,100.0,61.76,80-90
278,compute_fMap_regular.m,85.586,100,81.03,90,100.0,56.9,80-90
279,compute_fMap_regular_with_orientationOp.m,87.834,100,82.47,100,100.0,56.7,80-90
280,compute_friquee_features_for_feature_fusion.m,82.482,80,74.59,100,100.0,57.82,80-90
281,compute_gabor_features.m,81.038,100,75.47,75,100.0,54.72,80-90
282,compute_gmlog_features_for_feature_fusion.m,82.618,80,74.77,100,100.0,58.32,80-90
283,compute_gradient_tensor.m,80.588,60,82.35,90,100.0,70.59,80-90
284,compute_grads_local.m,80.08,100,73.02,75,100.0,52.38,80-90
285,compute_gz_spsp.m,82.49,100,71.43,90,100.0,51.02,80-90
286,compute_higrade_features_for_feature_fusion.m,82.934,80,76.67,100,100.0,58.0,80-90
287,compute_histogram_distance.m,84.152,100,71.7,100,100.0,49.06,80-90
288,compute_hog.m,82.138,100,70.69,90,100.0,50.0,80-90
289,compute_inpainting_mask.m,88.0,100,84.44,100,100.0,55.56,80-90
290,compute_int.m,83.81,100,73.81,100,100.0,45.24,80-90
291,compute_kernel.m,80.0,60,100.0,60,100.0,80.0,80-90
292,compute_label_map.m,83.572,100,75.51,75,100.0,67.35,80-90
293,compute_LaplacianBasis.m,81.666,60,87.5,90,100.0,70.83,80-90
294,compute_laplacian_basis.m,85.652,100,71.74,100,100.0,56.52,80-90
295,compute_levelset_shape.m,80.0,100,64.04,100,100.0,35.96,80-90
296,compute_lgi.m,80.734,80,61.67,100,100.0,62.0,80-90
297,compute_lumped_mass_and_Cp_avg_for_given_layer_fcn.m,81.874,100,78.12,75,100.0,56.25,80-90
298,Compute_M0_T1_OnSPGR.m,80.714,100,75.0,75,100.0,53.57,80-90
299,compute_mapping.m,81.338,80,75.7,100,100.0,50.99,80-90
300,compute_masscenter_interfiber_distances.m,80.126,100,71.88,60,100.0,68.75,80-90
301,compute_matching_from_W.m,82.39,100,68.29,90,100.0,53.66,80-90
302,compute_mcg_cands.m,80.262,100,76.09,60,100.0,65.22,80-90
303,compute_mesh_weight.m,82.75,100,72.5,100,100.0,41.25,80-90
304,compute_minimum_scale.m,82.972,100,71.62,100,100.0,43.24,80-90
305,compute_modulation_stft.m,85.386,100,73.08,100,100.0,53.85,80-90
306,compute_movie_file.m,81.772,100,63.29,100,100.0,45.57,80-90
307,compute_nlz.m,80.4,60,84.0,90,100.0,68.0,80-90
308,compute_norm_grid.m,82.908,60,86.36,100,100.0,68.18,80-90
309,compute_operator_norm.m,82.0,60,87.5,75,100.0,87.5,80-90
310,compute_overlap_hyli.m,81.976,100,79.07,75,100.0,55.81,80-90
311,compute_point_point_ring.m,83.954,100,75.58,100,100.0,44.19,80-90
312,compute_rand_sparse.m,85.442,100,81.4,90,100.0,55.81,80-90
313,compute_recall_candidates_voc07.m,84.59,100,70.49,100,100.0,52.46,80-90
314,compute_recall_ilsvrc15.m,84.286,100,71.43,100,100.0,50.0,80-90
315,compute_redundant_dictionary.m,84.694,80,72.97,100,100.0,70.5,80-90
316,compute_semiregular_sphere.m,84.032,100,77.42,75,100.0,67.74,80-90
317,compute_shape_boundary.m,81.188,100,73.91,90,100.0,42.03,80-90
318,compute_shape_pair_segmentation.m,82.414,100,75.32,90,100.0,46.75,80-90
319,compute_similarity.m,82.186,100,65.12,90,100.0,55.81,80-90
320,compute_simple_feature.m,80.752,100,84.38,60,100.0,59.38,80-90
321,compute_sparse_spike_filter.m,82.0,100,90.62,60,100.0,59.38,80-90
322,Compute_Spline_Points.m,80.0,100,62.11,100,100.0,37.89,80-90
323,compute_statistics.m,81.728,100,69.49,90,100.0,49.15,80-90
324,compute_stat_image.m,83.882,100,70.59,90,100.0,58.82,80-90
325,compute_sTV.m,84.286,100,71.43,90,100.0,60.0,80-90
326,compute_tDCF.m,83.084,100,66.1,90,100.0,59.32,80-90
327,compute_tensor_field.m,86.83,100,80.49,100,100.0,53.66,80-90
328,compute_tissue_probability_maps.m,82.66,100,70.21,75,100.0,68.09,80-90
329,compute_total_variation.m,84.286,100,74.29,90,100.0,57.14,80-90
330,compute_transfer_functions_filters.m,83.276,80,81.42,90,100.0,64.96,80-90
331,compute_transfer_functions_filters_eq08.m,84.4,80,82.64,90,100.0,69.36,80-90
332,compute_vf_trajectory.m,84.678,100,80.65,75,100.0,67.74,80-90
333,compute_visual_feats.m,82.588,80,77.63,100,100.0,55.31,80-90
334,comp_checkfudim.m,80.8,60,72.0,100,100.0,72.0,80-90
335,comp_delta.m,82.742,100,77.42,75,100.0,61.29,80-90
336,comp_filterbankconstphase.m,80.714,100,68.57,75,100.0,60.0,80-90
337,comp_filterbank_td.m,84.25,100,75.0,90,100.0,56.25,80-90
338,comp_fuana.m,81.414,100,70.73,90,100.0,46.34,80-90
339,comp_fudual.m,81.252,100,71.88,75,100.0,59.38,80-90
340,comp_fusyn.m,82.728,100,63.64,100,100.0,50.0,80-90
341,comp_fwt.m,80.078,60,84.62,75,100.0,80.77,80-90
342,comp_ifilterbank_fftbl.m,80.49,100,72.55,75,100.0,54.9,80-90
343,comp_ifwt.m,80.0,60,76.92,90,100.0,73.08,80-90
344,comp_insdgfb.m,83.018,100,64.15,100,100.0,50.94,80-90
345,comp_is.m,80.692,80,59.13,100,100.0,64.33,80-90
346,comp_iwpfbt.m,83.806,100,67.74,90,100.0,61.29,80-90
347,comp_llr.m,83.074,80,63.37,100,100.0,72.0,80-90
348,comp_log_Mel.m,80.332,100,83.33,60,100.0,58.33,80-90
349,comp_loss.m,82.386,60,92.31,75,100.0,84.62,80-90
350,comp_ngulf_tseries.m,85.0,80,77.06,100,100.0,67.94,80-90
351,comp_object_3d_feature.m,81.524,100,78.57,60,100.0,69.05,80-90
352,comp_painlessfilterbank.m,86.89,100,80.56,90,100.0,63.89,80-90
353,comp_struct.m,80.362,80,70.69,100,100.0,51.12,80-90
354,comp_ufilterbankconstphase.m,80.456,100,69.7,75,100.0,57.58,80-90
355,comp_ufilterbankphasegradfrommag.m,81.94,100,71.43,75,100.0,63.27,80-90
356,comp_ugrid_uv.m,81.206,80,76.11,100,100.0,49.92,80-90
357,comp_uwpfbt.m,81.19,100,71.43,75,100.0,59.52,80-90
358,comp_wpfbt.m,84.666,100,73.81,90,100.0,59.52,80-90
359,comsi_lung_normalized.m,80.882,100,72.55,75,100.0,56.86,80-90
360,COMuniquerand.m,80.352,100,61.76,90,100.0,50.0,80-90
361,Concat.m,83.508,100,64.91,100,100.0,52.63,80-90
362,concatenate.m,83.43,100,64.29,100,100.0,52.86,80-90
363,concatenateMeshes.m,85.0,100,70.59,100,100.0,54.41,80-90
364,concatenate_bboxes.m,83.364,60,90.91,75,100.0,90.91,80-90
365,concatenate_dres.m,81.546,60,90.91,75,100.0,81.82,80-90
366,concatenate_files.m,84.082,100,65.31,100,100.0,55.1,80-90
367,Concatenate_Trim_Files.m,82.598,100,67.82,90,100.0,55.17,80-90
368,concatm.m,81.428,60,78.57,90,100.0,78.57,80-90
369,ConcatNode.m,84.878,100,70.73,100,100.0,53.66,80-90
370,condenseFields.m,82.608,100,67.39,100,100.0,45.65,80-90
371,condition.m,80.684,60,89.47,75,100.0,78.95,80-90
372,conditionPlots.m,80.144,100,71.43,75,100.0,54.29,80-90
373,ConditionSet_Test.m,80.9,80,71.54,90,100.0,62.96,80-90
374,conditionSpecificGapFilling.m,80.808,70,93.87,90,100.0,50.17,80-90
375,conDst.m,82.5,100,65.0,100,100.0,47.5,80-90
376,conDstSpace.m,83.262,100,68.42,90,100.0,57.89,80-90
377,Cone.m,82.632,100,63.16,100,100.0,50.0,80-90
378,conf.m,82.222,100,66.67,100,100.0,44.44,80-90
379,conFeatDif.m,83.162,100,77.42,90,100.0,48.39,80-90
380,confhyperg.m,81.636,100,72.73,90,100.0,45.45,80-90
381,configChannel.m,87.25,100,76.25,100,100.0,60.0,80-90
382,ConfigDereverbNet_Regression.m,85.57,60,85.71,100,100.0,82.14,80-90
383,ConfigExp.m,84.364,100,70.91,100,100.0,50.91,80-90
384,ConfigMaskBFnetCE.m,84.928,100,69.57,100,100.0,55.07,80-90
385,configMatrixInterleaver.m,83.508,100,77.19,100,100.0,40.35,80-90
386,configSens.m,81.0,100,80.0,60,100.0,65.0,80-90
387,configSimulation.m,81.092,100,81.82,60,100.0,63.64,80-90
388,configSPLITADVANCED.m,80.28,80,71.79,100,100.0,49.61,80-90
389,ConfigurationParser.m,81.614,100,59.68,100,100.0,48.39,80-90
390,configureVDCBuildModelConfig.m,81.778,60,100.0,60,100.0,88.89,80-90
391,config_eMouse.m,86.68,100,83.02,90,100.0,60.38,80-90
392,config_gp.m,80.87,80,68.97,100,100.0,55.38,80-90
393,config_list.m,81.0,100,72.5,75,100.0,57.5,80-90
394,config_sequence.m,82.832,60,83.33,100,100.0,70.83,80-90
395,config_sequences.m,87.142,100,77.38,100,100.0,58.33,80-90
396,ConfineTspOutput.m,82.572,100,74.29,100,100.0,38.57,80-90
397,conformal.m,81.312,80,76.39,100,100.0,50.17,80-90
398,conformal2.m,83.788,80,81.06,100,100.0,57.88,80-90
399,conformalized_mean_curvature_flow.m,84.458,80,71.29,100,100.0,71.0,80-90
400,conformalPlot.m,80.0,100,51.22,100,100.0,48.78,80-90
401,ConfusionMatrix.m,86.842,100,68.42,100,100.0,65.79,80-90
402,congruenceblocks.m,81.348,100,66.29,100,100.0,40.45,80-90
403,conic2ellipse.m,82.0,100,71.11,90,100.0,48.89,80-90
404,conjg.m,85.0,100,91.67,75,100.0,58.33,80-90
405,conKnl.m,80.74,100,61.11,100,100.0,42.59,80-90
406,conKnlGphMy.m,81.856,100,77.14,75,100.0,57.14,80-90
407,conKnlGphPQU.m,80.0,100,72.73,75,100.0,52.27,80-90
408,conndef.m,83.396,100,69.81,100,100.0,47.17,80-90
409,connectedComponent.m,80.0,100,67.5,90,100.0,42.5,80-90
410,connectedFR.m,85.0,100,85.29,75,100.0,64.71,80-90
411,connectedness.m,80.418,100,72.92,75,100.0,54.17,80-90
412,connectedRxnsByEFM.m,86.364,100,72.73,100,100.0,59.09,80-90
413,connected_components.m,84.074,100,68.52,100,100.0,51.85,80-90
414,connected_components_demo_gui.m,82.922,100,68.54,100,100.0,46.07,80-90
415,consensus_und.m,81.572,100,76.79,90,100.0,41.07,80-90
416,conservative_edge_matching.m,82.63,100,73.68,100,100.0,39.47,80-90
417,ConstantDragCoeffModel.m,81.2,100,66.0,90,100.0,50.0,80-90
418,ConstantMultiplier.m,83.684,100,63.16,100,100.0,55.26,80-90
419,constant_signal_gen.m,81.778,100,57.78,100,100.0,51.11,80-90
420,constrainedQPActive.m,84.0,100,80.0,90,100.0,50.0,80-90
421,constrained_foopsi.m,80.144,80,70.87,100,100.0,49.85,80-90
422,ConstraintAttachSpring.m,85.334,100,80.0,100,100.0,46.67,80-90
423,ConstraintFloor.m,80.104,80,66.67,100,100.0,53.85,80-90
424,ConstraintJointLimit.m,82.758,100,67.24,100,100.0,46.55,80-90
425,ConstraintMultQ.m,83.262,100,73.68,90,100.0,52.63,80-90
426,ConstraintPrescBody.m,88.0,100,77.78,100,100.0,62.22,80-90
427,ConstraintPrescJoint.m,88.372,100,76.74,100,100.0,65.12,80-90
428,ConstraintPrescJointM.m,87.842,100,82.35,100,100.0,56.86,80-90
429,ConstraintProjector.m,85.15,80,75.25,100,100.0,70.5,80-90
430,constraintsNMPC.m,80.162,100,70.97,75,100.0,54.84,80-90
431,ConstraintStateComparisonNodeEnum.m,80.0,100,57.5,90,100.0,52.5,80-90
432,ConstraintStateComparisonTypeEnum.m,81.256,100,60.47,90,100.0,55.81,80-90
433,ConstraintValidator.m,82.388,100,61.19,100,100.0,50.75,80-90
434,constructalloptions.m,81.168,60,91.67,75,100.0,79.17,80-90
435,constructEquations.m,81.492,100,68.25,90,100.0,49.21,80-90
436,constructInit.m,83.454,100,70.91,90,100.0,56.36,80-90
437,Construction.m,81.206,100,84.48,75,100.0,46.55,80-90
438,construction_args.m,80.142,100,62.5,90,100.0,48.21,80-90
439,ConstructLinearKRG.m,80.468,100,67.9,90,100.0,44.44,80-90
440,ConstructLinearKRGOS.m,81.17,100,68.29,90,100.0,47.56,80-90
441,constructNPYheader.m,82.5,100,64.29,100,100.0,48.21,80-90
442,constructphasereal.m,81.342,80,64.71,90,100.0,72.0,80-90
443,constructpolynomialmatrix2d.m,84.558,100,80.33,90,100.0,52.46,80-90
444,constructpolynomialmatrix3d.m,80.86,80,70.09,100,100.0,54.21,80-90
445,ConstructRandNetwork.m,84.538,100,75.0,90,100.0,57.69,80-90
446,ConstructToyNetwork.m,83.49,100,72.55,90,100.0,54.9,80-90
447,constr_precond.m,83.0,100,72.22,90,100.0,52.78,80-90
448,contains_.m,85.726,100,77.27,90,100.0,61.36,80-90
449,Contamination.m,82.274,100,78.79,75,100.0,57.58,80-90
450,context_data.m,81.608,100,70.11,100,100.0,37.93,80-90
451,context_labels.m,82.672,80,66.36,100,100.0,67.0,80-90
452,context_test.m,85.262,100,73.68,100,100.0,52.63,80-90
453,context_train.m,88.0,100,77.5,100,100.0,62.5,80-90
454,contiguous_indices.m,80.456,100,66.67,75,100.0,60.61,80-90
455,continuous_prediction_2class.m,82.386,60,92.31,75,100.0,84.62,80-90
456,contour2levelset.m,82.844,80,59.22,100,100.0,75.0,80-90
457,contourBone.m,80.324,80,68.84,100,100.0,52.78,80-90
458,contourRegularise.m,83.126,100,68.75,100,100.0,46.88,80-90
459,contoursSSEdemo.m,83.956,100,78.72,90,100.0,51.06,80-90
460,contourSUV.m,87.5,100,75.0,100,100.0,62.5,80-90
461,contours_demo.m,80.108,100,75.68,60,100.0,64.86,80-90
462,contourVisibility.m,80.5,100,75.0,75,100.0,52.5,80-90
463,contour_angles.m,84.898,100,75.51,100,100.0,48.98,80-90
464,contract.m,81.678,100,77.42,60,100.0,70.97,80-90
465,contractForwardBackward.m,81.11,100,58.33,100,100.0,47.22,80-90
466,contractInterval.m,80.426,100,57.45,100,100.0,44.68,80-90
467,control.m,85.97,100,83.58,100,100.0,46.27,80-90
468,ControlApp.m,80.0,100,66.67,75,100.0,58.33,80-90
469,ControlFramesEnum.m,81.016,100,59.32,100,100.0,45.76,80-90
470,controller_final.m,80.082,80,78.99,100,100.0,41.42,80-90
471,control_EngineLimiter.m,80.364,60,90.91,60,100.0,90.91,80-90
472,ContW.m,81.114,80,68.57,90,100.0,67.0,80-90
473,contwtgn.m,80.414,100,67.24,90,100.0,44.83,80-90
474,contwtgnmir.m,81.928,100,73.21,90,100.0,46.43,80-90
475,Conv.m,82.0,100,90.62,60,100.0,59.38,80-90
476,conv2bim.m,84.446,100,66.67,100,100.0,55.56,80-90
477,conv2conv.m,81.0,60,100.0,45,100.0,100.0,80-90
478,conv2fft.m,83.668,60,91.67,75,100.0,91.67,80-90
479,conv2out_mem.m,80.044,60,82.61,75,100.0,82.61,80-90
480,convBaron.m,81.0,100,78.33,75,100.0,51.67,80-90
481,convBinput_with_mask_accel.m,81.666,100,72.22,75,100.0,61.11,80-90
482,ConvBlock.m,83.696,100,68.48,100,100.0,50.0,80-90
483,convBonmin.m,81.17,100,63.41,90,100.0,52.44,80-90
484,convectiondiffusiontutorial_sph.m,81.484,100,96.77,30,100.0,80.65,80-90
485,convectionTVDexample.m,81.89,100,97.78,45,100.0,66.67,80-90
486,convectionUpwindTerm.m,84.19,100,73.81,90,100.0,57.14,80-90
487,ConvergenceHistogram.m,85.5,100,75.0,90,100.0,62.5,80-90
488,ConvergencePlotComputerMaterialDesignExperimentHorizontal.m,81.086,80,57.43,100,100.0,68.0,80-90
489,ConvergencePlotComputerMaterialDesignExperimentPoisson.m,81.086,80,57.43,100,100.0,68.0,80-90
490,ConvergenceVarsDispatcher.m,81.654,60,75.86,100,100.0,72.41,80-90
491,Convergence_DirectedSampling.m,84.366,100,71.26,100,100.0,50.57,80-90
492,converge_A2_imperfect.m,80.604,100,93.02,60,100.0,50.0,80-90
493,convert.m,82.552,100,67.02,100,100.0,45.74,80-90
494,convertAnnotationsToVersion11.m,80.0,100,75.0,60,100.0,65.0,80-90
495,convertBPEData.m,83.226,100,66.13,100,100.0,50.0,80-90
496,convertCerrToDcmDosZGrid.m,82.646,100,76.47,75,100.0,61.76,80-90
497,convertClu2Kwik.m,84.746,100,69.49,100,100.0,54.24,80-90
498,convertcmpsdp.m,81.662,80,69.31,90,100.0,69.0,80-90
499,convertCobra2Fbc2_Depreciated.m,83.286,100,64.38,100,100.0,52.05,80-90
500,convertdata_PK2WL.m,81.902,100,90.32,45,100.0,74.19,80-90
501,convertDicom2Vista_UU_donders.m,80.084,80,66.98,100,100.0,53.44,80-90
502,convertDICOMArchives.m,81.86,100,55.81,100,100.0,53.49,80-90
503,convertERTSimLogs.m,83.5,100,72.5,90,100.0,55.0,80-90
504,convertf.m,84.186,100,74.42,100,100.0,46.51,80-90
505,convertGene2PathwayInteractions.m,82.186,100,72.09,90,100.0,48.84,80-90
506,convertIGScoords.m,83.308,100,83.08,75,100.0,58.46,80-90
507,convertLeksellFileToHex.m,80.526,60,78.95,90,100.0,73.68,80-90
508,ConvertMaskBF2pooling.m,86.556,100,82.22,75,100.0,75.56,80-90
509,ConvertMaskBF2Split.m,85.968,100,83.87,75,100.0,70.97,80-90
510,convertModel2Metstructure.m,87.698,100,78.79,90,100.0,69.7,80-90
511,ConvertNetwork.m,80.646,80,56.73,100,100.0,66.5,80-90
512,convertOldCouplingFormat.m,87.352,100,85.29,75,100.0,76.47,80-90
513,ConvertRawDataToRRIntervals.m,82.446,100,66.67,90,100.0,55.56,80-90
514,convertRecon3DToRaven.m,81.154,100,76.92,75,100.0,53.85,80-90
515,convertSeperateTsToArrayTs.m,82.706,100,70.59,90,100.0,52.94,80-90
516,convertSGLogs.m,80.334,100,75.0,60,100.0,66.67,80-90
517,ConvertStringDate.m,80.094,100,83.33,60,100.0,57.14,80-90
518,convertToDLToolboxNetwork.m,81.634,100,63.27,100,100.0,44.9,80-90
519,convertToIrreversible.m,82.844,80,71.93,100,100.0,62.29,80-90
520,convertToMultinomial.m,80.572,100,80.0,60,100.0,62.86,80-90
521,ConvertTwoLFPFilessToOne.m,85.784,100,72.29,100,100.0,56.63,80-90
522,convert_application_dimensions.m,81.578,60,84.21,90,100.0,73.68,80-90
523,convert_complex_data.m,82.166,100,70.83,90,100.0,50.0,80-90
524,convert_complex_file_type.m,82.098,100,70.97,75,100.0,64.52,80-90
525,convert_dng2linear.m,83.072,100,76.06,90,100.0,49.3,80-90
526,Convert_Emotiv.m,81.374,100,78.12,60,100.0,68.75,80-90
527,convert_file.m,82.584,80,75.78,100,100.0,57.14,80-90
528,convert_markers.m,80.486,100,78.79,60,100.0,63.64,80-90
529,convert_masks_to_binary.m,84.412,100,88.24,75,100.0,58.82,80-90
530,convert_matl.m,85.27,100,83.78,75,100.0,67.57,80-90
531,convert_N3D_FuMa.m,82.682,100,85.11,90,100.0,38.3,80-90
532,convert_output_to_struct.m,88.204,100,83.67,90,100.0,67.35,80-90
533,convert_pde_data.m,80.816,100,61.22,100,100.0,42.86,80-90
534,convert_pde_data_3d.m,82.608,100,63.04,100,100.0,50.0,80-90
535,convert_scores.m,80.332,60,83.33,75,100.0,83.33,80-90
536,convert_segmentationstyle.m,82.762,100,66.67,90,100.0,57.14,80-90
537,convert_to_cphd.m,82.232,80,72.77,100,100.0,58.39,80-90
538,convert_to_cphd30.m,82.892,80,78.46,100,100.0,56.0,80-90
539,convert_to_dtype.m,81.414,100,73.17,90,100.0,43.9,80-90
540,convert_to_I.m,82.858,100,65.31,100,100.0,48.98,80-90
541,convert_to_pot.m,87.408,100,81.48,100,100.0,55.56,80-90
542,convert_to_rcnn.m,85.614,100,71.93,100,100.0,56.14,80-90
543,convexhullConcave.m,84.274,100,80.39,90,100.0,50.98,80-90
544,convexhullConvex.m,84.8,100,82.0,90,100.0,52.0,80-90
545,convexnmfrule.m,84.018,100,86.27,75,100.0,58.82,80-90
546,convex_poly_coeffs.m,82.706,100,67.65,90,100.0,55.88,80-90
547,convFft.m,84.44,80,81.82,100,100.0,60.38,80-90
548,convnet_classify.m,83.552,80,64.76,100,100.0,73.0,80-90
549,ConvTranspose.m,81.412,100,67.06,100,100.0,40.0,80-90
550,conv_fft2.m,80.548,100,60.27,100,100.0,42.47,80-90
551,CooperativeOperator.m,85.454,100,81.82,75,100.0,70.45,80-90
552,CoordinateConvergence.m,84.444,100,71.6,100,100.0,50.62,80-90
553,Coordination_ETC.m,80.0,100,84.38,75,100.0,40.62,80-90
554,coords2Indices.m,82.096,100,74.19,75,100.0,61.29,80-90
555,coords2Montage.m,83.332,100,72.22,100,100.0,44.44,80-90
556,COPAR_pred.m,81.0,100,66.67,90,100.0,48.33,80-90
557,COPAR_top.m,83.874,100,90.62,60,100.0,68.75,80-90
558,COPAR_updateD.m,86.112,100,88.89,75,100.0,66.67,80-90
559,COPAR_updateX.m,84.5,100,87.5,75,100.0,60.0,80-90
560,COPAR_updateX2.m,86.75,100,85.42,90,100.0,58.33,80-90
561,COPAR_updateXc.m,86.75,100,85.0,90,100.0,58.75,80-90
562,COPAR_updateXc2.m,85.436,100,76.09,100,100.0,51.09,80-90
563,COPAR_wrapper.m,85.0,100,90.0,75,100.0,60.0,80-90
564,CoPeakGen.m,85.416,100,70.83,100,100.0,56.25,80-90
565,CopeakLoss.m,85.556,100,72.22,100,100.0,55.56,80-90
566,copterLoadParams.m,80.916,100,58.33,90,100.0,56.25,80-90
567,copyaxis.m,81.334,100,91.11,60,100.0,55.56,80-90
568,copyCERRStructure.m,82.098,100,70.97,75,100.0,64.52,80-90
569,copyfig.m,81.286,60,82.14,100,100.0,64.29,80-90
570,CopyHandles.m,83.334,100,63.89,100,100.0,52.78,80-90
571,copyOrigTseries.m,82.546,100,65.91,90,100.0,56.82,80-90
572,copyOrLinkFilesBasedOnSizeThreshold.m,80.0,60,85.0,75,100.0,80.0,80-90
573,copyScan.m,83.126,100,79.69,75,100.0,60.94,80-90
574,copyStrToScan.m,81.0,100,74.29,75,100.0,55.71,80-90
575,copyStrToScan_meshBased.m,81.596,80,65.85,100,100.0,62.13,80-90
576,copyStrToScan_noMesh.m,82.222,100,62.63,100,100.0,48.48,80-90
577,copyStructsFromFilesToPlanC.m,85.308,100,73.08,90,100.0,63.46,80-90
578,copyToComps.m,81.53,100,72.06,90,100.0,45.59,80-90
579,copy_ctf_files.m,82.462,100,63.08,100,100.0,49.23,80-90
580,Copy_of_virtualTeachPendant_main.m,81.648,60,94.12,60,100.0,94.12,80-90
581,cora2spaceex.m,81.528,100,58.82,90,100.0,58.82,80-90
582,CORAcolor.m,86.42,100,82.72,100,100.0,49.38,80-90
583,coranaFeval.m,80.472,60,94.12,60,100.0,88.24,80-90
584,CORAwarning.m,83.118,100,74.03,100,100.0,41.56,80-90
585,coregister_to.m,83.0,100,67.0,100,100.0,48.0,80-90
586,corenums.m,80.946,100,72.97,75,100.0,56.76,80-90
587,core_MAMR.m,84.478,100,71.64,100,100.0,50.75,80-90
588,core_periphery_dir.m,85.234,100,78.72,90,100.0,57.45,80-90
589,core_RMAMR.m,86.196,100,77.46,100,100.0,53.52,80-90
590,CornerDb.m,83.656,100,70.97,100,100.0,47.31,80-90
591,corner_subpixels_demo_gui.m,84.416,100,70.13,100,100.0,51.95,80-90
592,corrclusth.m,81.93,80,75.0,100,100.0,54.65,80-90
593,corrcoef_cell.m,80.372,100,76.27,90,100.0,35.59,80-90
594,corrcubic.m,82.91,60,81.82,100,100.0,72.73,80-90
595,corrdim.m,82.878,100,73.17,90,100.0,51.22,80-90
596,correct.m,83.332,100,62.96,100,100.0,53.7,80-90
597,correctfit.m,87.728,100,79.55,100,100.0,59.09,80-90
598,correctIncorrect.m,83.486,100,78.79,75,100.0,63.64,80-90
599,correctPatientNames_HN.m,80.424,100,74.58,75,100.0,52.54,80-90
600,correctToClassSpecificBbs.m,82.084,100,66.67,100,100.0,43.75,80-90
601,correct_bidirectional_offset.m,81.734,100,74.67,90,100.0,44.0,80-90
602,correct_w.m,85.79,100,78.95,100,100.0,50.0,80-90
603,correlate.m,82.784,100,65.22,90,100.0,58.7,80-90
604,CorrelationAnalysis.m,82.5,100,77.5,75,100.0,60.0,80-90
605,correlation_image.m,82.528,100,69.81,90,100.0,52.83,80-90
606,correlation_image_endoscope.m,84.932,100,75.34,100,100.0,49.32,80-90
607,correlation_pnr_parallel.m,82.058,80,71.29,90,100.0,69.0,80-90
608,correlmx.m,81.0,100,75.0,75,100.0,55.0,80-90
609,correlogram.m,83.448,100,74.71,100,100.0,42.53,80-90
610,CorrFilter.m,81.586,100,61.9,100,100.0,46.03,80-90
611,corrFingerGeneration.m,81.032,100,71.43,75,100.0,58.73,80-90
612,corrgram.m,82.616,80,64.08,100,100.0,69.0,80-90
613,corrint.m,85.184,80,76.92,100,100.0,69.0,80-90
614,corrspherical.m,82.0,60,81.82,100,100.0,68.18,80-90
615,corrspline.m,87.318,100,78.05,100,100.0,58.54,80-90
616,CorrTable.m,80.0,100,69.44,75,100.0,55.56,80-90
617,corr_filter.m,84.374,100,81.25,75,100.0,65.62,80-90
618,cortParc_env.m,81.046,80,76.11,90,100.0,59.12,80-90
619,cos.m,80.172,80,60.68,100,100.0,60.18,80-90
620,cosh.m,80.0,60,75.0,90,100.0,75.0,80-90
621,cosineSimilarity.m,82.952,100,62.3,100,100.0,52.46,80-90
622,cosineSimilarity_invProbSample.m,80.442,80,70.71,100,100.0,51.5,80-90
623,cosineSimilarity_randSample.m,81.326,80,71.32,100,100.0,55.31,80-90
624,CostFunctionFactory.m,80.436,60,82.61,90,100.0,69.57,80-90
625,CostFunctionGWO.m,83.714,100,76.19,90,100.0,52.38,80-90
626,costgradcompute.m,84.898,100,67.35,100,100.0,57.14,80-90
627,costIoU.m,85.476,100,90.48,75,100.0,61.9,80-90
628,costm.m,82.0,100,61.67,100,100.0,48.33,80-90
629,costSensitiveloss.m,81.858,100,71.43,75,100.0,62.86,80-90
630,Cost_STCR.m,82.0,100,70.0,90,100.0,50.0,80-90
631,cost_table.m,81.25,100,60.0,100,100.0,46.25,80-90
632,cost_table_utils.m,81.082,80,70.91,100,100.0,54.5,80-90
633,cotes_xw.m,81.102,100,77.97,75,100.0,52.54,80-90
634,coth.m,80.966,60,75.86,100,100.0,68.97,80-90
635,cotmatrix.m,88.75,100,81.25,100,100.0,62.5,80-90
636,CouetteFlow.m,83.0,100,71.67,90,100.0,53.33,80-90
637,countall3graphlets.m,84.252,100,71.88,90,100.0,59.38,80-90
638,countcode.m,81.41,100,66.2,100,100.0,40.85,80-90
639,countDirs.m,80.238,100,71.43,75,100.0,54.76,80-90
640,CountEfiles.m,83.91,100,72.73,90,100.0,56.82,80-90
641,count_10_cycles.m,82.776,100,94.44,75,100.0,44.44,80-90
642,count_8_cycles.m,80.334,60,88.89,75,100.0,77.78,80-90
643,count_discarded_data.m,82.568,100,78.38,75,100.0,59.46,80-90
644,couplingcoeff.m,80.806,100,67.74,75,100.0,61.29,80-90
645,couplingtable.m,85.098,100,68.63,100,100.0,56.86,80-90
646,coupreleasecontour.m,84.918,100,78.69,100,100.0,45.9,80-90
647,covADD.m,81.64,100,75.41,100,100.0,32.79,80-90
648,COVAREP_feature_extraction.m,82.732,80,76.55,100,100.0,57.11,80-90
649,COVAREP_feature_formant_extraction.m,80.378,100,54.72,100,100.0,47.17,80-90
650,COVAREP_feature_formant_extraction_perfile.m,80.28,80,75.68,100,100.0,45.72,80-90
651,COVAREP_formant_extraction.m,80.0,100,55.56,100,100.0,44.44,80-90
652,covariances.m,80.0,100,57.89,100,100.0,42.11,80-90
653,covariance_scatter_matrix.m,83.81,100,76.19,100,100.0,42.86,80-90
654,covboot.m,84.166,100,68.75,100,100.0,52.08,80-90
655,covCos.m,84.47,100,76.47,90,100.0,55.88,80-90
656,covdata.m,81.666,100,68.75,100,100.0,39.58,80-90
657,covDiscrete.m,80.354,100,70.59,90,100.0,41.18,80-90
658,covEllipsoid.m,82.5,100,63.89,100,100.0,48.61,80-90
659,covGaborard.m,80.816,100,67.35,100,100.0,36.73,80-90
660,covGaboriso.m,81.43,100,69.05,100,100.0,38.1,80-90
661,covGrid.m,80.544,80,72.13,100,100.0,50.59,80-90
662,covinterp.m,81.128,100,64.79,100,100.0,40.85,80-90
663,covmatadapt.m,83.97,100,74.63,90,100.0,55.22,80-90
664,covMaternard.m,84.4,100,72.0,100,100.0,50.0,80-90
665,covMaternard_fast.m,82.536,100,66.2,100,100.0,46.48,80-90
666,covMaterniso.m,85.128,100,74.36,100,100.0,51.28,80-90
667,covNNard.m,81.128,100,64.79,100,100.0,40.85,80-90
668,covPERard.m,80.388,100,71.64,90,100.0,40.3,80-90
669,covPeriodic.m,83.946,100,78.38,90,100.0,51.35,80-90
670,covPeriodicNoDC.m,80.022,100,71.91,90,100.0,38.2,80-90
671,covPERiso.m,80.962,100,72.22,90,100.0,42.59,80-90
672,covPoly.m,81.75,100,75.0,90,100.0,43.75,80-90
673,covPPard.m,85.0,100,75.0,100,100.0,50.0,80-90
674,covPPERard.m,80.168,100,72.29,90,100.0,38.55,80-90
675,covPPiso.m,86.8,100,78.0,100,100.0,56.0,80-90
676,covProd.m,82.0,100,72.5,100,100.0,37.5,80-90
677,covRQard.m,82.546,100,72.73,90,100.0,50.0,80-90
678,covRQard_fast.m,83.384,100,66.15,100,100.0,50.77,80-90
679,covRQiso.m,82.57,100,77.14,90,100.0,45.71,80-90
680,covSEard_fast.m,80.364,100,63.64,100,100.0,38.18,80-90
681,covSEfact.m,80.832,100,77.08,75,100.0,52.08,80-90
682,covSEiso.m,81.87,100,74.19,90,100.0,45.16,80-90
683,covSEvlen.m,85.284,100,77.36,100,100.0,49.06,80-90
684,covSM.m,83.266,100,77.55,100,100.0,38.78,80-90
685,covSum.m,82.856,100,77.14,100,100.0,37.14,80-90
686,cov_deriv_sq_dist.m,80.966,60,86.21,100,100.0,58.62,80-90
687,CO_TranslateShape.m,81.976,100,69.14,100,100.0,40.74,80-90
688,CO_TSTL_amutual.m,82.784,100,65.82,100,100.0,48.1,80-90
689,cp4s4f.m,82.962,100,76.54,100,100.0,38.27,80-90
690,cpca.m,82.248,100,70.79,100,100.0,40.45,80-90
691,cpcr.m,85.0,100,79.17,100,100.0,45.83,80-90
692,cpd3_sd.m,81.636,100,75.0,90,100.0,43.18,80-90
693,cpd3_sgsd.m,84.676,80,72.38,100,100.0,71.0,80-90
694,cpdag_to_dag.m,83.128,100,66.67,90,100.0,58.97,80-90
695,cpd_aels.m,84.512,100,72.09,90,100.0,60.47,80-90
696,cpd_eps.m,80.75,80,68.89,100,100.0,54.86,80-90
697,cpd_minf.m,83.542,100,68.75,100,100.0,48.96,80-90
698,cpd_rnd.m,85.18,100,79.49,90,100.0,56.41,80-90
699,CPD_to_scgpot.m,80.694,100,80.43,60,100.0,63.04,80-90
700,CPF.m,84.442,100,81.36,90,100.0,50.85,80-90
701,cpf_default_callback.m,81.58,80,73.79,100,100.0,54.11,80-90
702,cpf_plim_event_cb.m,80.168,100,75.28,75,100.0,50.56,80-90
703,cpf_p_jac.m,80.714,60,85.71,90,100.0,67.86,80-90
704,cpf_register_callback.m,82.88,100,75.76,75,100.0,63.64,80-90
705,cpf_target_lam_event_cb.m,83.286,100,65.75,100,100.0,50.68,80-90
706,cplex2yalmip.m,83.768,100,75.36,100,100.0,43.48,80-90
707,cplexStatus.m,81.416,80,82.58,100,100.0,44.5,80-90
708,cplex_options.m,82.21,100,68.42,90,100.0,52.63,80-90
709,cplot.m,82.188,100,73.44,100,100.0,37.5,80-90
710,CpOfdmModulator.m,81.906,100,67.86,100,100.0,41.67,80-90
711,cpower.m,83.478,100,72.46,100,100.0,44.93,80-90
712,cpp.m,82.168,100,68.67,100,100.0,42.17,80-90
713,cpr_opll_2pols.m,80.672,100,76.12,75,100.0,52.24,80-90
714,cpu.m,81.772,100,67.09,100,100.0,41.77,80-90
715,cpuusage_paralelchange.m,80.846,100,82.69,60,100.0,61.54,80-90
716,cpuusage_tasknumchange.m,81.132,100,86.96,60,100.0,58.7,80-90
717,cpy_amwlcmfunc.m,85.968,100,87.1,75,100.0,67.74,80-90
718,cpy_lr.m,84.5,100,87.5,75,100.0,60.0,80-90
719,cp_allan_var_v000.m,83.532,100,74.47,90,100.0,53.19,80-90
720,cp_atan.m,83.364,60,90.91,75,100.0,90.91,80-90
721,cp_descriptor.m,86.262,100,85.86,100,100.0,45.45,80-90
722,cp_getAffine.m,80.75,60,87.5,75,100.0,81.25,80-90
723,cp_graymosaic.m,85.0,100,84.38,75,100.0,65.62,80-90
724,cp_Main.m,83.8,100,98.0,45,100.0,76.0,80-90
725,cp_mismatchRemoval.m,81.572,100,80.0,75,100.0,52.86,80-90
726,CP_ML_StepDetect.m,80.844,100,62.11,100,100.0,42.11,80-90
727,cp_opt.m,82.9,100,66.67,100,100.0,47.83,80-90
728,cp_sensorio_v000.m,81.856,100,77.14,75,100.0,57.14,80-90
729,cp_showMatch.m,82.666,60,90.0,90,100.0,73.33,80-90
730,cp_SSgain_v000.m,80.232,80,73.23,100,100.0,47.93,80-90
731,cqcc.m,86.442,100,77.97,100,100.0,54.24,80-90
732,crack.m,85.638,100,88.64,60,100.0,79.55,80-90
733,crackFVM.m,87.818,100,85.45,90,100.0,63.64,80-90
734,crackFVMP2.m,85.462,100,83.58,90,100.0,53.73,80-90
735,crack_performance.m,86.176,100,77.94,100,100.0,52.94,80-90
736,crack_withcoarsen.m,81.77,100,80.0,75,100.0,53.85,80-90
737,CrankNicolsonFD_BlackScholes_func.m,82.028,100,75.68,75,100.0,59.46,80-90
738,crb_uc_sto_1d.m,84.942,100,94.12,60,100.0,70.59,80-90
739,crb_uc_sto_pos_err.m,81.182,100,81.82,75,100.0,49.09,80-90
740,Crc24Coder.m,84.374,100,68.75,100,100.0,53.12,80-90
741,createAgreementContour.m,81.0,60,100.0,45,100.0,100.0,80-90
742,createAtlas.m,83.298,100,70.1,100,100.0,46.39,80-90
743,createBasisTransform.m,82.0,100,77.14,90,100.0,42.86,80-90
744,createCellMasks.m,84.488,100,75.68,90,100.0,56.76,80-90
745,createCenterSurroundMasks2.m,80.58,100,66.13,90,100.0,46.77,80-90
746,CreateClusteringData.m,81.19,80,73.64,100,100.0,52.31,80-90
747,CreateCollocationTopics.m,82.0,100,76.92,90,100.0,43.08,80-90
748,createCroppedimage.m,83.818,100,78.18,90,100.0,50.91,80-90
749,CreateDataAppTest.m,80.628,100,88.24,60,100.0,54.9,80-90
750,createdatafile.m,80.524,80,74.06,100,100.0,48.56,80-90
751,createdatamatc.m,82.0,60,100.0,75,100.0,75.0,80-90
752,createdatamatpt.m,81.43,60,90.48,90,100.0,66.67,80-90
753,createDataTipROE.m,81.154,100,69.23,75,100.0,61.54,80-90
754,createDebugModel.m,82.164,80,75.41,90,100.0,65.41,80-90
755,CreateDefaultAtlasParm.m,86.052,100,86.84,75,100.0,68.42,80-90
756,createDifferenceStructure.m,81.842,100,71.05,75,100.0,63.16,80-90
757,createDummyScan.m,82.828,100,68.69,100,100.0,45.45,80-90
758,CreateDvbInterleaver.m,83.158,100,73.68,100,100.0,42.11,80-90
759,createDynamoLinks.m,86.8,100,72.0,100,100.0,62.0,80-90
760,createEdge.m,85.406,100,70.27,100,100.0,56.76,80-90
761,createEdge3d.m,84.706,100,67.65,100,100.0,55.88,80-90
762,CreateEditRow.m,84.092,100,81.82,75,100.0,63.64,80-90
763,createEllipse.m,82.85,100,69.7,90,100.0,54.55,80-90
764,CreateEmptyAtlas.m,80.384,100,89.74,75,100.0,37.18,80-90
765,CreateEmptyExvivoAtlas.m,83.57,100,80.95,75,100.0,61.9,80-90
766,createEmptyFields.m,82.154,100,66.15,100,100.0,44.62,80-90
767,createExpandedStructure.m,84.484,100,65.52,100,100.0,56.9,80-90
768,createFCP.m,80.0,100,66.67,90,100.0,43.33,80-90
769,createFigHandleWithNumber.m,84.13,100,89.13,75,100.0,56.52,80-90
770,createFilteredScanForDLS.m,80.578,100,86.84,45,100.0,71.05,80-90
771,createFiringTimeSets.m,88.5,100,80.0,100,100.0,62.5,80-90
772,CreateFocusSpectrogram.m,81.666,100,74.07,75,100.0,59.26,80-90
773,createForestPlot.m,85.0,100,69.12,100,100.0,55.88,80-90
774,createFullDataDependencyGraph.m,86.808,100,70.21,100,100.0,63.83,80-90
775,createGabor.m,82.09,100,70.45,90,100.0,50.0,80-90
776,creategraph.m,81.668,100,78.79,75,100.0,54.55,80-90
777,createGridFromCovMat.m,85.2,100,68.0,100,100.0,58.0,80-90
778,createGroupIncidenceMatrix.m,83.0,100,68.75,100,100.0,46.25,80-90
779,createGroupIncidenceMatrix_jankowski.m,80.5,100,58.33,90,100.0,54.17,80-90
780,createIntersectionStructure.m,81.828,100,70.73,75,100.0,63.41,80-90
781,createLine.m,82.942,100,67.65,100,100.0,47.06,80-90
782,createMainBlocksGraph.m,86.452,100,70.97,100,100.0,61.29,80-90
783,createmask.m,81.666,60,87.5,90,100.0,70.83,80-90
784,createMedian.m,80.162,100,77.42,75,100.0,48.39,80-90
785,createMesh2D.m,80.8,100,90.0,60,100.0,54.0,80-90
786,createMeshCylindrical2D.m,80.8,100,90.0,60,100.0,54.0,80-90
787,createMeshSpherical3D.m,83.234,100,82.35,75,100.0,58.82,80-90
788,createMhaMask.m,80.362,100,56.36,100,100.0,45.45,80-90
789,createMhaScansFromCERR.m,83.242,100,62.16,100,100.0,54.05,80-90
790,createModelNewCompartment.m,81.53,100,67.65,90,100.0,50.0,80-90
791,createMultiStageHFs.m,83.642,100,74.36,90,100.0,53.85,80-90
792,createMultiStageHFsCGEOR.m,83.0,100,72.22,90,100.0,52.78,80-90
793,createNeuropilMasks.m,82.222,100,59.26,100,100.0,51.85,80-90
794,createNeuropilMasksMD.m,83.264,100,65.79,90,100.0,60.53,80-90
795,createNewCERRAxes.m,83.714,100,72.73,90,100.0,55.84,80-90
796,createNewMetaboliteStructure.m,82.092,100,69.32,90,100.0,51.14,80-90
797,createNewMetEntryFromArray.m,82.118,100,66.18,90,100.0,54.41,80-90
798,createNifti.m,84.75,100,76.25,90,100.0,57.5,80-90
799,CreateNNStruct.m,83.638,100,63.64,100,100.0,54.55,80-90
800,createObjPatch.m,81.23,60,76.92,100,100.0,69.23,80-90
801,CreateOff.m,81.316,100,78.95,75,100.0,52.63,80-90
802,createParameterStruct.m,82.116,80,65.14,100,100.0,65.44,80-90
803,CreateParamSet.m,80.412,100,60.82,100,100.0,41.24,80-90
804,createPCimage.m,80.888,100,71.11,90,100.0,43.33,80-90
805,createPlane.m,80.606,100,62.12,100,100.0,40.91,80-90
806,createPlotGroup.m,88.234,100,79.41,100,100.0,61.76,80-90
807,createPolyhedronFromConstraints.m,80.0,60,75.0,90,100.0,75.0,80-90
808,createRBioNetDBFromVMHDB.m,86.262,100,76.09,90,100.0,65.22,80-90
809,createReadmeAnnotation.m,82.23,100,71.15,90,100.0,50.0,80-90
810,createReadmeParams.m,83.526,100,73.68,90,100.0,53.95,80-90
811,createRobots.m,82.95,100,68.85,100,100.0,45.9,80-90
812,createRotation90.m,84.444,100,73.33,100,100.0,48.89,80-90
813,createSatWorldPlot.m,81.154,100,76.92,75,100.0,53.85,80-90
814,createScaling3d.m,82.608,100,78.26,100,100.0,34.78,80-90
815,createSCP.m,81.256,100,67.44,90,100.0,48.84,80-90
816,createsdplibfile.m,83.53,100,66.67,100,100.0,50.98,80-90
817,createSensors.m,80.244,100,62.2,100,100.0,39.02,80-90
818,CreateSmallScaleFading.m,80.714,100,68.57,75,100.0,60.0,80-90
819,CreateSpectrogram.m,83.714,100,71.43,90,100.0,57.14,80-90
820,createStellatedMesh.m,85.5,100,70.0,100,100.0,57.5,80-90
821,createStructFromBusObj.m,81.284,60,85.71,75,100.0,85.71,80-90
822,createSummationMatrix.m,80.328,100,59.02,100,100.0,42.62,80-90
823,createSymbolicLink.m,82.222,60,83.33,90,100.0,77.78,80-90
824,createSymbolicLinkInStandardFolder.m,87.302,100,88.37,90,100.0,58.14,80-90
825,createTcpIpClient.m,85.096,100,74.19,90,100.0,61.29,80-90
826,createTopographyMatrix.m,82.962,100,70.37,100,100.0,44.44,80-90
827,createUID.m,80.572,100,95.24,60,100.0,47.62,80-90
828,createUnionStructure.m,82.566,100,72.97,75,100.0,64.86,80-90
829,createVulcanoPlot.m,80.778,100,70.83,90,100.0,43.06,80-90
830,createwdata.m,84.304,100,79.75,100,100.0,41.77,80-90
831,CreateWimaxInterleaver.m,83.956,100,83.52,100,100.0,36.26,80-90
832,CreateWindowRRintervals.m,82.118,100,65.88,100,100.0,44.71,80-90
833,create_2d_bicubic_interp_matrix.m,80.652,100,82.61,75,100.0,45.65,80-90
834,create_2d_image_upsample_matrix.m,81.118,60,88.24,75,100.0,82.35,80-90
835,create_adjacency_graph.m,84.666,100,83.33,90,100.0,50.0,80-90
836,create_cfg_cfg_basicio.m,83.204,100,82.05,75,100.0,58.97,80-90
837,create_curls.m,84.286,100,80.0,90,100.0,51.43,80-90
838,create_Ds.m,81.64,100,59.02,100,100.0,49.18,80-90
839,create_experiment.m,83.422,100,76.32,75,100.0,65.79,80-90
840,create_figure.m,84.978,100,81.4,90,100.0,53.49,80-90
841,create_frame_bytes.m,81.28,80,81.07,90,100.0,55.33,80-90
842,create_greenspan_settings.m,83.334,100,70.37,100,100.0,46.3,80-90
843,create_guess.m,81.304,100,66.3,100,100.0,40.22,80-90
844,create_iso_pyramid.m,81.58,100,65.79,100,100.0,42.11,80-90
845,create_loc_cc_fftn_cache.m,80.744,100,80.85,75,100.0,47.87,80-90
846,create_lp_solve_model.m,83.83,100,74.47,100,100.0,44.68,80-90
847,create_lp_solve_native_model.m,83.83,100,74.47,100,100.0,44.68,80-90
848,create_lrmodel.m,83.89,100,87.04,75,100.0,57.41,80-90
849,create_nullspace.m,80.634,80,71.67,90,100.0,61.5,80-90
850,create_SBM.m,82.0,100,72.5,75,100.0,62.5,80-90
851,create_sdpknapsack_cuts.m,80.89,100,80.56,60,100.0,63.89,80-90
852,create_setup_files.m,81.874,100,68.75,75,100.0,65.62,80-90
853,Create_tpamap_Datadict.m,81.83,100,65.96,90,100.0,53.19,80-90
854,create_training_directory.m,80.668,60,91.67,60,100.0,91.67,80-90
855,create_training_images_Callback.m,81.814,80,74.5,100,100.0,54.57,80-90
856,create_tsne_Callback.m,81.524,80,72.83,100,100.0,54.79,80-90
857,Create_Video.m,80.638,100,71.43,90,100.0,41.76,80-90
858,crescentfullmoon.m,81.45,100,74.19,75,100.0,58.06,80-90
859,crf2Train.m,84.4,100,72.0,90,100.0,60.0,80-90
860,critic.m,85.09,100,65.45,100,100.0,60.0,80-90
861,cropbyval.m,84.616,100,75.0,100,100.0,48.08,80-90
862,cropCurSlice.m,80.234,100,62.35,100,100.0,38.82,80-90
863,cropDose.m,82.686,100,78.12,90,100.0,45.31,80-90
864,CropInplanes.m,82.382,100,67.86,100,100.0,44.05,80-90
865,CropMargin.m,82.642,100,64.15,100,100.0,49.06,80-90
866,CroppedImageFlow.m,81.04,80,71.62,100,100.0,53.58,80-90
867,cropScan.m,83.174,80,71.7,100,100.0,64.17,80-90
868,CropVol.m,83.572,100,80.0,75,100.0,62.86,80-90
869,crop_images.m,86.546,100,74.55,100,100.0,58.18,80-90
870,cross2.m,83.0,60,90.0,100,100.0,65.0,80-90
871,crossCompChargeDiff.m,85.0,100,69.44,100,100.0,55.56,80-90
872,crossDatasetTrainTest.m,81.654,100,87.93,60,100.0,60.34,80-90
873,CrossEntropyNode.m,84.314,100,66.67,100,100.0,54.9,80-90
874,crossentropy_internal.m,84.878,100,73.17,100,100.0,51.22,80-90
875,crossfreq.m,80.832,80,78.63,100,100.0,45.53,80-90
876,crossProductPlanar.m,82.0,60,90.0,100,100.0,60.0,80-90
877,CrossSpecMatpt.m,80.254,100,63.38,90,100.0,47.89,80-90
878,crossvalidate.m,81.892,100,66.22,100,100.0,43.24,80-90
879,CrossValidateKNN.m,81.666,100,76.92,75,100.0,56.41,80-90
880,crossvalidatelssvm.m,84.416,100,74.03,100,100.0,48.05,80-90
881,CrossValidatePairs.m,82.118,100,67.65,90,100.0,52.94,80-90
882,crossValidation.m,82.168,100,73.96,90,100.0,46.88,80-90
883,CrossValidationTest_obj.m,80.216,100,71.01,75,100.0,55.07,80-90
884,CrossValidationTest_obj2.m,81.364,100,72.73,75,100.0,59.09,80-90
885,CrossValidationTest_tree4.m,82.188,100,73.44,75,100.0,62.5,80-90
886,CrossWeightAverage.m,82.0,100,70.0,90,100.0,50.0,80-90
887,cross_corr.m,81.5,100,67.5,90,100.0,50.0,80-90
888,cross_entropy.m,85.182,60,100.0,75,100.0,90.91,80-90
889,crouzeix_raviart_cotmatrix.m,82.254,100,78.72,90,100.0,42.55,80-90
890,crowding_pick.m,87.692,100,79.49,100,100.0,58.97,80-90
891,crowd_distance.m,80.108,100,68.09,75,100.0,57.45,80-90
892,crtbp.m,86.57,100,77.14,90,100.0,65.71,80-90
893,crust.m,80.0,100,82.22,60,100.0,57.78,80-90
894,CS4300_choose_closest.m,82.878,100,73.17,90,100.0,51.22,80-90
895,CS4300_Wumpus_BFS.m,88.456,100,88.64,90,100.0,63.64,80-90
896,CS4300_Wumpus_DFS.m,88.91,100,88.64,90,100.0,65.91,80-90
897,CS4300_Wumpus_transition.m,84.666,100,85.71,90,100.0,47.62,80-90
898,CS4300_WW1.m,85.058,100,84.31,90,100.0,50.98,80-90
899,csch.m,80.966,60,75.86,100,100.0,68.97,80-90
900,csd_amp.m,84.478,100,76.12,100,100.0,46.27,80-90
901,csd_phase.m,83.824,100,75.0,100,100.0,44.12,80-90
902,CSEA.m,84.908,100,78.18,90,100.0,56.36,80-90
903,csf_predict.m,85.944,80,78.22,100,100.0,71.5,80-90
904,csf_train.m,81.572,100,70.24,90,100.0,47.62,80-90
905,csibatch.m,82.06,100,70.59,75,100.0,64.71,80-90
906,csifile.m,87.948,100,82.05,100,100.0,57.69,80-90
907,CSILegend_Fast.m,86.282,100,79.49,75,100.0,76.92,80-90
908,CSILegend_Slow.m,85.556,100,79.17,100,100.0,48.61,80-90
909,csimem.m,82.706,100,72.06,90,100.0,51.47,80-90
910,csiVariation.m,88.182,100,77.27,100,100.0,63.64,80-90
911,CSM_app_start.m,80.0,100,80.0,60,100.0,60.0,80-90
912,cspace3.m,82.706,100,68.63,90,100.0,54.9,80-90
913,CSPGbulkRectAndMap.m,85.192,80,81.25,100,100.0,64.71,80-90
914,CSPGcropShorelinePoints.m,83.446,100,75.56,75,100.0,66.67,80-90
915,CSPGdeleteShoreline.m,84.546,60,90.91,90,100.0,81.82,80-90
916,CSPgetParticipationStatistics.m,83.512,100,85.11,75,100.0,57.45,80-90
917,CSPGloadExistingGeometry.m,84.198,100,74.65,90,100.0,56.34,80-90
918,CSPGloadImage.m,83.944,80,78.51,100,100.0,61.21,80-90
919,CSPGmakeBeachWidthAnimation.m,80.686,80,73.1,90,100.0,60.33,80-90
920,CSPGmakeShorelineChangePlot.m,82.398,80,70.8,100,100.0,61.19,80-90
921,CSPGmakeTransectFiles.m,89.01,100,85.71,100,100.0,59.34,80-90
922,CSPGmapShoreline.m,85.07,100,73.24,100,100.0,52.11,80-90
923,CSPGplotShorelineForecast.m,80.92,100,85.14,60,100.0,59.46,80-90
924,CSPGrectifyImage.m,84.694,80,76.47,100,100.0,67.0,80-90
925,CSPGsaveShoreline.m,89.876,100,87.5,90,100.0,71.88,80-90
926,CSpline.m,82.118,100,75.0,90,100.0,45.59,80-90
927,CSPplotParticipationStatistics.m,86.538,100,82.93,90,100.0,59.76,80-90
928,CSPprocessSharePath.m,80.926,100,77.78,75,100.0,51.85,80-90
929,CSPraw2ProcessedNoDB.m,88.588,100,79.41,90,100.0,73.53,80-90
930,CSSVC.m,80.596,100,61.19,100,100.0,41.79,80-90
931,cstructdecode.m,81.232,100,64.62,100,100.0,41.54,80-90
932,CSTR_breach.m,81.648,80,72.15,100,100.0,56.09,80-90
933,CSTR_evaluation.m,81.232,100,75.32,75,100.0,55.84,80-90
934,CSTR_staliro.m,81.024,80,74.59,100,100.0,50.53,80-90
935,CsvMeasurementReaderX (DESKTOP-AJ95VLG's conflicted copy 2019-07-15).m,81.236,100,68.04,100,100.0,38.14,80-90
936,csvread.m,81.666,100,63.33,100,100.0,45.0,80-90
937,csv_load.m,82.0,60,88.0,90,100.0,72.0,80-90
938,csw_scheme.m,80.472,60,94.12,60,100.0,88.24,80-90
939,csw_search.m,82.324,100,80.65,60,100.0,70.97,80-90
940,cs_compute.m,82.036,80,71.68,90,100.0,68.5,80-90
941,CS_Imaging_Demo_Color.m,80.108,100,78.38,60,100.0,62.16,80-90
942,ct2lg_GT.m,82.096,100,83.87,75,100.0,51.61,80-90
943,CTAEA.m,84.49,100,73.47,100,100.0,48.98,80-90
944,ctd_rmloops.m,80.068,100,70.11,90,100.0,40.23,80-90
945,ctd_rmloops2.m,80.758,100,71.26,90,100.0,42.53,80-90
946,ctf2eeglab.m,83.83,80,67.65,100,100.0,71.5,80-90
947,ctf_channel_plot.m,80.43,100,61.29,100,100.0,40.86,80-90
948,ctf_channel_select.m,82.988,100,80.46,100,100.0,34.48,80-90
949,ctf_channel_select1020.m,84.746,100,67.8,100,100.0,55.93,80-90
950,ctf_jtfa_topo.m,80.084,100,69.49,75,100.0,55.93,80-90
951,ctf_print_setup.m,84.444,100,83.33,75,100.0,63.89,80-90
952,ctf_seek.m,83.824,100,76.47,75,100.0,67.65,80-90
953,ctf_stim2dat.m,81.444,100,64.95,100,100.0,42.27,80-90
954,ctf_write_meg4.m,80.142,100,65.71,75,100.0,60.0,80-90
955,ctps_plot_gridbox.m,83.032,100,63.64,100,100.0,51.52,80-90
956,ctps_plot_grid_gen1.m,83.438,100,71.88,100,100.0,45.31,80-90
957,ctrCreate.m,83.048,100,97.56,75,100.0,42.68,80-90
958,ctrFilename.m,81.428,60,85.71,90,100.0,71.43,80-90
959,ctrGet.m,83.176,100,95.29,90,100.0,30.59,80-90
960,ctril.m,80.834,100,56.25,100,100.0,47.92,80-90
961,ctriu.m,80.418,100,54.17,100,100.0,47.92,80-90
962,ctrl5_2_3ESO.m,82.0,100,97.22,60,100.0,52.78,80-90
963,ctrl5_2_3obj.m,82.322,100,100.0,60,100.0,51.61,80-90
964,ctrl5_2_3tran.m,82.624,100,100.0,60,100.0,53.12,80-90
965,CtrlAffineSys.m,81.634,100,69.39,100,100.0,38.78,80-90
966,ctrlCbfQp.m,83.514,100,67.57,100,100.0,50.0,80-90
967,CtrlEnv_plotResults.m,82.626,100,84.38,60,100.0,68.75,80-90
968,ctrl_analysis_MAIN.m,82.654,80,75.41,100,100.0,57.86,80-90
969,ctrl_ARC.m,85.666,100,68.33,100,100.0,60.0,80-90
970,ctrl_LC.m,85.5,100,80.0,75,100.0,72.5,80-90
971,ctrPDFFile.m,86.334,100,75.0,100,100.0,56.67,80-90
972,ctrSave.m,83.8,100,78.0,75,100.0,66.0,80-90
973,ctrScript.m,82.0,100,68.0,90,100.0,52.0,80-90
974,ctrSet.m,80.476,100,96.43,75,100.0,30.95,80-90
975,CTSEA.m,88.57,100,77.14,100,100.0,65.71,80-90
976,cubehelix.m,87.646,100,83.82,100,100.0,54.41,80-90
977,cubeMaxwell.m,80.112,100,88.89,45,100.0,66.67,80-90
978,cubemesh.m,81.666,100,83.33,75,100.0,50.0,80-90
979,cubical_downsampling.m,82.318,100,78.05,75,100.0,58.54,80-90
980,cubical_partition.m,80.0,100,56.72,100,100.0,43.28,80-90
981,cubicBezierToPolyline.m,80.79,100,74.42,90,100.0,39.53,80-90
982,CubicInterpolation.m,83.666,100,70.0,100,100.0,48.33,80-90
983,cubic_disp_2d.m,83.364,60,90.91,75,100.0,90.91,80-90
984,cubic_disp_3d.m,83.364,60,90.91,75,100.0,90.91,80-90
985,cubic_partial_conv_2d.m,83.364,60,90.91,75,100.0,90.91,80-90
986,cubic_partial_conv_3d.m,83.364,60,90.91,75,100.0,90.91,80-90
987,cubic_simplify.m,81.534,80,79.17,90,100.0,58.5,80-90
988,cubic_winding_number.m,82.142,100,73.21,100,100.0,37.5,80-90
989,cubochoricPlot.m,80.512,100,51.28,100,100.0,51.28,80-90
990,cuboid_cuboid_compat.m,81.332,100,68.18,90,100.0,48.48,80-90
991,cuboid_proj.m,81.332,80,67.66,100,100.0,59.0,80-90
992,cudaica_EEG_interp_scalpmaps.m,81.298,100,75.93,75,100.0,55.56,80-90
993,cudaica_lowrank.m,88.694,100,80.43,100,100.0,63.04,80-90
994,cumbitor.m,83.668,60,91.67,75,100.0,91.67,80-90
995,cummax.m,83.396,100,66.04,100,100.0,50.94,80-90
996,cumprod.m,81.58,100,67.11,100,100.0,40.79,80-90
997,curateMetsRxnsGenes.m,80.988,80,75.18,100,100.0,49.76,80-90
998,curl.m,81.872,100,70.97,90,100.0,48.39,80-90
999,curlu3.m,81.43,60,89.29,90,100.0,67.86,80-90
1000,curOri2CanOri.m,82.77,60,80.77,100,100.0,73.08,80-90
1001,cursorLocation.m,80.54,100,62.16,100,100.0,40.54,80-90
1002,curvature_2D_diff.m,80.666,100,71.11,90,100.0,42.22,80-90
1003,curvature_analyze.m,82.254,80,84.72,100,100.0,46.55,80-90
1004,curveCentroid.m,84.874,100,68.75,90,100.0,65.62,80-90
1005,CurvedPoissonIPDGbc2D.m,81.222,100,73.33,75,100.0,57.78,80-90
1006,curve_smooth.m,87.474,100,81.58,90,100.0,65.79,80-90
1007,CustomExample.m,81.462,100,63.41,100,100.0,43.9,80-90
1008,cutandsaveasSAC.m,80.752,80,74.48,100,100.0,49.28,80-90
1009,cutLocalTrajectoryFromLTPL.m,80.168,100,80.9,75,100.0,44.94,80-90
1010,cutLocalTrajectoryFromRaceline.m,85.43,100,82.86,90,100.0,54.29,80-90
1011,CutMeshFactory.m,80.0,100,61.7,100,100.0,38.3,80-90
1012,cutPart.m,80.364,60,90.91,60,100.0,90.91,80-90
1013,CutPointsInElemComputer.m,80.246,100,68.37,90,100.0,42.86,80-90
1014,cutZstack.m,81.2,60,84.0,90,100.0,72.0,80-90
1015,CV2XMode4_Step2.m,83.0,100,68.33,90,100.0,56.67,80-90
1016,CV2XMode4_Step3.m,83.834,100,64.38,100,100.0,54.79,80-90
1017,cvcoxnet.m,81.022,100,68.6,90,100.0,46.51,80-90
1018,cvelnet.m,82.61,100,66.67,100,100.0,46.38,80-90
1019,cvErrEst.m,80.942,100,64.71,90,100.0,50.0,80-90
1020,cvExperiment.m,81.57,100,75.71,75,100.0,57.14,80-90
1021,cvfishnet.m,83.376,100,68.83,100,100.0,48.05,80-90
1022,cvglmnetMulticlass.m,88.0,100,77.78,100,100.0,62.22,80-90
1023,cvglmnetPlot.m,82.54,100,65.08,100,100.0,47.62,80-90
1024,cvlognet.m,81.032,80,76.39,100,100.0,48.77,80-90
1025,cvmrelnet.m,83.256,100,73.26,100,100.0,43.02,80-90
1026,cvmultnet.m,82.444,80,75.89,100,100.0,56.33,80-90
1027,CVode.m,80.526,60,84.21,90,100.0,68.42,80-90
1028,CVodeB.m,82.0,60,80.0,90,100.0,80.0,80-90
1029,CVodeGet.m,82.0,60,92.0,90,100.0,68.0,80-90
1030,CVodeSetFSAOptions.m,83.886,80,68.93,100,100.0,70.5,80-90
1031,cvpr2014_TVBD.m,85.968,100,83.87,75,100.0,70.97,80-90
1032,cvsetup.m,80.482,100,61.45,100,100.0,40.96,80-90
1033,cvx.m,83.774,100,71.7,100,100.0,47.17,80-90
1034,cvxprob.m,81.474,80,77.05,100,100.0,50.32,80-90
1035,cvxtuple.m,85.684,60,84.21,100,100.0,84.21,80-90
1036,cvx_bcompress.m,83.888,100,72.22,100,100.0,47.22,80-90
1037,cvx_c2r.m,83.88,100,71.64,100,100.0,47.76,80-90
1038,cvx_check_dimlist.m,87.5,100,78.12,100,100.0,59.38,80-90
1039,cvx_class.m,89.268,100,82.93,100,100.0,63.41,80-90
1040,cvx_cleanup.m,82.666,60,83.33,100,100.0,70.0,80-90
1041,cvx_create_problem.m,88.638,100,79.55,100,100.0,63.64,80-90
1042,cvx_dcp_error.m,82.422,80,74.11,100,100.0,58.0,80-90
1043,cvx_display.m,80.606,80,74.68,100,100.0,48.35,80-90
1044,cvx_dispvar.m,84.358,100,71.79,100,100.0,50.0,80-90
1045,cvx_ecos.m,80.964,80,81.37,100,100.0,43.45,80-90
1046,cvx_erase.m,86.946,100,86.84,90,100.0,57.89,80-90
1047,cvx_error.m,84.706,100,77.94,100,100.0,45.59,80-90
1048,cvx_expert.m,81.566,60,86.96,100,100.0,60.87,80-90
1049,cvx_expert_check.m,82.942,60,88.24,90,100.0,76.47,80-90
1050,cvx_fastasgn.m,82.182,60,100.0,60,100.0,90.91,80-90
1051,cvx_finish.m,80.24,80,71.43,100,100.0,49.77,80-90
1052,cvx_getexp.m,87.618,100,80.95,100,100.0,57.14,80-90
1053,cvx_get_dimension.m,85.818,100,76.36,100,100.0,52.73,80-90
1054,cvx_get_dimlist.m,84.85,100,72.73,100,100.0,51.52,80-90
1055,cvx_global.m,84.68,80,81.62,100,100.0,61.78,80-90
1056,cvx_invert_structure.m,84.864,100,70.27,100,100.0,54.05,80-90
1057,cvx_isnonzero.m,81.0,30,100.0,75,100.0,100.0,80-90
1058,cvx_isvalid.m,86.364,60,90.91,90,100.0,90.91,80-90
1059,cvx_newcnstr.m,89.756,100,82.93,100,100.0,65.85,80-90
1060,cvx_newvar.m,87.296,60,88.24,100,100.0,88.24,80-90
1061,cvx_orthog_structure.m,80.4,100,66.0,90,100.0,46.0,80-90
1062,cvx_parse.m,85.064,100,75.95,100,100.0,49.37,80-90
1063,cvx_pause.m,82.77,60,84.62,100,100.0,69.23,80-90
1064,cvx_power_warning.m,85.0,100,65.62,100,100.0,59.38,80-90
1065,cvx_precision.m,84.75,100,72.5,100,100.0,51.25,80-90
1066,cvx_profile.m,88.822,100,82.35,100,100.0,61.76,80-90
1067,cvx_push.m,83.242,80,79.82,100,100.0,56.39,80-90
1068,cvx_pushdual.m,89.144,100,82.86,100,100.0,62.86,80-90
1069,cvx_pushexp.m,84.174,60,86.96,100,100.0,73.91,80-90
1070,cvx_pushnneg.m,86.546,60,90.91,100,100.0,81.82,80-90
1071,cvx_pushobj.m,83.208,100,71.6,100,100.0,44.44,80-90
1072,cvx_pushvar.m,80.34,80,71.43,100,100.0,50.27,80-90
1073,cvx_quiet.m,86.152,100,71.79,100,100.0,58.97,80-90
1074,cvx_recip.m,82.0,100,64.0,100,100.0,46.0,80-90
1075,cvx_reduce_size.m,84.856,100,77.14,90,100.0,57.14,80-90
1076,cvx_remap.m,84.566,100,93.48,75,100.0,54.35,80-90
1077,cvx_run_solver.m,84.656,100,72.6,100,100.0,50.68,80-90
1078,cvx_save_prefs.m,85.912,60,91.3,100,100.0,78.26,80-90
1079,cvx_scs.m,82.3,80,85.96,100,100.0,45.54,80-90
1080,cvx_setdual.m,82.346,60,86.21,100,100.0,65.52,80-90
1081,cvx_setnneg.m,83.364,60,90.91,75,100.0,90.91,80-90
1082,cvx_setnpos.m,84.142,60,100.0,75,100.0,85.71,80-90
1083,cvx_setspath.m,80.946,100,75.68,75,100.0,54.05,80-90
1084,cvx_size_check.m,80.0,60,75.0,90,100.0,75.0,80-90
1085,cvx_solver.m,82.786,100,67.09,100,100.0,46.84,80-90
1086,cvx_solve_sedumi.m,81.402,80,82.39,100,100.0,44.62,80-90
1087,cvx_sparsify.m,84.324,100,72.97,100,100.0,48.65,80-90
1088,cvx_startup.m,84.584,100,75.0,100,100.0,47.92,80-90
1089,cvx_subs2str.m,86.332,100,78.33,100,100.0,53.33,80-90
1090,cvx_s_banded.m,81.356,100,67.8,100,100.0,38.98,80-90
1091,cvx_s_sparse.m,89.22,100,85.37,90,100.0,70.73,80-90
1092,cvx_toc.m,87.894,100,81.58,100,100.0,57.89,80-90
1093,cvx_validate.m,84.284,60,85.71,90,100.0,85.71,80-90
1094,cvx_vexity.m,85.366,100,80.49,100,100.0,46.34,80-90
1095,cwaitbar.m,84.296,80,78.81,100,100.0,62.67,80-90
1096,cwmr_stdev_expert.m,84.0,100,72.5,90,100.0,57.5,80-90
1097,cwmr_var_expert.m,83.748,100,78.12,75,100.0,65.62,80-90
1098,cwr_predict.m,86.292,100,73.17,90,100.0,68.29,80-90
1099,cwt_adm.m,89.332,60,93.33,100,100.0,93.33,80-90
1100,cycle.m,80.77,60,84.62,90,100.0,69.23,80-90
1101,cycleSlip_CLdiff.m,87.856,100,82.14,100,100.0,57.14,80-90
1102,Cyclo_Plot_Wave_Construction.m,81.0,60,100.0,45,100.0,100.0,80-90
1103,cylinder_2d.m,83.516,100,81.82,60,100.0,75.76,80-90
1104,cylinder_mesh.m,84.786,100,80.36,90,100.0,53.57,80-90
1105,cylinder_tfsf_2d.m,82.81,100,81.08,60,100.0,72.97,80-90
1106,CylindricalLiftModel.m,81.25,100,68.75,90,100.0,47.5,80-90
1107,d2a1.m,82.714,60,92.86,75,100.0,85.71,80-90
1108,d2a2.m,82.386,60,92.31,75,100.0,84.62,80-90
1109,d2Imis_dV2.m,84.678,100,80.65,75,100.0,67.74,80-90
1110,D2L2R2.m,82.938,100,81.48,90,100.0,43.21,80-90
1111,D2L2R2_top.m,83.874,100,90.62,60,100.0,68.75,80-90
1112,D2L2R2_wrapper.m,85.5,100,95.0,75,100.0,57.5,80-90
1113,d2Sbus_dV2.m,82.778,100,80.56,75,100.0,58.33,80-90
1114,dac.m,81.292,100,73.42,90,100.0,43.04,80-90
1115,dace_corrcubic.m,81.168,60,79.17,100,100.0,66.67,80-90
1116,dace_correxpg.m,80.182,60,77.27,100,100.0,63.64,80-90
1117,dace_corrspherical.m,81.168,60,79.17,100,100.0,66.67,80-90
1118,dace_corrspline.m,86.976,100,76.74,100,100.0,58.14,80-90
1119,dace_evaluate.m,84.046,100,67.44,90,100.0,62.79,80-90
1120,dace_predictor.m,80.188,100,60.94,90,100.0,50.0,80-90
1121,DaeHandler.m,80.312,100,60.94,100,100.0,40.62,80-90
1122,dagStructLearnDemoCollegeCompleteData.m,83.422,100,81.58,75,100.0,60.53,80-90
1123,dag_to_jtree.m,85.5,100,75.0,90,100.0,62.5,80-90
1124,dampedUpdate.m,82.692,100,76.92,75,100.0,61.54,80-90
1125,dandelions.m,88.0,100,89.13,90,100.0,60.87,80-90
1126,Darcydata0.m,82.37,100,76.32,75,100.0,60.53,80-90
1127,Darcydata2.m,80.768,100,76.92,75,100.0,51.92,80-90
1128,Darcydata4.m,81.154,100,76.92,75,100.0,53.85,80-90
1129,Darcydata5.m,80.0,100,76.92,75,100.0,48.08,80-90
1130,dark_mode.m,82.312,100,89.06,60,100.0,62.5,80-90
1131,dartel3.m,80.77,100,59.62,100,100.0,44.23,80-90
1132,DASCMOP1.m,84.532,100,81.33,100,100.0,41.33,80-90
1133,DASCMOP2.m,84.25,100,76.25,100,100.0,45.0,80-90
1134,DASCMOP3.m,85.262,100,80.26,100,100.0,46.05,80-90
1135,DASCMOP4.m,84.936,100,81.82,100,100.0,42.86,80-90
1136,DASCMOP5.m,84.338,100,77.11,100,100.0,44.58,80-90
1137,DASCMOP6.m,85.642,100,80.77,100,100.0,47.44,80-90
1138,DASCMOP7.m,84.936,100,81.82,100,100.0,42.86,80-90
1139,DASCMOP8.m,84.616,100,82.05,100,100.0,41.03,80-90
1140,DASCMOP9.m,84.358,100,82.05,100,100.0,39.74,80-90
1141,dat2cov.m,82.32,100,63.77,100,100.0,47.83,80-90
1142,dat2midind.m,80.908,100,59.09,100,100.0,45.45,80-90
1143,dat2tc.m,81.35,100,63.51,100,100.0,43.24,80-90
1144,data2im.m,80.0,100,57.75,100,100.0,42.25,80-90
1145,Database.m,86.452,100,80.65,100,100.0,51.61,80-90
1146,DataBaseClass.m,80.0,100,67.5,75,100.0,57.5,80-90
1147,database_editResults.m,80.416,80,68.6,100,100.0,53.48,80-90
1148,database_root_dir.m,83.668,60,91.67,75,100.0,91.67,80-90
1149,databin.m,84.0,60,100.0,60,100.0,100.0,80-90
1150,databin_slop.m,85.2,100,78.0,90,100.0,58.0,80-90
1151,dataDir.m,80.924,60,100.0,60,100.0,84.62,80-90
1152,datadump.m,84.316,100,76.32,90,100.0,55.26,80-90
1153,DataFile.m,82.4,100,62.0,100,100.0,50.0,80-90
1154,DataGen.m,84.256,100,68.09,100,100.0,53.19,80-90
1155,DataReader.m,82.962,100,67.9,100,100.0,46.91,80-90
1156,datasaver.m,88.148,100,81.48,100,100.0,59.26,80-90
1157,dataset_mnist_demo.m,86.036,100,86.21,75,100.0,68.97,80-90
1158,dataSize.m,88.462,60,100.0,90,100.0,92.31,80-90
1159,dataSourceBDF.m,84.446,80,83.9,100,100.0,58.33,80-90
1160,dataSourceFromFolder.m,85.714,100,79.22,100,100.0,49.35,80-90
1161,dataSourceSET.m,86.668,100,80.25,100,100.0,53.09,80-90
1162,dataStream.m,81.638,100,63.93,100,100.0,44.26,80-90
1163,DataStreamBrowser.m,80.668,80,72.16,100,100.0,51.18,80-90
1164,datastruct.m,82.198,100,68.13,100,100.0,42.86,80-90
1165,datastructure.m,81.45,100,74.19,75,100.0,58.06,80-90
1166,dataTypeOverwriteCheck.m,82.222,60,83.33,90,100.0,77.78,80-90
1167,datatypes.m,80.098,100,88.24,75,100.0,37.25,80-90
1168,DATA_COVID_JHU.m,80.746,80,68.84,100,100.0,54.89,80-90
1169,DATA_COVID_UK.m,81.076,100,71.15,90,100.0,44.23,80-90
1170,data_model_opf.m,83.662,100,69.01,100,100.0,49.3,80-90
1171,data_reader.m,81.0,60,90.0,75,100.0,80.0,80-90
1172,data_selector.m,82.744,100,60.78,100,100.0,52.94,80-90
1173,DATA_WID_data.m,82.168,100,68.67,100,100.0,42.17,80-90
1174,DatesOption.m,80.128,100,76.92,75,100.0,48.72,80-90
1175,datetickzoom.m,81.38,100,69.01,90,100.0,47.89,80-90
1176,date_index.m,84.286,60,100.0,90,100.0,71.43,80-90
1177,datToNPY.m,82.77,60,80.77,100,100.0,73.08,80-90
1178,dat_wc_reader.m,82.144,100,66.67,100,100.0,44.05,80-90
1179,daubechies.m,80.024,100,83.54,90,100.0,26.58,80-90
1180,daying.m,81.43,100,67.86,100,100.0,39.29,80-90
1181,DA_2_Solution.m,84.652,100,65.12,100,100.0,58.14,80-90
1182,DBAddFigure.m,81.212,100,62.63,100,100.0,43.43,80-90
1183,DBAddVariable.m,83.214,100,66.07,100,100.0,50.0,80-90
1184,dba_anatmodel.m,84.0,60,80.0,100,100.0,80.0,80-90
1185,dba_elecmodel.m,84.592,60,81.48,100,100.0,81.48,80-90
1186,dba_get_avg_vertarea.m,80.0,80,74.48,100,100.0,45.52,80-90
1187,dba_vol_grids.m,81.556,100,80.0,90,100.0,37.78,80-90
1188,DBConnect.m,83.674,100,73.47,100,100.0,44.9,80-90
1189,DBDisplay.m,84.486,100,72.97,90,100.0,59.46,80-90
1190,dbFnCompileMatchingResults.m,80.702,100,62.16,90,100.0,51.35,80-90
1191,dbFnCoOccurencesGMM.m,81.278,100,65.57,90,100.0,50.82,80-90
1192,dbFnCoOccurencesTextons.m,80.6,100,68.0,90,100.0,45.0,80-90
1193,dbFnEvaluateMatchingHisto.m,82.304,80,69.52,90,100.0,72.0,80-90
1194,dbFnEvaluateMatchingLocalSignatures.m,81.018,100,67.92,90,100.0,47.17,80-90
1195,dbFnEvaluateMatchingNN.m,83.424,100,72.88,90,100.0,54.24,80-90
1196,dbFnEvaluateMatchingNNColorTextonThreshold.m,83.788,100,73.68,90,100.0,55.26,80-90
1197,dbFnEvaluateMatchingNNThreshold.m,83.0,100,73.33,90,100.0,51.67,80-90
1198,dbFnEvaluateMatchingNNThresholdObjectDb.m,82.616,100,72.31,90,100.0,50.77,80-90
1199,dbFnGenerateTestImages.m,80.066,80,67.54,90,100.0,62.79,80-90
1200,dbFnLoad3x3Patches.m,85.66,100,74.47,90,100.0,63.83,80-90
1201,dbFnLoadNxNPatches.m,85.408,100,75.93,90,100.0,61.11,80-90
1202,dbFnPrecomputeDistancesNN.m,83.052,80,64.76,100,100.0,70.5,80-90
1203,dbFnPrecomputeDistancesNNObjectDb.m,81.27,80,65.18,100,100.0,61.17,80-90
1204,dbFnPrecomputeDistancesTextonNN.m,85.188,100,75.0,90,100.0,60.94,80-90
1205,dbFnPrecomputeObjectHistograms.m,81.702,100,71.6,90,100.0,46.91,80-90
1206,dbFnPrecomputeSignaturesCombo.m,80.128,100,71.79,75,100.0,53.85,80-90
1207,dbFnPreloadObjectHistograms.m,82.912,100,71.93,90,100.0,52.63,80-90
1208,dbFnPreloadTextonHistograms.m,85.452,100,74.51,90,100.0,62.75,80-90
1209,dbFnRecolorFromCombination.m,80.028,80,71.79,90,100.0,58.35,80-90
1210,dbFnRecolorFromNearestNeighbor.m,86.0,100,75.0,100,100.0,55.0,80-90
1211,DBGetFigures.m,83.544,100,69.62,100,100.0,48.1,80-90
1212,DBGetValues.m,81.64,100,62.3,100,100.0,45.9,80-90
1213,DBGetVariables.m,83.05,100,66.1,100,100.0,49.15,80-90
1214,dbHolidays.m,80.942,100,69.12,90,100.0,45.59,80-90
1215,dble2str_rnd.m,81.686,100,66.32,100,100.0,42.11,80-90
1216,dbnc.m,80.136,80,63.49,100,100.0,57.19,80-90
1217,dbn_marginal_from_bel.m,80.25,60,93.75,60,100.0,87.5,80-90
1218,dbn_predict_bel.m,81.668,60,86.67,75,100.0,86.67,80-90
1219,dbn_update_bel.m,80.25,100,81.25,45,100.0,75.0,80-90
1220,dbpend_rhs.m,80.0,100,73.08,75,100.0,51.92,80-90
1221,DBRemove.m,84.706,100,70.59,100,100.0,52.94,80-90
1222,DBRemoveFigures.m,82.614,100,64.1,90,100.0,58.97,80-90
1223,DBRemoveVariables.m,81.59,100,64.1,90,100.0,53.85,80-90
1224,dbTiny.m,81.666,100,64.58,100,100.0,43.75,80-90
1225,dbtolinspline.m,84.19,100,73.81,90,100.0,57.14,80-90
1226,dbt_face_detection_demo.m,85.222,100,75.0,90,100.0,61.11,80-90
1227,db_add_condition.m,84.72,100,70.79,100,100.0,52.81,80-90
1228,db_add_subject.m,82.942,100,67.65,100,100.0,47.06,80-90
1229,db_add_surface.m,85.568,100,81.08,90,100.0,56.76,80-90
1230,db_combine_channel.m,82.0,100,68.75,90,100.0,51.25,80-90
1231,db_delete_protocol.m,85.714,100,72.86,100,100.0,55.71,80-90
1232,db_group_conditions.m,82.978,80,70.97,100,100.0,63.92,80-90
1233,db_im.m,81.808,100,59.52,90,100.0,59.52,80-90
1234,db_import.m,83.834,100,66.67,90,100.0,62.5,80-90
1235,db_index.m,82.962,100,64.81,100,100.0,50.0,80-90
1236,db_load_protocol.m,83.332,100,64.58,100,100.0,52.08,80-90
1237,db_load_studies.m,83.75,100,66.67,100,100.0,52.08,80-90
1238,db_load_subjects.m,84.942,100,67.06,100,100.0,57.65,80-90
1239,db_open.m,84.782,100,71.74,100,100.0,52.17,80-90
1240,db_reload_conditions.m,85.442,100,69.77,90,100.0,67.44,80-90
1241,db_reload_database.m,87.548,100,77.36,100,100.0,60.38,80-90
1242,db_reload_subjects.m,80.726,100,61.36,90,100.0,52.27,80-90
1243,db_save.m,86.41,100,75.64,100,100.0,56.41,80-90
1244,db_select.m,87.728,100,81.82,100,100.0,56.82,80-90
1245,db_set_channel.m,81.312,80,68.42,100,100.0,58.14,80-90
1246,db_set_clusters.m,82.338,100,69.88,90,100.0,51.81,80-90
1247,db_set_headmodel.m,83.714,100,67.86,90,100.0,60.71,80-90
1248,db_set_noisecov.m,84.136,100,73.86,90,100.0,56.82,80-90
1249,db_set_template.m,82.482,80,68.07,100,100.0,64.34,80-90
1250,db_surface_type.m,84.666,100,83.33,90,100.0,50.0,80-90
1251,DC1_DTLZ1.m,86.938,100,77.55,100,100.0,57.14,80-90
1252,DC1_DTLZ3.m,86.53,100,79.59,100,100.0,53.06,80-90
1253,dc2dc_v000.m,84.714,100,85.71,75,100.0,62.86,80-90
1254,DC2_DTLZ1.m,87.428,100,77.14,100,100.0,60.0,80-90
1255,DC2_DTLZ3.m,87.778,100,77.78,100,100.0,61.11,80-90
1256,DC3_DTLZ1.m,87.058,100,78.43,100,100.0,56.86,80-90
1257,DC3_DTLZ3.m,86.546,100,78.18,100,100.0,54.55,80-90
1258,DCA1000_Read_Data.m,80.076,100,90.38,60,100.0,50.0,80-90
1259,dcc_fit_variance.m,85.5,100,85.0,75,100.0,67.5,80-90
1260,dchwt_fn2.m,84.19,100,83.33,90,100.0,47.62,80-90
1261,DCLFDCBF.m,86.812,100,85.71,100,100.0,48.35,80-90
1262,dcm2ml_Object.m,83.332,100,61.9,100,100.0,54.76,80-90
1263,dcm2quat_v000.m,81.472,100,91.18,75,100.0,41.18,80-90
1264,dcm2rot_v000.m,80.294,100,82.35,75,100.0,44.12,80-90
1265,dcmDirGetIm.m,81.43,100,62.86,90,100.0,54.29,80-90
1266,dcmFolderAnon.m,81.112,100,57.41,100,100.0,48.15,80-90
1267,dcmGetMajorityAcquisition.m,83.73,100,71.19,100,100.0,47.46,80-90
1268,dcmGetMintLesionROI.m,84.058,100,68.12,100,100.0,52.17,80-90
1269,dcmGetSliceFromCoord.m,81.53,100,66.67,90,100.0,50.98,80-90
1270,dcmSearchDir.m,81.568,100,56.86,100,100.0,50.98,80-90
1271,dcm_anonymize.m,88.234,100,82.35,100,100.0,58.82,80-90
1272,DCM_IMU.m,82.6,80,75.19,100,100.0,57.81,80-90
1273,DCoordTurn2D.m,83.908,100,77.27,90,100.0,52.27,80-90
1274,dcopf_solver.m,82.336,80,82.18,75,100.0,74.5,80-90
1275,dcsc.m,80.154,80,69.5,100,100.0,51.27,80-90
1276,ddCRP.m,84.122,100,73.47,90,100.0,57.14,80-90
1277,DDEA_SE.m,84.13,100,84.78,75,100.0,60.87,80-90
1278,ddmat.m,81.356,100,64.41,100,100.0,42.37,80-90
1279,DDQN.m,82.236,100,74.12,90,100.0,47.06,80-90
1280,ddres_rtkins.m,80.808,80,63.37,100,100.0,60.67,80-90
1281,ddtTerm.m,80.364,60,90.91,60,100.0,90.91,80-90
1282,de2bi.m,81.29,100,61.29,100,100.0,45.16,80-90
1283,DEAGNG.m,88.42,100,80.7,100,100.0,61.4,80-90
1284,dealfalk.m,80.332,60,83.33,75,100.0,83.33,80-90
1285,deal_with_bad_data.m,80.5,100,57.5,90,100.0,55.0,80-90
1286,deblurring_kernel_estimation.m,84.5,100,80.0,75,100.0,67.5,80-90
1287,DebugBatch.m,81.5,100,58.75,100,100.0,48.75,80-90
1288,debugCleanup.m,85.574,100,68.85,100,100.0,59.02,80-90
1289,debugDemos.m,83.484,80,86.39,100,100.0,51.03,80-90
1290,decay_correct_to_injection_time.m,82.348,100,71.74,90,100.0,50.0,80-90
1291,decdemo.m,81.572,100,66.07,90,100.0,51.79,80-90
1292,decide_branch_variables.m,81.018,100,64.41,100,100.0,40.68,80-90
1293,decide_max_block_size_RBM.m,82.334,60,100.0,60,100.0,91.67,80-90
1294,decide_max_block_size_tree2.m,83.884,100,64.71,90,100.0,64.71,80-90
1295,decimate.m,80.692,100,67.31,90,100.0,46.15,80-90
1296,decimate2.m,80.362,80,63.81,100,100.0,58.0,80-90
1297,DecisionVariableAnalysis.m,82.446,100,75.93,90,100.0,46.3,80-90
1298,decLDPC_layered.m,80.0,100,61.18,100,100.0,38.82,80-90
1299,decodeLeksellData.m,81.232,100,64.62,100,100.0,41.54,80-90
1300,decodePose.m,85.306,100,71.43,100,100.0,55.1,80-90
1301,decodevarname.m,83.89,100,75.56,75,100.0,68.89,80-90
1302,decode_data.m,80.342,80,62.96,100,100.0,58.75,80-90
1303,decode_epoch.m,84.0,100,67.5,100,100.0,52.5,80-90
1304,decode_geph.m,81.478,100,71.74,90,100.0,45.65,80-90
1305,decode_navb.m,82.728,100,72.73,100,100.0,40.91,80-90
1306,decode_navb_data.m,81.62,100,64.86,100,100.0,43.24,80-90
1307,decode_obsb.m,82.188,100,68.75,100,100.0,42.19,80-90
1308,decode_rnxh.m,89.678,100,87.1,100,100.0,61.29,80-90
1309,decode_sp3h.m,88.4,100,84.0,100,100.0,58.0,80-90
1310,decomposeMoietyVectors.m,81.666,100,72.22,75,100.0,61.11,80-90
1311,DecomposePolar.m,81.448,100,74.14,90,100.0,43.1,80-90
1312,decompose_dWU.m,84.062,100,66.67,90,100.0,63.64,80-90
1313,decompress.m,83.112,60,85.19,100,100.0,70.37,80-90
1314,decompressShape.m,80.306,100,69.39,75,100.0,57.14,80-90
1315,decomp_reconst.m,81.91,100,74.55,75,100.0,60.0,80-90
1316,decomp_reconst_full.m,81.23,100,72.13,75,100.0,59.02,80-90
1317,decomp_reconst_W.m,81.0,100,71.67,75,100.0,58.33,80-90
1318,decomp_reconst_WU.m,80.312,100,70.31,75,100.0,56.25,80-90
1319,deconvlucy_uni.m,80.858,100,73.47,90,100.0,40.82,80-90
1320,deconvolution_standalone.m,81.106,80,66.67,100,100.0,58.86,80-90
1321,decorrel_v2.m,88.8,100,80.0,100,100.0,64.0,80-90
1322,DeepInstCoseg.m,81.626,80,75.31,100,100.0,52.82,80-90
1323,deepLearningExamples.m,83.0,100,69.74,90,100.0,55.26,80-90
1324,deepnetinit.m,86.818,100,72.73,100,100.0,61.36,80-90
1325,deepSparseFeatSelection.m,80.832,60,83.33,90,100.0,70.83,80-90
1326,deep_xi_test_set.m,87.23,100,80.0,90,100.0,66.15,80-90
1327,deep_xi_train_set.m,80.576,80,64.76,100,100.0,58.12,80-90
1328,defaultbackend.m,81.784,100,67.57,90,100.0,51.35,80-90
1329,defaultparamsorg.m,81.924,100,75.0,75,100.0,59.62,80-90
1330,defaultps.m,82.568,100,75.68,75,100.0,62.16,80-90
1331,default_amp_ticks.m,87.142,100,82.14,100,100.0,53.57,80-90
1332,default_amp_ticks_decode.m,84.698,100,84.85,75,100.0,63.64,80-90
1333,default_channel_groups.m,81.466,100,68.0,90,100.0,49.33,80-90
1334,default_doa_grid.m,81.51,100,58.49,100,100.0,49.06,80-90
1335,default_label2class.m,80.66,100,75.47,75,100.0,52.83,80-90
1336,default_quadprog_param.m,84.13,100,75.81,90,100.0,54.84,80-90
1337,default_stop.m,80.626,100,68.75,75,100.0,59.38,80-90
1338,default_time_ticks.m,87.5,100,87.5,90,100.0,60.0,80-90
1339,default_time_ticks_decode.m,84.046,100,76.74,90,100.0,53.49,80-90
1340,default_time_ticks_studio.m,80.692,100,71.15,90,100.0,42.31,80-90
1341,defIndlev.m,83.842,60,94.74,75,100.0,89.47,80-90
1342,DefineAllRaypath.m,81.462,80,67.31,100,100.0,60.0,80-90
1343,defineInterval.m,80.816,100,62.24,100,100.0,41.84,80-90
1344,defineLinearConstraints.m,81.628,100,67.44,100,100.0,40.7,80-90
1345,definePaths.m,81.134,80,66.67,100,100.0,59.0,80-90
1346,definePoint.m,81.492,100,61.19,100,100.0,46.27,80-90
1347,defineWebNodes.m,82.646,100,82.35,75,100.0,55.88,80-90
1348,DefineZone.m,80.456,100,63.64,100,100.0,38.64,80-90
1349,define_input.m,80.418,100,72.53,90,100.0,39.56,80-90
1350,define_modes.m,83.726,100,85.45,75,100.0,58.18,80-90
1351,deflateimports.m,81.052,100,67.8,90,100.0,47.46,80-90
1352,deflationshifted.m,81.0,60,100.0,45,100.0,100.0,80-90
1353,deg2utm.m,85.908,100,86.36,75,100.0,68.18,80-90
1354,deg360.m,80.788,100,71.05,75,100.0,57.89,80-90
1355,degeneracy.m,83.59,80,85.09,90,100.0,62.86,80-90
1356,DEgenerator.m,80.702,100,72.97,90,100.0,40.54,80-90
1357,DEgenerator2.m,81.54,100,66.67,100,100.0,41.03,80-90
1358,DEgenerator_better.m,81.17,100,71.95,90,100.0,43.9,80-90
1359,deglitch.m,83.044,100,67.39,100,100.0,47.83,80-90
1360,degrading_merge.m,85.646,100,76.47,90,100.0,61.76,80-90
1361,DeJong_f4.m,82.182,60,100.0,60,100.0,90.91,80-90
1362,del2map.m,83.278,100,67.21,100,100.0,49.18,80-90
1363,delaunayize.m,84.47,100,78.82,100,100.0,43.53,80-90
1364,DelaunaySO3.m,81.214,100,54.55,100,100.0,51.52,80-90
1365,DelayDMDc_MV.m,85.0,100,80.0,90,100.0,55.0,80-90
1366,DelaySum_Beamformer_fast.m,82.324,100,80.65,60,100.0,70.97,80-90
1367,delaytime.m,83.652,100,71.74,90,100.0,56.52,80-90
1368,delay_detect.m,80.306,100,71.43,75,100.0,55.1,80-90
1369,delay_embed.m,81.334,100,66.67,90,100.0,50.0,80-90
1370,delay_guess.m,81.034,100,80.65,60,100.0,64.52,80-90
1371,deletechanGUI.m,81.714,100,60.0,100,100.0,48.57,80-90
1372,deletedMessage.m,85.294,100,67.65,100,100.0,58.82,80-90
1373,deleteInactiveGenes.m,83.406,100,67.57,90,100.0,59.46,80-90
1374,deleteoutliers.m,84.8,100,74.0,100,100.0,50.0,80-90
1375,deleteRedundantSets.m,82.808,100,66.67,100,100.0,47.37,80-90
1376,delete_section.m,83.162,100,64.52,90,100.0,61.29,80-90
1377,delpath.m,83.274,100,63.64,100,100.0,52.73,80-90
1378,delta2static.m,82.142,100,78.57,75,100.0,57.14,80-90
1379,DeltaNode.m,83.902,100,69.51,100,100.0,50.0,80-90
1380,deltaSigmaVal.m,82.702,100,64.86,100,100.0,48.65,80-90
1381,DeltaVFrameEnum.m,82.44,100,58.54,100,100.0,53.66,80-90
1382,delta_function_from_parfile.m,84.15,100,69.81,100,100.0,50.94,80-90
1383,delta_mush.m,84.062,100,78.79,90,100.0,51.52,80-90
1384,delval.m,81.332,100,61.9,90,100.0,54.76,80-90
1385,Dem2Basemap.m,85.0,100,73.44,100,100.0,51.56,80-90
1386,demFourWalksReconstruct.m,80.084,100,80.85,60,100.0,59.57,80-90
1387,demGpCov2D.m,81.27,80,64.49,100,100.0,61.86,80-90
1388,demgtm1.m,82.024,80,68.38,100,100.0,61.74,80-90
1389,demhint.m,85.91,100,81.82,75,100.0,72.73,80-90
1390,demhmc2.m,81.254,80,73.27,75,100.0,78.0,80-90
1391,demhmc3.m,83.866,80,73.33,90,100.0,76.0,80-90
1392,demmet1.m,83.954,100,67.44,100,100.0,52.33,80-90
1393,demo2chebgui.m,82.4,100,60.0,100,100.0,52.0,80-90
1394,DemoAnnotatedData.m,81.714,100,67.14,90,100.0,51.43,80-90
1395,DemoBayesCP.m,80.814,100,79.66,60,100.0,64.41,80-90
1396,democc.m,80.118,100,94.12,30,100.0,76.47,80-90
1397,democc_tpdef.m,81.578,60,84.21,90,100.0,73.68,80-90
1398,demointlab.m,84.314,100,73.68,90,100.0,57.89,80-90
1399,demolive_keypoints.m,81.262,100,68.42,100,100.0,37.89,80-90
1400,demoMinfunc.m,83.334,100,70.37,100,100.0,46.3,80-90
1401,demoMinfuncHighdim.m,82.224,100,69.14,100,100.0,41.98,80-90
1402,demomodel.m,83.384,80,65.42,100,100.0,71.5,80-90
1403,demoNcutClustering.m,82.0,100,81.25,60,100.0,68.75,80-90
1404,demoProjPointOnCylinder.m,80.966,100,86.21,60,100.0,58.62,80-90
1405,demoRead.m,84.256,100,72.34,100,100.0,48.94,80-90
1406,DemoReadSGLXData.m,83.626,100,71.88,90,100.0,56.25,80-90
1407,demoSceneRecognition.m,80.884,80,68.75,90,100.0,65.67,80-90
1408,demoVisualWords.m,81.858,100,74.29,75,100.0,60.0,80-90
1409,demo_1p_low_RAM.m,85.244,100,82.93,75,100.0,68.29,80-90
1410,demo_2D3Dregist.m,80.98,80,95.08,75,100.0,54.82,80-90
1411,demo_2DneuralField.m,80.144,100,72.86,75,100.0,52.86,80-90
1412,Demo_2_Snippets.m,87.122,100,84.85,75,100.0,75.76,80-90
1413,demo_3d.m,82.24,100,72.41,75,100.0,63.79,80-90
1414,Demo_3_Analysis.m,80.056,100,83.52,75,100.0,41.76,80-90
1415,DEMO_9_chebEval.m,80.788,100,73.68,75,100.0,55.26,80-90
1416,demo_batch.m,85.306,100,75.51,100,100.0,51.02,80-90
1417,demo_batch_1p.m,81.04,80,82.2,90,100.0,53.0,80-90
1418,demo_batch_2p.m,82.162,80,80.56,90,100.0,60.25,80-90
1419,demo_bayesoptimization1.m,86.934,100,78.67,100,100.0,56.0,80-90
1420,demo_bayesoptimization2.m,86.2,100,77.0,100,100.0,54.0,80-90
1421,demo_bayesoptimization3.m,80.2,80,81.6,90,100.0,49.4,80-90
1422,Demo_bicubic_degradation_SRMD.m,80.638,80,70.19,90,100.0,63.0,80-90
1423,Demo_bicubic_degradation_SRMDNF.m,82.648,100,72.73,90,100.0,50.51,80-90
1424,demo_blockproc_denoising.m,81.636,100,65.91,90,100.0,52.27,80-90
1425,demo_blockproc_dgtequalizer.m,80.884,100,63.24,100,100.0,41.18,80-90
1426,demo_blockproc_header.m,82.454,60,95.45,75,100.0,81.82,80-90
1427,demo_blockproc_slidingcqt.m,83.334,100,71.11,90,100.0,55.56,80-90
1428,demo_blockproc_slidingerblets.m,84.976,100,76.74,90,100.0,58.14,80-90
1429,demo_blockproc_slidingsgram.m,80.174,100,65.22,90,100.0,45.65,80-90
1430,demo_BSL.m,83.15,80,75.25,90,100.0,70.5,80-90
1431,demo_CaBBI_FHN.m,81.608,80,65.87,100,100.0,62.17,80-90
1432,demo_CaBBI_QGIF.m,81.208,80,65.37,100,100.0,60.67,80-90
1433,demo_cascade.m,81.274,80,69.16,100,100.0,57.21,80-90
1434,demo_chkb.m,86.876,100,79.69,100,100.0,54.69,80-90
1435,demo_CSHL2017_neurofinder0200.m,80.33,80,68.06,90,100.0,63.59,80-90
1436,demo_cva_order.m,80.5,100,82.5,75,100.0,45.0,80-90
1437,demo_dcm4fmri.m,82.868,80,77.48,100,100.0,56.86,80-90
1438,demo_dcm4fmri_distributed.m,80.334,80,81.6,90,100.0,50.07,80-90
1439,demo_dcm_1region.m,82.8,100,79.0,90,100.0,45.0,80-90
1440,DEMO_dcm_fmri_nnm.m,81.598,80,72.13,100,100.0,55.86,80-90
1441,demo_discriminative_information_ERPs.m,83.422,100,78.95,75,100.0,63.16,80-90
1442,demo_dos.m,87.858,100,83.93,100,100.0,55.36,80-90
1443,demo_DrawKernel1D.m,81.132,100,60.38,100,100.0,45.28,80-90
1444,demo_ECG_sleep_staging_slpdb.m,85.306,100,75.51,100,100.0,51.02,80-90
1445,Demo_evaluation_OriginalYorkUrban.m,83.44,80,74.53,100,100.0,62.67,80-90
1446,demo_eval_det.m,82.058,100,78.43,75,100.0,56.86,80-90
1447,demo_eval_vid.m,86.148,100,79.63,90,100.0,61.11,80-90
1448,DEMO_febio_0008_cube_body_load.m,80.802,80,69.87,100,100.0,54.14,80-90
1449,demo_figure4.m,81.75,100,79.17,90,100.0,39.58,80-90
1450,demo_fixedclass.m,82.75,100,77.5,90,100.0,46.25,80-90
1451,demo_fixedsize.m,81.83,80,67.65,90,100.0,71.5,80-90
1452,Demo_genearal_degradation_SRMD.m,82.006,80,70.68,100,100.0,59.35,80-90
1453,Demo_genearal_degradation_SRMDNF.m,81.95,80,70.54,100,100.0,59.21,80-90
1454,demo_generate_exemplar.m,82.968,100,87.1,60,100.0,67.74,80-90
1455,demo_ge_screenoverlay.m,80.438,100,69.51,90,100.0,42.68,80-90
1456,demo_graph_matching_SMAC.m,83.176,100,82.35,60,100.0,73.53,80-90
1457,demo_HepTh.m,85.778,100,83.33,90,100.0,55.56,80-90
1458,demo_HRF_distributed.m,80.45,100,81.69,60,100.0,60.56,80-90
1459,demo_ijbb.m,84.122,80,89.47,90,100.0,61.14,80-90
1460,demo_images.m,87.45,100,78.43,100,100.0,58.82,80-90
1461,demo_InterfaceVEM.m,81.612,80,90.3,75,100.0,62.76,80-90
1462,demo_keypoint.m,81.938,100,73.47,75,100.0,61.22,80-90
1463,demo_KF.m,80.174,100,63.04,90,100.0,47.83,80-90
1464,demo_l0_mul.m,85.514,100,97.3,60,100.0,70.27,80-90
1465,demo_l0_single.m,83.516,100,87.88,60,100.0,69.7,80-90
1466,demo_ldos.m,89.268,100,78.05,100,100.0,68.29,80-90
1467,demo_ldos_filter.m,83.294,100,74.12,100,100.0,42.35,80-90
1468,demo_LocNet_object_detection_pipeline.m,84.566,100,75.0,100,100.0,47.83,80-90
1469,demo_LSDR.m,82.0,100,90.48,60,100.0,59.52,80-90
1470,demo_matlab.m,82.318,100,75.61,75,100.0,60.98,80-90
1471,Demo_MCWNNM_ADMM1.m,85.0,100,87.84,75,100.0,62.16,80-90
1472,Demo_MCWNNM_ADMM1_NL_RealGT.m,82.0,100,88.24,60,100.0,61.76,80-90
1473,Demo_MCWNNM_ADMM1_NL_RealNoGT.m,85.5,100,90.0,60,100.0,77.5,80-90
1474,Demo_MCWNNM_ADMM2.m,88.14,100,90.14,90,100.0,60.56,80-90
1475,demo_mc_class.m,81.066,100,76.0,60,100.0,69.33,80-90
1476,demo_memmap.m,88.0,100,79.17,90,100.0,70.83,80-90
1477,demo_MFX.m,80.71,80,70.5,100,100.0,53.05,80-90
1478,demo_MRCNN_detection.m,82.274,100,74.55,75,100.0,61.82,80-90
1479,demo_MRCNN_with_SCNN_detection.m,81.764,100,73.53,75,100.0,60.29,80-90
1480,demo_object_detection.m,84.128,100,66.67,100,100.0,53.97,80-90
1481,demo_object_detection_with_iterative_loc.m,81.858,80,69.29,100,100.0,60.0,80-90
1482,demo_p2k.m,80.0,100,66.25,75,100.0,58.75,80-90
1483,demo_patches.m,87.5,100,77.27,100,100.0,60.23,80-90
1484,demo_patches_class.m,83.954,100,79.1,75,100.0,65.67,80-90
1485,demo_proj.m,83.514,100,92.42,60,100.0,65.15,80-90
1486,demo_python.m,86.666,60,94.44,90,100.0,88.89,80-90
1487,demo_Qlearning.m,87.924,100,77.36,100,100.0,62.26,80-90
1488,demo_qmeshcut_ex1.m,83.334,100,61.11,100,100.0,55.56,80-90
1489,demo_rand.m,86.0,100,81.67,100,100.0,48.33,80-90
1490,demo_reconverge_all.m,83.128,100,73.08,90,100.0,52.56,80-90
1491,demo_recur.m,83.476,100,78.57,90,100.0,48.81,80-90
1492,demo_refit.m,81.488,100,77.03,75,100.0,55.41,80-90
1493,demo_RFT.m,82.588,100,86.27,60,100.0,66.67,80-90
1494,demo_Rossler.m,83.162,100,77.42,90,100.0,48.39,80-90
1495,demo_sample_run.m,81.534,80,71.67,100,100.0,56.0,80-90
1496,demo_script_class.m,80.276,100,72.53,75,100.0,53.85,80-90
1497,demo_sinc.m,80.108,100,78.38,60,100.0,62.16,80-90
1498,demo_somatic.m,81.452,100,70.97,75,100.0,61.29,80-90
1499,demo_spim.m,83.458,100,75.31,100,100.0,41.98,80-90
1500,demo_ssc_omp_mnist.m,82.22,100,93.22,45,100.0,72.88,80-90
1501,demo_vggvox_identif.m,82.234,100,76.6,75,100.0,59.57,80-90
1502,demo_vggvox_verif.m,82.798,100,77.97,75,100.0,61.02,80-90
1503,demo_vggvox_verif_voxceleb2.m,81.198,100,74.65,75,100.0,56.34,80-90
1504,demRegressionSimple.m,81.75,100,66.25,90,100.0,52.5,80-90
1505,DEM_COVID_DASH.m,82.592,80,71.29,100,100.0,61.67,80-90
1506,DEM_demo_DEM.m,81.512,100,81.4,75,100.0,51.16,80-90
1507,DEM_FEP_Least_Action.m,81.42,100,71.05,90,100.0,46.05,80-90
1508,DEM_FEP_Lorenz.m,81.17,100,71.95,90,100.0,43.9,80-90
1509,DEM_path_integrals.m,83.204,100,69.86,90,100.0,56.16,80-90
1510,DEM_SARS.m,83.622,80,69.61,100,100.0,68.5,80-90
1511,DEM_Stephen.m,81.914,80,68.57,100,100.0,61.0,80-90
1512,dendplot.m,84.444,100,69.84,100,100.0,52.38,80-90
1513,deninfac.m,87.728,100,84.85,75,100.0,78.79,80-90
1514,denoiseImageGlobal.m,82.196,100,74.07,90,100.0,46.91,80-90
1515,denoise_artifact.m,82.828,100,74.14,90,100.0,50.0,80-90
1516,denoise_filter.m,86.75,100,81.25,90,100.0,62.5,80-90
1517,denoise_kpca.m,81.0,100,75.0,75,100.0,55.0,80-90
1518,denoise_TV_One.m,83.764,100,71.76,100,100.0,47.06,80-90
1519,denoising_mppca.m,80.04,100,59.18,90,100.0,51.02,80-90
1520,DensityBasedMaterial.m,81.162,100,62.79,100,100.0,43.02,80-90
1521,DensityCreatorByInitializer.m,82.074,100,66.67,90,100.0,53.7,80-90
1522,den_jack.m,86.428,100,91.43,75,100.0,65.71,80-90
1523,DEORA.m,81.366,80,70.83,100,100.0,56.0,80-90
1524,DEORA_MTDE.m,83.434,100,68.69,100,100.0,48.48,80-90
1525,dependsOn.m,83.174,100,69.84,100,100.0,46.03,80-90
1526,deployDCFNet.m,87.726,100,77.27,100,100.0,61.36,80-90
1527,depnetFit.m,82.608,100,66.3,100,100.0,46.74,80-90
1528,depthIndex2NodeNo.m,80.91,100,75.0,75,100.0,54.55,80-90
1529,depth_estimation.m,81.486,100,72.97,75,100.0,59.46,80-90
1530,derandomize.m,81.838,100,68.37,100,100.0,40.82,80-90
1531,derespolar.m,80.174,100,67.39,90,100.0,43.48,80-90
1532,Derivative.m,81.518,100,63.29,100,100.0,44.3,80-90
1533,derivative5.m,84.782,100,73.91,100,100.0,50.0,80-90
1534,derivative7.m,88.752,100,84.38,100,100.0,59.38,80-90
1535,derivativeCheck.m,82.222,100,75.0,75,100.0,61.11,80-90
1536,derivComplexTrick.m,84.936,100,74.03,100,100.0,50.65,80-90
1537,deriveBilinearizing.m,87.096,100,74.19,100,100.0,61.29,80-90
1538,derivebounds.m,85.672,100,82.09,100,100.0,46.27,80-90
1539,derivecliques.m,82.768,60,76.92,100,100.0,76.92,80-90
1540,deriveContinuity.m,82.106,100,59.21,100,100.0,51.32,80-90
1541,derivedualBoundsParameterFree.m,81.212,100,69.7,100,100.0,36.36,80-90
1542,deriveKlobucharIonoCorr.m,81.312,100,62.3,100,100.0,44.26,80-90
1543,derror.m,82.284,100,84.52,90,100.0,36.9,80-90
1544,DES.m,84.0,100,77.5,100,100.0,42.5,80-90
1545,desatur.m,81.42,80,75.57,100,100.0,51.53,80-90
1546,descend.m,85.5,100,83.33,90,100.0,54.17,80-90
1547,description.m,87.742,100,80.65,100,100.0,58.06,80-90
1548,descriptions2sensors.m,85.756,100,75.51,90,100.0,63.27,80-90
1549,descriptors_compute_match_demo.m,82.736,100,73.68,100,100.0,40.0,80-90
1550,designDLC.m,80.76,80,67.21,100,100.0,56.59,80-90
1551,designMatrix.m,80.65,100,71.08,90,100.0,42.17,80-90
1552,DesignVariableFactory.m,80.0,60,76.92,90,100.0,73.08,80-90
1553,DesignVarMonitorFactory.m,81.978,100,68.13,100,100.0,41.76,80-90
1554,desiredState.m,84.8,100,82.0,90,100.0,52.0,80-90
1555,deskewfile.m,84.48,100,74.65,90,100.0,57.75,80-90
1556,deskew_rvp.m,82.0,100,76.47,60,100.0,73.53,80-90
1557,destroy_mmemmapfile.m,83.332,60,83.33,90,100.0,83.33,80-90
1558,det.m,81.37,100,68.49,100,100.0,38.36,80-90
1559,det2keypoints.m,82.306,100,65.38,100,100.0,46.15,80-90
1560,det2keypointsImgMulticut.m,86.222,100,68.89,100,100.0,62.22,80-90
1561,det2keypointsPrior.m,83.692,100,76.92,100,100.0,41.54,80-90
1562,detbndy.m,81.634,100,67.35,100,100.0,40.82,80-90
1563,detconfig.m,80.42,100,89.47,60,100.0,52.63,80-90
1564,DetectAbsSnow.m,83.936,100,80.85,75,100.0,63.83,80-90
1565,detectAndAdd3x3AtmostGroups.m,81.668,100,81.67,75,100.0,51.67,80-90
1566,detectAndAdd3x3SDPGUBGroups.m,81.128,100,83.87,75,100.0,46.77,80-90
1567,detectAndAdd3x3SymmetryGroups.m,80.0,60,83.33,90,100.0,66.67,80-90
1568,detectAtMultipleScales.m,81.73,100,81.08,60,100.0,67.57,80-90
1569,detectCycles.m,87.096,100,77.42,100,100.0,58.06,80-90
1570,DetectionAggregatedResults.m,87.026,100,70.27,100,100.0,64.86,80-90
1571,DetectionAggregatedResultsPerClass.m,84.0,100,67.27,100,100.0,52.73,80-90
1572,DetectionBasedTracker.m,80.0,100,55.17,100,100.0,44.83,80-90
1573,DetectionResult.m,80.42,100,61.05,100,100.0,41.05,80-90
1574,DetectionReview.m,86.162,80,83.06,100,100.0,67.75,80-90
1575,detectionStats.m,81.0,60,100.0,45,100.0,100.0,80-90
1576,detection_visualization.m,83.372,100,76.74,75,100.0,65.12,80-90
1577,DetectLoopClosure.m,81.046,100,74.42,75,100.0,55.81,80-90
1578,detectmalware.m,84.65,100,67.44,100,100.0,55.81,80-90
1579,detect_all.m,82.058,100,69.57,90,100.0,50.72,80-90
1580,detect_all_by_featmap.m,80.6,60,84.0,75,100.0,84.0,80-90
1581,detect_diag.m,80.234,80,77.67,75,100.0,68.5,80-90
1582,detect_enhancer_region.m,86.0,100,80.0,90,100.0,60.0,80-90
1583,detect_large_img.m,80.714,100,75.0,75,100.0,53.57,80-90
1584,detect_objects.m,86.0,100,77.14,90,100.0,62.86,80-90
1585,detect_quadratic_disjoints_generalized.m,81.374,100,81.25,60,100.0,65.62,80-90
1586,detect_sdpmonotonicity.m,80.436,60,82.61,90,100.0,69.57,80-90
1587,detect_special_objectives.m,82.888,60,100.0,60,100.0,94.44,80-90
1588,detect_ublk.m,80.798,100,84.06,75,100.0,44.93,80-90
1589,detect_ublk_old.m,80.588,100,83.82,75,100.0,44.12,80-90
1590,det_inv.m,81.138,100,62.75,90,100.0,52.94,80-90
1591,Det_Plot.m,80.5,80,74.79,90,100.0,57.71,80-90
1592,DE_cr.m,81.144,100,82.86,60,100.0,62.86,80-90
1593,DE_Crossover_Exp.m,81.118,60,88.24,75,100.0,82.35,80-90
1594,de_ftab_fm.m,82.128,100,73.02,90,100.0,47.62,80-90
1595,de_ftab_inv2.m,82.468,80,69.03,100,100.0,63.31,80-90
1596,de_ftab_iwater.m,81.296,100,79.63,75,100.0,51.85,80-90
1597,de_ftab_xform.m,80.924,60,92.31,60,100.0,92.31,80-90
1598,de_poly_expo.m,80.0,100,68.75,75,100.0,56.25,80-90
1599,DE_rb.m,81.144,100,82.86,60,100.0,62.86,80-90
1600,coadjoint.m,72.0,30,100.0,30,100.0,100.0,70-80
1601,coarsen.m,75.324,80,78.15,60,100.0,58.47,70-80
1602,coarsepatch.m,70.412,60,76.47,45,100.0,70.59,70-80
1603,coarser.m,71.0,30,100.0,45,100.0,80.0,70-80
1604,CoarseSLSDesign.m,72.876,70,56.31,100,100.0,38.07,70-80
1605,coarseToFine.m,76.39,100,68.29,60,100.0,53.66,70-80
1606,coarse_update_func.m,79.35,80,75.97,90,100.0,50.78,70-80
1607,Coax.m,78.644,100,89.29,45,100.0,58.93,70-80
1608,coax_bend.m,76.826,100,86.96,45,100.0,52.17,70-80
1609,coa_projection_set.m,74.534,80,65.54,90,100.0,37.13,70-80
1610,CoBlade.m,74.868,80,56.52,90,100.0,47.82,70-80
1611,COBRArrow.m,72.658,70,49.2,100,100.0,44.09,70-80
1612,COBRArrowSolver.m,78.526,100,57.89,90,100.0,44.74,70-80
1613,cocktail_sort.m,72.964,60,59.26,90,100.0,55.56,70-80
1614,coco2014_save_annotations.m,79.908,100,81.4,60,100.0,58.14,70-80
1615,CocoStuffAnnotator.m,74.304,70,61.32,100,100.0,40.2,70-80
1616,CocoStuffClasses.m,76.836,70,76.56,100,100.0,37.62,70-80
1617,coco_devkit.m,72.0,30,100.0,30,100.0,100.0,70-80
1618,coco_train.m,79.5,60,81.25,75,100.0,81.25,70-80
1619,coco_word2_pool.m,71.636,80,78.82,60,100.0,39.36,70-80
1620,coco_word2_pool_vgg19.m,71.874,80,79.3,60,100.0,40.07,70-80
1621,cod.m,77.218,60,65.22,100,100.0,60.87,70-80
1622,code2multiline.m,71.58,100,44.74,75,100.0,38.16,70-80
1623,code2obs.m,75.81,60,71.43,100,100.0,47.62,70-80
1624,code2sys.m,78.572,60,92.86,90,100.0,50.0,70-80
1625,codeA.m,79.0,60,96.43,60,100.0,78.57,70-80
1626,codeB.m,75.022,100,87.1,45,100.0,43.01,70-80
1627,CodeChecker.m,77.044,80,62.11,100,100.0,43.11,70-80
1628,codedist_hamming.m,74.768,60,76.92,60,100.0,76.92,70-80
1629,codefnl.m,72.29,80,70.34,60,100.0,51.11,70-80
1630,CodeForAveragedDatasets.m,72.666,100,65.0,60,100.0,38.33,70-80
1631,CodeGenerator.m,77.318,80,66.84,100,100.0,39.75,70-80
1632,codeLoopFilter.m,77.75,100,81.25,45,100.0,62.5,70-80
1633,codelssvm.m,74.13,100,50.72,75,100.0,44.93,70-80
1634,codeReport.m,79.912,80,67.56,100,100.0,52.0,70-80
1635,code_ECOC.m,77.02,80,60.77,90,100.0,54.33,70-80
1636,code_OneVsOne.m,71.368,60,73.68,60,100.0,63.16,70-80
1637,Code_to_latex_example.m,71.334,60,96.3,30,100.0,70.37,70-80
1638,coding_length.m,76.856,60,85.71,60,100.0,78.57,70-80
1639,coding_seg.m,79.964,80,58.82,90,100.0,71.0,70-80
1640,coefficients.m,79.508,80,63.21,100,100.0,54.33,70-80
1641,coeffs2.m,74.4,60,68.0,100,100.0,44.0,70-80
1642,coeffs2vals.m,70.334,60,66.67,75,100.0,50.0,70-80
1643,coeffsDiscretization.m,77.352,100,50.0,100,100.0,36.76,70-80
1644,coeff_comp.m,72.1,80,99.12,60,100.0,21.38,70-80
1645,coeff_irk2.m,71.852,80,92.71,75,100.0,11.55,70-80
1646,coeflift.m,73.038,100,54.9,75,100.0,35.29,70-80
1647,cofactor_matrix_SA.m,77.848,60,84.62,60,100.0,84.62,70-80
1648,COFMEn.m,79.368,100,61.05,100,100.0,35.79,70-80
1649,coherence.m,70.334,60,80.0,45,100.0,66.67,70-80
1650,coherence_receive.m,77.354,100,66.18,75,100.0,45.59,70-80
1651,coherence_receive_MultiAnt.m,73.25,100,55.0,75,100.0,36.25,70-80
1652,coherence_receive_SingleAnt.m,74.688,100,60.94,75,100.0,37.5,70-80
1653,coherence_receive_SingleStream.m,75.0,100,62.32,75,100.0,37.68,70-80
1654,coherent_constrained_capacity.m,74.97,100,74.63,45,100.0,55.22,70-80
1655,coherent_simulation_summary.m,70.018,80,63.23,60,100.0,46.86,70-80
1656,coh_np16.m,78.53,100,75.0,75,100.0,42.65,70-80
1657,coh_np48.m,79.118,100,75.0,75,100.0,45.59,70-80
1658,coiflet.m,78.302,100,77.27,90,100.0,24.24,70-80
1659,CoilBiotSavart.m,72.834,100,68.75,60,100.0,35.42,70-80
1660,CoilDesignPanel.m,72.758,70,49.09,100,100.0,44.7,70-80
1661,CoilList.m,74.392,80,50.0,100,100.0,41.96,70-80
1662,coils.m,73.034,80,52.9,100,100.0,32.27,70-80
1663,CoilUser.m,71.856,100,79.59,45,100.0,34.69,70-80
1664,COIN.m,77.692,60,69.23,90,100.0,69.23,70-80
1665,coinRead.m,78.332,100,71.79,75,100.0,44.87,70-80
1666,coinsModelSelDemo.m,75.666,100,76.47,45,100.0,56.86,70-80
1667,coinWrite.m,79.31,80,68.55,90,100.0,58.0,70-80
1668,coin_mutation.m,72.556,60,66.67,75,100.0,61.11,70-80
1669,col2cell.m,79.716,100,64.29,90,100.0,44.29,70-80
1670,col2im.m,77.0,60,77.78,75,100.0,72.22,70-80
1671,col2imsum.m,71.5,60,75.0,60,100.0,62.5,70-80
1672,col2mat.m,75.924,100,64.62,75,100.0,40.0,70-80
1673,colbreaks.m,77.122,100,69.7,75,100.0,40.91,70-80
1674,coldhot.m,72.546,60,90.91,30,100.0,81.82,70-80
1675,coldwarm.m,79.942,60,88.24,75,100.0,76.47,70-80
1676,coldwtfilt.m,73.896,60,79.31,75,100.0,55.17,70-80
1677,colfilter.m,76.856,60,85.71,60,100.0,78.57,70-80
1678,colFirstNonZero.m,72.0,30,100.0,30,100.0,100.0,70-80
1679,colifilt.m,70.0,100,50.0,75,100.0,25.0,70-80
1680,coliwtfilt.m,75.426,100,61.7,75,100.0,40.43,70-80
1681,collapseCell.m,73.092,60,72.73,60,100.0,72.73,70-80
1682,collapseEdgesWithManyFaces.m,79.706,100,67.65,75,100.0,55.88,70-80
1683,collapse_complex.m,72.25,60,87.5,45,100.0,68.75,70-80
1684,collapse_mog.m,73.308,60,84.62,45,100.0,76.92,70-80
1685,collapse_nii_scan.m,72.546,80,53.81,100,100.0,28.92,70-80
1686,collect.m,71.0,60,78.57,45,100.0,71.43,70-80
1687,collectConstraints.m,72.148,60,77.78,60,100.0,62.96,70-80
1688,collectData.m,79.0,100,65.71,75,100.0,54.29,70-80
1689,collectRawClips.m,76.006,80,55.1,100,100.0,44.93,70-80
1690,CollectResutls.m,74.856,80,52.78,100,100.0,41.5,70-80
1691,CollectTestData.m,77.75,100,75.0,45,100.0,68.75,70-80
1692,Collect_all_patches.m,75.126,100,59.38,60,100.0,56.25,70-80
1693,collect_evidence.m,75.334,60,75.0,75,100.0,66.67,70-80
1694,Collect_menpo_annotations.m,70.876,100,66.67,45,100.0,42.71,70-80
1695,Collect_menpo_annotations_profile_train.m,73.572,100,70.0,45,100.0,52.86,70-80
1696,Collect_menpo_annotations_profile_valid.m,73.572,100,70.0,45,100.0,52.86,70-80
1697,Collect_menpo_annotations_valid.m,71.686,100,67.16,45,100.0,46.27,70-80
1698,Collect_menpo_imgs.m,76.888,100,71.11,60,100.0,53.33,70-80
1699,Collect_menpo_test_frontal.m,76.616,100,69.23,60,100.0,53.85,70-80
1700,Collect_menpo_test_profile.m,76.616,100,69.23,60,100.0,53.85,70-80
1701,Collect_menpo_train_imgs.m,77.366,100,70.73,60,100.0,56.1,70-80
1702,Collect_patches_view.m,76.0,100,67.69,60,100.0,52.31,70-80
1703,collect_statistics.m,74.828,100,68.69,60,100.0,45.45,70-80
1704,Collect_valid_imgs.m,77.366,100,70.73,60,100.0,56.1,70-80
1705,CollewetNorm.m,72.546,60,90.91,30,100.0,81.82,70-80
1706,collide.m,72.0,30,100.0,30,100.0,100.0,70-80
1707,collisionEvent.m,77.884,60,64.71,100,100.0,64.71,70-80
1708,collision_base.m,75.532,80,53.24,100,100.0,44.42,70-80
1709,collision_time.m,73.092,60,90.91,60,100.0,54.55,70-80
1710,Collocation.m,77.424,100,68.18,75,100.0,43.94,70-80
1711,colon_comp.m,74.334,30,88.89,75,100.0,77.78,70-80
1712,color.m,70.0,30,90.0,60,100.0,70.0,70-80
1713,Color2GNSSchar.m,72.556,60,77.78,75,100.0,50.0,70-80
1714,color2javaRGBint.m,75.0,100,57.81,75,100.0,42.19,70-80
1715,ColorAdjustmentBatch.m,75.818,60,90.91,60,100.0,68.18,70-80
1716,ColorAdjustmentBatch_my.m,76.308,60,92.31,60,100.0,69.23,70-80
1717,colorbar.m,77.444,100,56.94,90,100.0,40.28,70-80
1718,colorbarf.m,74.472,80,51.98,100,100.0,40.38,70-80
1719,colorbar_from_figtool_fn.m,74.898,100,41.84,100,100.0,32.65,70-80
1720,colorblind.m,74.476,60,80.95,60,100.0,71.43,70-80
1721,ColorBox.m,76.942,80,63.1,100,100.0,41.61,70-80
1722,colorcet.m,74.452,70,98.63,100,100.0,3.63,70-80
1723,ColorCorrectionPouli.m,71.308,100,67.31,45,100.0,44.23,70-80
1724,colordistance.m,79.308,60,84.62,75,100.0,76.92,70-80
1725,colorFromColorMap.m,70.0,30,90.0,60,100.0,70.0,70-80
1726,colorgrad.m,77.946,100,81.08,60,100.0,48.65,70-80
1727,colorize.m,76.0,60,80.0,75,100.0,65.0,70-80
1728,colorize2.m,76.556,30,88.89,75,100.0,88.89,70-80
1729,colorizemri.m,79.078,100,81.54,60,100.0,53.85,70-80
1730,colormap432.m,73.112,100,75.56,30,100.0,60.0,70-80
1731,ColorMapsMake.m,74.114,70,60.32,100,100.0,40.25,70-80
1732,colormap_visualization.m,77.286,100,60.0,75,100.0,51.43,70-80
1733,colorMixtureAffinities.m,77.556,100,66.67,60,100.0,61.11,70-80
1734,colorname.m,77.004,80,58.7,100,100.0,46.32,70-80
1735,colorNameFeature.m,71.0,60,75.0,60,100.0,60.0,70-80
1736,colorPathway.m,76.104,100,66.67,60,100.0,53.85,70-80
1737,colorPlot.m,77.4,100,64.0,75,100.0,48.0,70-80
1738,colorProtein.m,72.6,60,72.0,75,100.0,56.0,70-80
1739,colorquant.m,75.556,100,71.11,60,100.0,46.67,70-80
1740,colorRxnsFromGenes.m,76.29,100,61.29,75,100.0,45.16,70-80
1741,colorSegments.m,75.0,60,76.0,75,100.0,64.0,70-80
1742,ColorSelector.m,72.484,80,46.95,100,100.0,35.47,70-80
1743,ColorSettingsEnum.m,72.036,60,86.21,45,100.0,68.97,70-80
1744,colorSimilarityAffinities.m,75.316,100,68.42,45,100.0,63.16,70-80
1745,colorspace.m,75.09,70,66.76,100,100.0,38.69,70-80
1746,colorspace_ciedemo.m,74.434,100,85.19,45,100.0,41.98,70-80
1747,colorspace_test.m,71.044,60,86.96,30,100.0,78.26,70-80
1748,colorSubsystemCD.m,77.162,100,62.16,75,100.0,48.65,70-80
1749,colorToLabel.m,72.74,80,59.12,75,100.0,49.58,70-80
1750,color_line3.m,78.956,60,82.61,100,100.0,52.17,70-80
1751,color_seg.m,71.332,60,93.33,30,100.0,73.33,70-80
1752,color_shepard_sr_x2_demo.m,76.214,100,85.11,30,100.0,65.96,70-80
1753,color_shepard_sr_x3_demo.m,76.214,100,85.11,30,100.0,65.96,70-80
1754,color_shepard_sr_x4_demo.m,75.166,100,83.33,30,100.0,62.5,70-80
1755,color_transfer.m,76.374,100,68.75,60,100.0,53.12,70-80
1756,color_visited_cust.m,74.0,60,81.25,60,100.0,68.75,70-80
1757,colour_transfer_MKL.m,74.882,100,79.41,45,100.0,50.0,70-80
1758,colsubset.m,72.0,30,100.0,30,100.0,100.0,70-80
1759,columnVector.m,73.556,30,88.89,60,100.0,88.89,70-80
1760,column_vector.m,74.286,60,64.29,90,100.0,57.14,70-80
1761,com.m,76.092,60,81.82,75,100.0,63.64,70-80
1762,comb2pro.m,74.332,60,83.33,45,100.0,83.33,70-80
1763,combat.m,76.812,80,64.81,75,100.0,64.25,70-80
1764,combat_settings.m,71.534,70,47.92,100,100.0,39.75,70-80
1765,combinations_with_replacement.m,71.692,60,73.08,60,100.0,65.38,70-80
1766,combinator.m,70.206,100,74.7,45,100.0,31.33,70-80
1767,combine.m,78.6,100,72.0,75,100.0,46.0,70-80
1768,combineBC.m,74.0,60,83.33,60,100.0,66.67,70-80
1769,combineBC2D.m,73.0,100,80.95,15,100.0,69.05,70-80
1770,combineBEM.m,79.536,100,86.6,75,100.0,36.08,70-80
1771,combineBESTbins.m,73.078,100,53.85,75,100.0,36.54,70-80
1772,combineCCVolumes.m,71.77,60,84.62,45,100.0,69.23,70-80
1773,combineConfigurations.m,75.57,60,60.71,100,100.0,57.14,70-80
1774,combineCoords.m,78.138,100,51.16,100,100.0,39.53,70-80
1775,combineEdgesN.m,75.106,80,69.92,75,100.0,50.61,70-80
1776,combineGfile.m,74.8,100,66.0,60,100.0,48.0,70-80
1777,combineHeatMaps.m,70.666,100,65.0,45,100.0,43.33,70-80
1778,combineInference.m,72.554,100,58.33,60,100.0,44.44,70-80
1779,combineKeypoints.m,73.818,100,63.64,60,100.0,45.45,70-80
1780,combineMetaCycKEGGModels.m,76.244,80,66.94,90,100.0,44.28,70-80
1781,combineModelGPRs.m,76.146,100,51.55,90,100.0,39.18,70-80
1782,combineMultROIsWithCurrent.m,78.788,100,64.47,90,100.0,39.47,70-80
1783,combineNext.m,78.126,100,68.75,75,100.0,46.88,70-80
1784,combineROIs.m,78.208,80,66.67,90,100.0,54.37,70-80
1785,combineSingleTrackChannelData.m,75.852,60,81.48,60,100.0,77.78,70-80
1786,combineSpatial.m,73.764,100,61.76,60,100.0,47.06,70-80
1787,combinestructs.m,78.868,100,56.6,100,100.0,37.74,70-80
1788,CombineTowYoChi.m,75.956,80,67.78,90,100.0,42.0,70-80
1789,combineTrks.m,77.914,60,86.96,60,100.0,82.61,70-80
1790,combineVec.m,78.032,100,63.64,75,100.0,51.52,70-80
1791,combineViews.m,73.942,60,88.24,45,100.0,76.47,70-80
1792,combineWithMask.m,79.43,100,74.29,60,100.0,62.86,70-80
1793,combine_amp_dem.m,79.736,80,72.09,100,100.0,46.59,70-80
1794,combine_anns.m,74.496,80,57.52,75,100.0,59.96,70-80
1795,combine_blk.m,78.824,100,75.0,75,100.0,44.12,70-80
1796,combine_Callback.m,79.0,60,87.5,60,100.0,87.5,70-80
1797,combine_complex.m,73.334,60,80.0,60,100.0,66.67,70-80
1798,combine_das_oceanus.m,77.282,100,67.92,60,100.0,58.49,70-80
1799,combine_data_complex.m,70.314,100,62.65,60,100.0,28.92,70-80
1800,combine_data_sincos.m,74.0,100,79.0,60,100.0,31.0,70-80
1801,combine_labels.m,76.08,100,62.16,75,100.0,43.24,70-80
1802,combine_marginals_into_joint.m,75.0,30,100.0,45,100.0,100.0,70-80
1803,combine_masks.m,76.992,80,66.96,75,100.0,63.0,70-80
1804,combine_pots.m,72.0,60,73.33,60,100.0,66.67,70-80
1805,combine_recordings.m,70.656,60,79.31,45,100.0,68.97,70-80
1806,combine_shapes.m,70.0,30,87.5,45,100.0,87.5,70-80
1807,combine_tao_data.m,75.764,60,100.0,60,100.0,58.82,70-80
1808,combine_transform.m,72.262,60,89.47,75,100.0,36.84,70-80
1809,combine_ttc.m,71.882,100,82.35,30,100.0,47.06,70-80
1810,combine_tx_rx.m,76.63,80,65.41,90,100.0,47.74,70-80
1811,combine_visitors.m,77.144,100,51.95,100,100.0,33.77,70-80
1812,combnext.m,79.618,60,76.19,100,100.0,61.9,70-80
1813,combntns.m,78.952,100,54.76,90,100.0,50.0,70-80
1814,CombVAD.m,79.924,100,72.31,75,100.0,52.31,70-80
1815,CombVADInterface.m,78.286,100,68.57,60,100.0,62.86,70-80
1816,comb_filter_GUI.m,73.796,80,60.07,90,100.0,38.91,70-80
1817,comb_filter_measurement.m,75.382,80,62.7,90,100.0,44.21,70-80
1818,comb_sort.m,70.154,60,76.92,60,100.0,53.85,70-80
1819,comet.m,73.25,60,68.75,75,100.0,62.5,70-80
1820,comet3.m,70.81,60,66.67,75,100.0,52.38,70-80
1821,cometBrowser2Settings.m,70.634,80,44.07,100,100.0,29.1,70-80
1822,cometBrowserHandle2.m,78.586,70,73.3,100,100.0,49.63,70-80
1823,cometBrowserSettings.m,72.164,80,45.34,100,100.0,35.48,70-80
1824,comet_mod.m,79.026,100,60.98,100,100.0,34.15,70-80
1825,comfigMDCE.m,70.25,100,56.25,45,100.0,50.0,70-80
1826,CommandDataClass.m,77.0,60,75.0,75,100.0,75.0,70-80
1827,CommandWindowTestRunDisplay.m,75.066,80,52.32,100,100.0,43.01,70-80
1828,Command_Interpreter.m,73.416,70,57.36,100,100.0,39.72,70-80
1829,Command_Settings.m,74.144,80,47.93,100,100.0,42.79,70-80
1830,CoMMEA.m,75.926,60,70.37,90,100.0,59.26,70-80
1831,commentAllTryCatch.m,75.692,100,51.28,90,100.0,37.18,70-80
1832,commentlines.m,72.754,80,53.81,90,100.0,39.96,70-80
1833,commentOutBlocksOfOtherCores.m,73.638,60,63.64,90,100.0,54.55,70-80
1834,commonDesigns.m,79.056,80,71.43,90,100.0,53.85,70-80
1835,CommonInverseParameters.m,78.376,80,57.21,100,100.0,54.67,70-80
1836,CommonlyCoupled.m,75.578,60,84.21,60,100.0,73.68,70-80
1837,commonocean2cora.m,74.042,70,56.14,100,100.0,44.07,70-80
1838,commonroad2cora.m,73.606,70,52.87,100,100.0,45.16,70-80
1839,CommonSample.m,78.224,100,55.56,100,100.0,35.56,70-80
1840,comp.m,73.316,60,68.42,75,100.0,63.16,70-80
1841,compactWrapper.m,77.262,100,53.68,100,100.0,32.63,70-80
1842,compact_.m,79.258,100,53.7,100,100.0,42.59,70-80
1843,compact_fourier_coeff.m,73.0,30,87.5,60,100.0,87.5,70-80
1844,CompareAgainstEnum.m,75.384,60,65.38,90,100.0,61.54,70-80
1845,compareAgents.m,76.45,80,55.7,100,100.0,46.55,70-80
1846,compareAllMets.m,79.614,80,69.47,90,100.0,58.6,70-80
1847,compareAmplificatorsWithMeshSize.m,77.292,80,67.77,90,100.0,48.69,70-80
1848,compareAUC.m,76.256,100,65.96,60,100.0,55.32,70-80
1849,compareCalibrations.m,74.938,80,60.34,90,100.0,44.35,70-80
1850,compareCbModels.m,74.35,70,66.28,100,100.0,35.47,70-80
1851,compareCerrWithPyrad.m,76.066,100,60.0,75,100.0,45.33,70-80
1852,compareCerrWithPyradAllFeatures.m,76.728,100,67.9,75,100.0,40.74,70-80
1853,compareClustering2.m,79.762,80,59.81,90,100.0,69.0,70-80
1854,compareConditions.m,75.044,100,67.39,60,100.0,47.83,70-80
1855,compareCosts.m,74.58,100,76.74,45,100.0,51.16,70-80
1856,compareDietPerformance.m,78.382,100,70.21,60,100.0,61.7,70-80
1857,compareDiets.m,77.222,100,68.89,75,100.0,42.22,70-80
1858,CompareDistributions.m,77.95,80,63.75,100,100.0,46.0,70-80
1859,compareeeglabdistrib.m,72.714,60,75.0,75,100.0,53.57,70-80
1860,ComparefMasks.m,74.0,60,81.25,60,100.0,68.75,70-80
1861,compareFoldersLR.m,76.666,100,70.83,75,100.0,37.5,70-80
1862,compareFoldersTB.m,76.874,100,70.83,75,100.0,38.54,70-80
1863,compareInchis.m,78.466,100,65.33,75,100.0,52.0,70-80
1864,compareInterations.m,78.666,100,74.36,60,100.0,58.97,70-80
1865,compareInterations2.m,78.666,100,75.0,60,100.0,58.33,70-80
1866,compareMaleFemale.m,76.894,100,73.68,45,100.0,65.79,70-80
1867,compareMNXmetFormulas.m,77.832,60,83.33,75,100.0,70.83,70-80
1868,compareModelMapFormulas.m,79.874,80,69.16,90,100.0,60.21,70-80
1869,compareModelsFeatures.m,75.67,80,65.27,75,100.0,58.08,70-80
1870,compareMultipleModels.m,77.934,80,62.0,100,100.0,47.67,70-80
1871,compareMultSamp.m,75.392,100,60.78,75,100.0,41.18,70-80
1872,compareobliquemerctri.m,74.646,100,76.47,45,100.0,51.76,70-80
1873,CompareOutput.m,78.668,60,86.67,60,100.0,86.67,70-80
1874,compareParticularVademecumSample.m,77.612,80,64.73,100,100.0,43.33,70-80
1875,comparePaths.m,76.45,100,65.22,75,100.0,42.03,70-80
1876,ComparePedersenWithPrincipalStress.m,76.394,80,65.14,100,100.0,36.83,70-80
1877,comparePyradFilters.m,74.624,100,76.56,45,100.0,51.56,70-80
1878,comparePyradWithIBSI1OrigImgWithInterp.m,70.942,80,70.71,60,100.0,44.0,70-80
1879,compareQualAndQuantDir.m,70.39,100,75.61,30,100.0,46.34,70-80
1880,compareRadiomicsWithIBSI1OrigImgWithInterp.m,75.11,80,64.55,75,100.0,56.0,70-80
1881,compareRadiomicsWithPyradOriginalImgNoInterp.m,70.906,100,75.47,30,100.0,49.06,70-80
1882,compareRadiomicsWithPyradWaveletImgNoInterp.m,73.842,100,80.39,30,100.0,58.82,70-80
1883,compareRealData.m,73.19,100,61.9,60,100.0,44.05,70-80
1884,CompareRecordingPC1.m,72.632,100,64.21,60,100.0,38.95,70-80
1885,compareRoi2Sessions.m,73.912,80,65.7,90,100.0,33.86,70-80
1886,compareRxnsGenesMetsComps.m,70.35,80,61.7,60,100.0,50.05,70-80
1887,compareSampleTraj.m,76.176,100,60.78,75,100.0,45.1,70-80
1888,CompareSlopes.m,76.572,100,52.38,90,100.0,40.48,70-80
1889,compareStructs.m,78.944,80,67.36,100,100.0,47.36,70-80
1890,compareTaskVsJointTraj.m,72.956,100,70.33,45,100.0,49.45,70-80
1891,compareTimings.m,77.9,80,67.5,100,100.0,42.0,70-80
1892,compareTwoSamp.m,75.488,100,58.54,75,100.0,43.9,70-80
1893,compareVAD.m,72.0,30,100.0,30,100.0,100.0,70-80
1894,compareVersions.m,74.778,60,77.78,75,100.0,61.11,70-80
1895,compareWithMatlab.m,74.588,100,79.41,45,100.0,48.53,70-80
1896,comparewithreal.m,72.57,60,85.71,60,100.0,57.14,70-80
1897,compareXomicsModels.m,78.624,100,63.54,90,100.0,39.58,70-80
1898,compare_2_endmembers.m,78.57,100,60.2,100,100.0,32.65,70-80
1899,compare_case.m,75.866,80,77.33,90,100.0,32.0,70-80
1900,compare_cg_speed.m,78.144,100,82.86,45,100.0,62.86,70-80
1901,compare_chol_flops.m,72.534,100,64.0,60,100.0,38.67,70-80
1902,compare_clustering_results.m,75.81,100,78.57,60,100.0,40.48,70-80
1903,compare_demo.m,77.686,80,71.43,75,100.0,62.0,70-80
1904,compare_EKF_UKF_Multilat_TS_Trilat_Vicon_demo_lab.m,70.098,80,57.82,75,100.0,37.67,70-80
1905,compare_feature.m,73.058,100,86.76,30,100.0,48.53,70-80
1906,compare_HMR_iHsa_Recon3D_GPRs.m,76.988,80,69.44,75,100.0,60.5,70-80
1907,compare_images.m,72.286,60,92.86,30,100.0,78.57,70-80
1908,compare_m2nist_nets_vs_num_attackedpixels.m,70.546,80,60.99,75,100.0,36.74,70-80
1909,compare_m2nist_nets_vs_relaxFactor.m,71.498,80,64.62,75,100.0,37.87,70-80
1910,compare_m2nist_ReLU_reachTime_vs_others.m,76.422,80,69.72,75,100.0,57.39,70-80
1911,compare_mnist_nets_vs_num_attackedpixels.m,70.16,80,60.59,75,100.0,35.21,70-80
1912,compare_mnist_ReLU_reachTime_vs_others.m,79.668,80,69.03,90,100.0,59.31,70-80
1913,compare_models.m,75.668,100,75.56,45,100.0,57.78,70-80
1914,compare_mult_T.m,77.408,100,68.67,75,100.0,43.37,70-80
1915,compare_new.m,70.092,60,81.82,45,100.0,63.64,70-80
1916,Compare_PQs.m,73.582,100,70.83,45,100.0,52.08,70-80
1917,compare_qrs.m,77.526,60,89.47,75,100.0,63.16,70-80
1918,compare_qskp_dqpsk.m,79.0,100,81.25,45,100.0,68.75,70-80
1919,compare_trunks.m,79.456,80,61.54,100,100.0,55.74,70-80
1920,ComparingSuperEllipseVsRectangle.m,78.182,80,66.44,100,100.0,44.47,70-80
1921,comparison.m,74.286,60,67.86,90,100.0,53.57,70-80
1922,ComparisonComponent.m,79.356,100,59.32,90,100.0,47.46,70-80
1923,comparisonMessage.m,74.848,60,84.62,45,100.0,84.62,70-80
1924,comparison_elements.m,73.348,100,73.91,45,100.0,47.83,70-80
1925,compBoundsPolyZono.m,72.75,60,75.0,60,100.0,68.75,70-80
1926,compDDSampling.m,75.502,80,58.55,90,100.0,48.96,70-80
1927,compdsp.m,77.348,80,67.69,100,100.0,39.05,70-80
1928,comperas.m,77.0,60,85.71,75,100.0,64.29,70-80
1929,Competetetion3_4a_example.m,74.626,100,82.35,30,100.0,60.78,70-80
1930,CompetitiveOperator.m,76.91,100,84.85,30,100.0,69.7,70-80
1931,CompFilterWithPI.m,76.324,100,72.97,60,100.0,48.65,70-80
1932,compheads.m,77.384,80,63.87,100,100.0,43.05,70-80
1933,compHRFs.m,71.384,80,90.54,45,100.0,41.38,70-80
1934,compileBuzcode.m,74.622,100,52.83,75,100.0,45.28,70-80
1935,compileC.m,78.206,60,72.41,100,100.0,58.62,70-80
1936,compileCMatrix.m,79.092,100,63.64,75,100.0,56.82,70-80
1937,compileConstraint.m,78.0,100,53.85,90,100.0,46.15,70-80
1938,compileDir.m,76.728,60,81.82,60,100.0,81.82,70-80
1939,compileDir_simple.m,76.666,60,80.95,90,100.0,52.38,70-80
1940,compileFieldnameIndex.m,74.94,100,61.76,60,100.0,52.94,70-80
1941,compilefma.m,70.666,60,75.0,60,100.0,58.33,70-80
1942,compileinterfacedata.m,74.512,70,58.45,100,100.0,44.11,70-80
1943,CompileLatticeTests.m,70.098,70,48.17,100,100.0,32.32,70-80
1944,compileMexFiles.m,72.0,60,100.0,0,100.0,100.0,70-80
1945,compileModel.m,76.314,60,73.68,90,100.0,57.89,70-80
1946,compileObjective.m,79.2,100,56.0,90,100.0,50.0,70-80
1947,compileQuadratic.m,77.666,60,80.0,75,100.0,73.33,70-80
1948,CompileRobusthom.m,79.332,100,58.33,90,100.0,48.33,70-80
1949,compileRunAndSave.m,77.418,100,46.77,100,100.0,40.32,70-80
1950,compilesos.m,75.284,70,62.62,100,100.0,43.8,70-80
1951,CompileSystem.m,78.236,80,72.79,90,100.0,48.39,70-80
1952,CompileVARnames.m,77.526,60,78.95,75,100.0,73.68,70-80
1953,compile_bilinearslist.m,75.0,30,100.0,45,100.0,100.0,70-80
1954,compile_CERR.m,77.974,80,70.37,90,100.0,49.5,70-80
1955,compile_func.m,71.858,60,75.0,60,100.0,64.29,70-80
1956,compile_me.m,78.944,100,76.39,60,100.0,58.33,70-80
1957,compile_mex.m,77.362,100,50.55,100,100.0,36.26,70-80
1958,compile_mex_list.m,70.154,60,73.08,60,100.0,57.69,70-80
1959,compile_midi.m,74.0,60,100.0,60,100.0,50.0,70-80
1960,compile_quadraticslist.m,75.0,30,100.0,45,100.0,100.0,70-80
1961,compile_sap2matlab.m,74.332,60,85.71,45,100.0,80.95,70-80
1962,compile_stl_mex.m,79.364,100,65.91,90,100.0,40.91,70-80
1963,compile_wafo_mex.m,75.0,100,57.35,75,100.0,42.65,70-80
1964,compile_wafo_mex64.m,75.312,100,57.81,75,100.0,43.75,70-80
1965,compile_win.m,73.52,100,62.03,60,100.0,45.57,70-80
1966,compile_windows.m,71.692,60,76.92,60,100.0,61.54,70-80
1967,complainif_isjavaheadless.m,76.412,60,76.47,75,100.0,70.59,70-80
1968,complainif_notvalidframeobj.m,71.0,30,90.0,45,100.0,90.0,70-80
1969,complementmodel.m,72.5,60,100.0,15,100.0,87.5,70-80
1970,complements.m,77.334,60,91.67,60,100.0,75.0,70-80
1971,complement_pot.m,72.944,80,65.03,75,100.0,44.69,70-80
1972,CompleteLineletSet.m,70.332,60,58.33,75,100.0,58.33,70-80
1973,CompleteLineletSet2.m,73.854,100,46.34,90,100.0,32.93,70-80
1974,CompleteLineletSet3.m,72.202,80,50.96,90,100.0,40.05,70-80
1975,completeSpeciesFolder.m,78.668,100,70.59,60,100.0,62.75,70-80
1976,complete_pattern.m,71.104,100,48.05,75,100.0,32.47,70-80
1977,complete_run.m,71.284,80,59.44,75,100.0,41.98,70-80
1978,completion.m,78.83,100,70.21,75,100.0,48.94,70-80
1979,completion_orth.m,72.982,80,53.03,90,100.0,41.88,70-80
1980,completion_orth_lambda.m,73.758,80,56.56,90,100.0,42.23,70-80
1981,complexBarycentricCoords2Pt.m,71.5,60,75.0,60,100.0,62.5,70-80
1982,complexcirclefactory.m,71.208,80,56.25,75,100.0,44.79,70-80
1983,complexify.m,78.0,30,100.0,60,100.0,100.0,70-80
1984,ComplexRadiationPattern.m,70.154,60,69.23,60,100.0,61.54,70-80
1985,complextest_AD1.m,76.616,100,66.67,60,100.0,56.41,70-80
1986,complextest_AD2.m,76.864,100,64.86,60,100.0,59.46,70-80
1987,Complex_DIIVINE_feature.m,77.706,80,70.95,90,100.0,47.58,70-80
1988,complex_divisive_normalized.m,79.27,100,74.16,75,100.0,47.19,70-80
1989,complex_example_AD.m,76.0,100,65.71,60,100.0,54.29,70-80
1990,complex_function_4_dim.m,72.428,60,85.71,45,100.0,71.43,70-80
1991,complex_lorentz.m,74.334,30,88.89,75,100.0,77.78,70-80
1992,complex_ongrid.m,74.602,80,55.62,100,100.0,37.39,70-80
1993,complex_pipelines.m,74.99,80,54.82,100,100.0,40.13,70-80
1994,ComplianceConstraint.m,78.11,100,64.44,75,100.0,51.11,70-80
1995,ComplianceFromConstitutiveTensor.m,79.356,100,62.71,90,100.0,44.07,70-80
1996,ComplianceFunctionalFromVademecum.m,79.176,100,61.76,90,100.0,44.12,70-80
1997,complianceTensor.m,71.332,60,53.33,90,100.0,53.33,70-80
1998,ComplianceTensor2VoigtConverter.m,78.378,100,48.65,100,100.0,43.24,70-80
1999,ComplianceTensor2VoigtConverterPS.m,78.378,100,48.65,100,100.0,43.24,70-80
2000,ComplianceVoigt2TensorConverter.m,78.858,100,51.43,100,100.0,42.86,70-80
2001,ComplianceVoigt2TensorConverterPS.m,78.378,100,48.65,100,100.0,43.24,70-80
2002,compLikelihoodGMM.m,72.926,60,66.67,75,100.0,62.96,70-80
2003,compLikelihoodGMMFast.m,75.0,100,57.53,75,100.0,42.47,70-80
2004,compLocalSampling.m,75.692,70,68.71,100,100.0,39.75,70-80
2005,compmap.m,79.242,80,66.99,100,100.0,49.22,70-80
2006,compmat.m,70.0,30,80.0,60,100.0,80.0,70-80
2007,compOas.m,73.474,60,84.21,60,100.0,63.16,70-80
2008,compObjHypsFeature.m,79.634,100,74.39,75,100.0,48.78,70-80
2009,componentContribution.m,74.858,100,70.24,60,100.0,44.05,70-80
2010,componentKernReadParamsFromFID.m,77.858,100,62.86,75,100.0,51.43,70-80
2011,componentKernWriteParamsToFID.m,70.092,60,72.73,45,100.0,72.73,70-80
2012,component_boundary.m,70.556,30,88.89,45,100.0,88.89,70-80
2013,component_metrics.m,78.332,100,58.33,90,100.0,43.33,70-80
2014,component_properties.m,75.0,100,54.93,75,100.0,45.07,70-80
2015,compose.m,72.0,100,45.0,75,100.0,40.0,70-80
2016,composeFrames.m,78.54,100,64.86,90,100.0,37.84,70-80
2017,composeHmgPnt.m,73.0,30,87.5,60,100.0,87.5,70-80
2018,ComposeQuat.m,77.0,60,77.78,75,100.0,72.22,70-80
2019,ComposeRotmat.m,77.0,60,77.78,75,100.0,72.22,70-80
2020,composeShape.m,71.77,60,84.62,45,100.0,69.23,70-80
2021,compose_depth.m,71.128,100,65.96,45,100.0,44.68,70-80
2022,compose_displ.m,78.922,100,72.55,75,100.0,47.06,70-80
2023,CompositeAlgorithm.m,79.26,100,54.32,100,100.0,41.98,70-80
2024,CompositeObjectiveFcn.m,73.882,80,50.41,100,100.0,39.0,70-80
2025,CompositeOperator.m,73.666,100,61.11,60,100.0,47.22,70-80
2026,CompositeResultsPrinter.m,75.898,100,47.44,100,100.0,32.05,70-80
2027,composite_likelihood.m,77.424,100,69.7,75,100.0,42.42,70-80
2028,compressfactors.m,75.954,100,66.67,75,100.0,38.1,70-80
2029,CompressImageSvd.m,70.778,100,60.0,45,100.0,48.89,70-80
2030,CompressingVademecumData.m,74.756,80,64.81,90,100.0,38.97,70-80
2031,compression_stage.m,71.666,60,80.0,45,100.0,73.33,70-80
2032,compressLifted.m,79.922,100,78.46,75,100.0,46.15,70-80
2033,compressModelField.m,75.478,60,65.22,100,100.0,52.17,70-80
2034,compressSELVE.m,78.756,100,87.8,45,100.0,60.98,70-80
2035,compressSH.m,74.684,60,84.21,45,100.0,84.21,70-80
2036,compressShape.m,78.512,100,74.42,60,100.0,58.14,70-80
2037,compress_weights.m,75.544,60,95.45,45,100.0,77.27,70-80
2038,compromise_NRpars.m,76.34,80,53.49,100,100.0,48.21,70-80
2039,compRoomHypot.m,78.938,100,73.47,60,100.0,61.22,70-80
2040,compRoomMatchScore.m,74.846,60,92.31,45,100.0,76.92,70-80
2041,compSceneHypsFeatureA.m,74.204,80,71.63,75,100.0,44.39,70-80
2042,compSceneObjsFeatureA.m,74.922,100,77.53,60,100.0,37.08,70-80
2043,compsort.m,77.72,80,61.18,100,100.0,47.42,70-80
2044,comptide_eflux.m,77.846,60,92.31,60,100.0,76.92,70-80
2045,compTriangle.m,76.396,100,69.77,75,100.0,37.21,70-80
2046,compute.m,79.0,100,81.58,45,100.0,68.42,70-80
2047,Compute3D.m,72.058,100,51.47,75,100.0,33.82,70-80
2048,computeAccuracyEYTH.m,78.296,100,72.22,60,100.0,59.26,70-80
2049,computeAccuracyHoF.m,71.332,100,64.44,30,100.0,62.22,70-80
2050,computeACG.m,73.856,60,85.71,45,100.0,78.57,70-80
2051,computeACGprop.m,78.81,100,66.67,75,100.0,52.38,70-80
2052,computeAerodynamicCoefficients.m,73.656,80,79.56,75,100.0,33.72,70-80
2053,computeAffMatChars.m,71.318,100,71.01,45,100.0,40.58,70-80
2054,computeAllFinalRF.m,78.428,60,78.57,75,100.0,78.57,70-80
2055,computeAllFinalRF_Aerts.m,78.428,60,78.57,75,100.0,78.57,70-80
2056,computeAllFinalRF_Aerts_Old.m,78.428,60,78.57,75,100.0,78.57,70-80
2057,computeAllFinalRF_HN.m,78.428,60,78.57,75,100.0,78.57,70-80
2058,computeAllModelChoiceTime_HN.m,70.0,60,85.0,30,100.0,75.0,70-80
2059,computeAllModelChoice_batchVASARI_LGG.m,74.666,60,80.0,60,100.0,73.33,70-80
2060,computeAllModelChoice_STS.m,72.428,60,85.71,45,100.0,71.43,70-80
2061,computeAllPredictionTime_HN.m,73.594,60,85.19,45,100.0,77.78,70-80
2062,computeAllPrediction_batchVASARI_LGG.m,73.334,60,80.0,60,100.0,66.67,70-80
2063,computeAllPrediction_HN.m,73.308,60,84.62,45,100.0,76.92,70-80
2064,computeAllPrediction_LGG.m,72.54,60,84.62,45,100.0,73.08,70-80
2065,computeAllPrediction_STS.m,79.556,100,86.11,45,100.0,66.67,70-80
2066,computeAllPrediction_VASARI_LGG.m,72.54,60,84.62,45,100.0,73.08,70-80
2067,ComputeAllSimilarityFactors.m,71.0,60,78.57,45,100.0,71.43,70-80
2068,ComputeAMatrix.m,74.75,60,93.75,45,100.0,75.0,70-80
2069,ComputeApproxMarginalsBP.m,73.176,100,55.88,60,100.0,50.0,70-80
2070,ComputeAreaRatio_NucleiClump.m,70.316,60,68.42,60,100.0,63.16,70-80
2071,computeARI.m,76.666,100,70.83,75,100.0,37.5,70-80
2072,computeAssociations_Clinical_Old.m,79.746,100,67.8,75,100.0,55.93,70-80
2073,computeAssociations_Textures.m,79.546,100,69.32,75,100.0,53.41,70-80
2074,computeAssociations_Textures_Old.m,78.712,80,65.87,90,100.0,57.69,70-80
2075,computeB0DirectionMap.m,75.332,100,64.81,60,100.0,51.85,70-80
2076,ComputeBaseComponent.m,73.83,80,54.49,100,100.0,34.66,70-80
2077,computeBGU.m,75.414,100,70.73,60,100.0,46.34,70-80
2078,computeBodyJacobian.m,72.888,60,72.22,60,100.0,72.22,70-80
2079,computeBoundariesCost.m,72.766,60,94.12,45,100.0,64.71,70-80
2080,computeCannonicalXformFromIfile.m,70.384,100,73.97,30,100.0,47.95,70-80
2081,computeCapacity.m,74.0,60,78.57,60,100.0,71.43,70-80
2082,computeCartesianPosition.m,71.546,60,68.18,75,100.0,54.55,70-80
2083,ComputeCentroidBoundaryPairs.m,73.126,80,66.3,75,100.0,44.33,70-80
2084,computeClinicalResults_RF.m,79.3,100,76.34,75,100.0,45.16,70-80
2085,computeCoeffs.m,77.532,100,74.47,60,100.0,53.19,70-80
2086,ComputeConfidenceAsScene.m,70.23,60,76.92,45,100.0,69.23,70-80
2087,computeConnectedComponents.m,70.666,100,61.11,45,100.0,47.22,70-80
2088,computeConstraintCustomizedCost.m,79.91,100,97.73,45,100.0,56.82,70-80
2089,computeconstraintresiduals.m,77.162,100,70.97,60,100.0,54.84,70-80
2090,computeCoordMap.m,71.0,60,75.0,45,100.0,75.0,70-80
2091,computeCOR.m,78.086,100,67.39,60,100.0,63.04,70-80
2092,computeCorAnalSeries.m,74.142,100,68.57,45,100.0,57.14,70-80
2093,computeCORE9.m,72.532,100,69.14,75,100.0,18.52,70-80
2094,computeCORE9_rcc5.m,72.108,100,67.47,75,100.0,18.07,70-80
2095,computeCorrelationMap.m,76.29,100,59.68,75,100.0,46.77,70-80
2096,computeCortMagFunction.m,74.424,100,63.64,60,100.0,48.48,70-80
2097,computeCostAndGradRAE.m,78.812,80,66.67,100,100.0,47.39,70-80
2098,computeCounts.m,71.5,60,79.17,60,100.0,58.33,70-80
2099,computeCrossScanCorrelationMap.m,74.508,80,56.25,90,100.0,46.29,70-80
2100,computeCuboidImgFea.m,74.134,80,71.67,75,100.0,44.0,70-80
2101,computeDefaultCarDir.m,74.668,100,77.78,60,100.0,35.56,70-80
2102,computeDegVisAngle_helper.m,76.798,100,66.29,75,100.0,42.7,70-80
2103,computeDeparture.m,74.262,80,81.08,60,100.0,50.23,70-80
2104,computeDepthCues.m,73.8,100,70.0,45,100.0,54.0,70-80
2105,ComputeDescriptorLikelihoods.m,73.82,100,57.58,60,100.0,51.52,70-80
2106,ComputeDescriptors.m,72.872,100,87.1,45,100.0,32.26,70-80
2107,computeDetectionPoses3d.m,74.556,100,72.22,45,100.0,55.56,70-80
2108,ComputeDiceBetweenLabels.m,71.456,100,64.91,45,100.0,47.37,70-80
2109,computedimacs.m,74.058,100,62.35,75,100.0,32.94,70-80
2110,computeDistance.m,70.666,60,75.0,60,100.0,58.33,70-80
2111,ComputeDistanceTest.m,73.702,100,63.83,60,100.0,44.68,70-80
2112,ComputeDistBetweenLabels.m,71.594,100,66.67,45,100.0,46.3,70-80
2113,computeDistMatrix.m,76.666,60,73.33,90,100.0,60.0,70-80
2114,computeDistMatrix_AVFC.m,79.692,100,55.38,100,100.0,43.08,70-80
2115,computeDMFromDV.m,77.526,60,89.47,75,100.0,63.16,70-80
2116,ComputedTorque.m,78.0,60,100.0,30,100.0,100.0,70-80
2117,computeEccVector.m,72.0,30,100.0,30,100.0,100.0,70-80
2118,computeEdges.m,71.334,60,80.0,60,100.0,56.67,70-80
2119,computeEigenvectorsAffineConstraint.m,77.648,100,69.12,75,100.0,44.12,70-80
2120,computeEnergyBinaryPairwise.m,77.0,100,65.62,60,100.0,59.38,70-80
2121,computeError.m,78.0,100,58.33,90,100.0,41.67,70-80
2122,computeErrorMatching.m,77.848,60,84.62,60,100.0,84.62,70-80
2123,computeEulerAngle.m,70.308,60,84.62,30,100.0,76.92,70-80
2124,ComputeExactMarginalsHMM.m,72.6,60,68.0,75,100.0,60.0,70-80
2125,ComputeExpansion.m,78.0,100,62.86,90,100.0,37.14,70-80
2126,computeExtCORE9c.m,72.978,100,51.69,75,100.0,38.2,70-80
2127,computeFeatures.m,73.112,70,76.54,75,100.0,44.02,70-80
2128,computeFFRTcoeff.m,75.222,80,86.11,75,100.0,35.0,70-80
2129,computeFitness.m,75.284,60,85.71,45,100.0,85.71,70-80
2130,computeFluxSplits.m,79.94,60,82.35,75,100.0,82.35,70-80
2131,computeForwardKinematics.m,70.668,60,66.67,60,100.0,66.67,70-80
2132,computeFR.m,73.386,60,92.31,30,100.0,84.62,70-80
2133,computeGaussMixISE.m,78.094,100,60.71,100,100.0,29.76,70-80
2134,ComputeGeodesicProjection.m,71.07,100,51.16,60,100.0,44.19,70-80
2135,ComputeGeometry.m,74.588,60,76.47,60,100.0,76.47,70-80
2136,ComputeGlareImage.m,71.024,100,53.66,60,100.0,41.46,70-80
2137,computeGlobalCMVN.m,79.186,100,72.09,75,100.0,48.84,70-80
2138,computeGlobalPCA.m,78.83,100,72.34,75,100.0,46.81,70-80
2139,computeGO.m,76.726,100,76.36,60,100.0,47.27,70-80
2140,ComputeGOSPAerror_all_trajectory.m,75.842,100,73.68,45,100.0,60.53,70-80
2141,ComputeGOSPAerror_trajectory.m,76.568,100,75.68,45,100.0,62.16,70-80
2142,computeGradient.m,76.108,100,54.05,90,100.0,36.49,70-80
2143,ComputeGradients2D.m,75.942,80,96.18,60,100.0,43.53,70-80
2144,computeHistogram.m,70.668,60,66.67,60,100.0,66.67,70-80
2145,computeHomogeneousTransform.m,72.572,60,71.43,60,100.0,71.43,70-80
2146,computeHVect.m,72.0,30,100.0,30,100.0,100.0,70-80
2147,computeHyperAFromMean.m,72.0,30,100.0,30,100.0,100.0,70-80
2148,computeHyperAFromTrueAnom.m,72.0,30,100.0,30,100.0,100.0,70-80
2149,computeHyperOrbitFromFlybyParams.m,76.742,100,77.42,45,100.0,61.29,70-80
2150,computeHyperOrbitFromMultiFlybyParams.m,77.0,100,77.5,45,100.0,62.5,70-80
2151,computeHyperSVectOVect.m,70.222,60,88.89,30,100.0,72.22,70-80
2152,computeHypOrbitFromEllipticTarget.m,71.962,100,62.96,45,100.0,51.85,70-80
2153,computeInertialBodyAxesFromFrameAeroAngles.m,77.57,100,77.14,45,100.0,65.71,70-80
2154,computeInertialBodyAxesFromFrameEuler.m,78.698,100,78.79,45,100.0,69.7,70-80
2155,computeInitialEllipsoid.m,79.644,100,55.36,100,100.0,42.86,70-80
2156,ComputeInitialPotentials.m,76.404,100,59.65,75,100.0,47.37,70-80
2157,ComputeInputSignals.m,76.452,80,56.1,100,100.0,46.16,70-80
2158,computeInternalMetaboliteProduction.m,75.494,80,56.14,100,100.0,41.33,70-80
2159,ComputeInvPolarApData.m,76.584,100,75.0,60,100.0,47.92,70-80
2160,computeISIprop.m,74.608,100,60.87,60,100.0,52.17,70-80
2161,computeJGJacobian.m,71.77,80,65.35,45,100.0,68.5,70-80
2162,computeJGObjective.m,72.556,100,63.89,60,100.0,38.89,70-80
2163,ComputeJointDistribution.m,76.23,60,76.92,75,100.0,69.23,70-80
2164,computeKCcorrection.m,70.876,100,59.38,45,100.0,50.0,70-80
2165,ComputeKernel.m,74.938,100,43.04,100,100.0,31.65,70-80
2166,ComputeKernelTest.m,77.538,100,50.77,100,100.0,36.92,70-80
2167,computeKFirstEigenvectors.m,79.374,100,65.62,75,100.0,56.25,70-80
2168,ComputeL.m,75.182,60,72.73,75,100.0,68.18,70-80
2169,computeLabelWeights.m,72.852,60,88.89,45,100.0,70.37,70-80
2170,computeLaunchWindows.m,77.0,100,75.0,60,100.0,50.0,70-80
2171,ComputeLinePtVote.m,77.25,60,93.75,45,100.0,87.5,70-80
2172,computelnZ.m,78.782,60,91.3,60,100.0,82.61,70-80
2173,ComputeLP_metric_all_error.m,73.21,100,63.16,45,100.0,57.89,70-80
2174,ComputeLP_metric_all_error_final.m,73.446,100,66.67,45,100.0,55.56,70-80
2175,ComputeLP_metric_error.m,73.572,100,68.57,45,100.0,54.29,70-80
2176,computem.m,71.0,60,78.57,45,100.0,71.43,70-80
2177,computeMcoeffs.m,74.858,100,74.29,60,100.0,40.0,70-80
2178,computeMeanMotion.m,72.0,30,100.0,30,100.0,100.0,70-80
2179,computeMeshEdges.m,77.052,100,61.54,75,100.0,48.72,70-80
2180,computeMetFormulae.m,76.992,70,66.2,100,100.0,48.76,70-80
2181,computeMin2Norm_HH_ori.m,75.334,60,75.0,75,100.0,66.67,70-80
2182,computeMinDist.m,76.03,80,68.64,90,100.0,41.51,70-80
2183,computeMinkowski2D.m,76.214,80,52.25,100,100.0,48.82,70-80
2184,computeMinkowski3D.m,73.504,80,49.52,100,100.0,38.0,70-80
2185,computeModelCoefficientsTime_HN.m,76.0,100,64.0,60,100.0,56.0,70-80
2186,computeModelProperties.m,77.696,100,64.04,75,100.0,49.44,70-80
2187,ComputeMVM.m,77.744,80,64.39,100,100.0,44.33,70-80
2188,computeNcutConstraint_projection.m,78.31,100,53.52,100,100.0,38.03,70-80
2189,computeNeighbors.m,71.91,60,81.82,45,100.0,72.73,70-80
2190,ComputeNetworkComponent.m,72.332,100,64.58,45,100.0,52.08,70-80
2191,ComputeNormlizedSGD.m,71.22,100,57.14,60,100.0,38.96,70-80
2192,ComputeNow.m,76.702,100,50.52,100,100.0,32.99,70-80
2193,computeNsym.m,79.482,100,64.2,90,100.0,43.21,70-80
2194,computeNumericalGradientLayer_tree2.m,71.564,80,58.82,75,100.0,44.0,70-80
2195,computeNumericalGradient_SR.m,73.286,60,78.57,60,100.0,67.86,70-80
2196,computeNumSamples.m,71.616,60,61.54,75,100.0,61.54,70-80
2197,computeOmnivariance.m,77.5,100,47.5,100,100.0,40.0,70-80
2198,ComputePairwiseFactors.m,71.778,60,72.22,60,100.0,66.67,70-80
2199,computePandPi.m,79.446,100,66.67,75,100.0,55.56,70-80
2200,computePanoOmap.m,75.544,100,75.95,60,100.0,41.77,70-80
2201,computeParetoOptimality.m,76.228,80,58.82,100,100.0,42.32,70-80
2202,computePascalScore.m,72.0,30,100.0,30,100.0,100.0,70-80
2203,computePGDAttack.m,70.206,60,75.86,60,100.0,55.17,70-80
2204,computePolyMeasFIM.m,73.022,100,53.85,75,100.0,36.26,70-80
2205,computePorkChopData.m,77.236,80,67.61,90,100.0,48.57,70-80
2206,computePreciseUB.m,77.684,60,84.21,60,100.0,84.21,70-80
2207,ComputePrecisionRecall.m,73.162,80,50.81,90,100.0,45.0,70-80
2208,computePredictionStruct.m,76.898,100,71.43,60,100.0,53.06,70-80
2209,ComputePreTurn.m,76.888,80,77.22,75,100.0,52.22,70-80
2210,computeProjectedMap.m,77.372,60,85.19,75,100.0,66.67,70-80
2211,computePSS.m,73.556,30,88.89,60,100.0,88.89,70-80
2212,computeQ.m,73.0,60,86.67,45,100.0,73.33,70-80
2213,computequality.m,70.126,100,60.56,45,100.0,45.07,70-80
2214,computeR1_Test.m,76.62,100,54.05,75,100.0,54.05,70-80
2215,computeRadiusFromTrueAEcc.m,72.0,30,100.0,30,100.0,100.0,70-80
2216,computeRandomVectorCentroid.m,77.728,100,65.91,75,100.0,47.73,70-80
2217,computeRatioConfidenceInterval.m,75.78,80,67.78,90,100.0,41.12,70-80
2218,computeReconstructionFeatures.m,78.254,80,65.22,100,100.0,46.05,70-80
2219,computeRepresentation.m,79.878,100,68.29,75,100.0,56.1,70-80
2220,computeRerankScores.m,75.12,80,66.23,75,100.0,54.37,70-80
2221,computeRescuedGenes.m,76.998,80,64.8,100,100.0,40.19,70-80
2222,computerInfoTest.m,74.526,60,78.95,60,100.0,73.68,70-80
2223,computeRobNeighborhoods.m,71.562,80,66.49,75,100.0,36.32,70-80
2224,ComputeRowNo.m,78.0,30,100.0,60,100.0,100.0,70-80
2225,computeRVFpaFromSmaEccTru.m,72.0,30,100.0,30,100.0,100.0,70-80
2226,computeSAD.m,76.334,100,61.67,75,100.0,45.0,70-80
2227,ComputeSaliency.m,70.332,100,64.44,45,100.0,42.22,70-80
2228,ComputeSCDs.m,71.546,60,63.64,75,100.0,59.09,70-80
2229,computeSED_NOnorm.m,75.556,100,61.11,75,100.0,41.67,70-80
2230,computeSelectedFeaturesMap.m,78.958,100,76.09,60,100.0,58.7,70-80
2231,computeSentRepresentations.m,77.666,80,67.89,75,100.0,65.44,70-80
2232,computeSf.m,70.23,60,76.92,45,100.0,69.23,70-80
2233,computeSigmaMap.m,74.236,100,73.53,30,100.0,67.65,70-80
2234,ComputeSimilarityFactor.m,74.332,60,83.33,45,100.0,83.33,70-80
2235,computeSmaEccFromRaRp.m,72.0,30,100.0,30,100.0,100.0,70-80
2236,computeSmaEccTruFromRVFpa.m,71.332,60,83.33,30,100.0,83.33,70-80
2237,computeSpatialGradient.m,77.858,100,60.0,75,100.0,54.29,70-80
2238,computeSpatialJacobian.m,72.888,60,72.22,60,100.0,72.22,70-80
2239,computeSpectralPowers.m,72.666,100,85.71,30,100.0,47.62,70-80
2240,computeSR_Numerical.m,79.5,80,50.0,100,100.0,67.5,70-80
2241,computeSR_UB_Pullin.m,75.34,100,54.24,75,100.0,47.46,70-80
2242,computeStateResponses.m,73.4,60,68.0,75,100.0,64.0,70-80
2243,computeStaticMargin.m,76.77,100,87.18,30,100.0,66.67,70-80
2244,ComputeStatisticsOnDistMat.m,72.488,100,53.66,60,100.0,48.78,70-80
2245,computeStreamlines.m,73.068,80,58.67,90,100.0,36.67,70-80
2246,computeStreamlines2D3DProximity.m,75.582,100,56.04,90,100.0,31.87,70-80
2247,computeSunDotNormal.m,72.0,30,100.0,30,100.0,100.0,70-80
2248,computeSynodicPeriod.m,72.0,30,100.0,30,100.0,100.0,70-80
2249,computeSyntheticExampleMatching.m,79.0,100,73.33,75,100.0,46.67,70-80
2250,computeTalairach.m,74.588,70,64.88,100,100.0,38.06,70-80
2251,computeTextons.m,74.334,60,91.67,45,100.0,75.0,70-80
2252,computeTFP.m,75.988,80,67.72,90,100.0,42.22,70-80
2253,computeTFPmulticut.m,75.988,80,67.72,90,100.0,42.22,70-80
2254,computeTFP_spatial.m,76.216,80,67.44,90,100.0,43.64,70-80
2255,ComputeTraj.m,70.502,70,46.17,100,100.0,36.34,70-80
2256,ComputeTrajSensi.m,79.01,100,61.62,90,100.0,43.43,70-80
2257,computeTrans.m,73.63,60,89.47,45,100.0,73.68,70-80
2258,ComputeTripletFactors.m,73.958,60,69.57,75,100.0,65.22,70-80
2259,computeTrueAFromRadiusEcc.m,72.0,30,100.0,30,100.0,100.0,70-80
2260,computeTrueAnomFromEccAnom.m,72.0,30,100.0,30,100.0,100.0,70-80
2261,computeTrueAnomFromHypAnom.m,72.0,30,100.0,30,100.0,100.0,70-80
2262,ComputeTWA.m,73.0,30,80.0,75,100.0,80.0,70-80
2263,computeTwist.m,74.91,60,81.82,60,100.0,72.73,70-80
2264,computeUptakeSecretion.m,76.622,80,61.78,100,100.0,41.33,70-80
2265,computeValidDimensions.m,73.092,60,72.73,60,100.0,72.73,70-80
2266,computeVelFrameInVvlhFrame.m,70.0,60,80.0,30,100.0,80.0,70-80
2267,computeVolumeResults_Regression.m,76.826,100,76.09,45,100.0,63.04,70-80
2268,computeVolumeResults_RF.m,79.138,100,71.26,75,100.0,49.43,70-80
2269,computeVvlhFrame.m,72.0,30,100.0,30,100.0,100.0,70-80
2270,computeWeight.m,76.304,100,71.74,75,100.0,34.78,70-80
2271,computeWishTrace.m,79.942,60,88.24,75,100.0,76.47,70-80
2272,computeXformFromIfile.m,72.774,100,71.7,45,100.0,47.17,70-80
2273,Compute_300VW_errors.m,70.83,80,71.32,60,100.0,42.83,70-80
2274,compute_adjacent_stats.m,73.924,100,61.54,60,100.0,48.08,70-80
2275,compute_all_patch.m,74.466,100,61.33,75,100.0,36.0,70-80
2276,compute_all_ucms.m,75.466,100,49.3,90,100.0,38.03,70-80
2277,compute_ap.m,79.0,100,77.5,60,100.0,57.5,70-80
2278,compute_approximate_dynamic_images.m,76.364,60,68.18,90,100.0,63.64,70-80
2279,compute_ap_boxesin.m,75.534,80,64.74,90,100.0,42.93,70-80
2280,compute_AP_short.m,75.334,60,75.0,75,100.0,66.67,70-80
2281,compute_average_recall.m,74.334,60,86.67,45,100.0,80.0,70-80
2282,compute_base_mesh.m,79.606,80,89.58,90,100.0,38.45,70-80
2283,compute_batch_coverage.m,70.0,60,80.0,45,100.0,65.0,70-80
2284,compute_bef.m,78.69,100,62.07,90,100.0,41.38,70-80
2285,compute_bellman_residual.m,73.888,100,50.0,75,100.0,44.44,70-80
2286,compute_best_threshold.m,79.336,80,67.61,100,100.0,49.07,70-80
2287,compute_bnet_nparams.m,75.0,30,100.0,45,100.0,100.0,70-80
2288,compute_Bode_grid.m,76.728,60,81.82,60,100.0,81.82,70-80
2289,compute_boundary.m,76.352,100,62.89,90,100.0,28.87,70-80
2290,compute_box_from_room.m,72.246,80,60.81,90,100.0,30.42,70-80
2291,compute_butterfly_neighbors.m,75.666,60,80.0,75,100.0,63.33,70-80
2292,compute_B_primary.m,72.334,60,70.0,75,100.0,56.67,70-80
2293,compute_children.m,75.0,30,100.0,45,100.0,100.0,70-80
2294,compute_circular_jet_hue.m,72.53,100,75.0,45,100.0,42.65,70-80
2295,compute_coeffs_1_2_3_4_5_9_13_17_33_49_approx.m,72.478,100,98.55,45,100.0,18.84,70-80
2296,compute_coeffs_solver_WQ.m,73.01,80,99.05,45,100.0,41.0,70-80
2297,compute_coeffs_solver_WQ_approx.m,74.25,100,100.0,45,100.0,26.25,70-80
2298,compute_combinatorial_laplacian.m,72.554,100,58.33,60,100.0,44.44,70-80
2299,compute_compass_calibration_coefficients.m,76.674,80,70.87,60,100.0,72.5,70-80
2300,compute_conditional_histogram.m,79.068,100,72.88,75,100.0,47.46,70-80
2301,compute_cooling_schedule.m,75.0,30,100.0,45,100.0,100.0,70-80
2302,compute_correlation_coefficients.m,75.132,100,68.67,60,100.0,46.99,70-80
2303,compute_correlation_error.m,78.546,60,90.91,60,100.0,81.82,70-80
2304,compute_cosine_score.m,72.0,30,100.0,30,100.0,100.0,70-80
2305,compute_Cost_SENSE.m,72.066,100,56.0,75,100.0,29.33,70-80
2306,compute_counts.m,72.0,30,100.0,30,100.0,100.0,70-80
2307,Compute_CTDchipod_profile.m,79.464,80,68.32,75,100.0,74.0,70-80
2308,compute_ctrl_energy.m,72.0,30,100.0,30,100.0,100.0,70-80
2309,compute_ctrl_error.m,72.0,30,100.0,30,100.0,100.0,70-80
2310,compute_data_gpu.m,75.874,80,62.16,90,100.0,47.21,70-80
2311,compute_descriptors.m,79.636,100,71.01,75,100.0,52.17,70-80
2312,compute_descriptors_with_landmarks.m,70.666,60,71.43,60,100.0,61.9,70-80
2313,compute_descriptors_with_regions.m,76.0,60,75.0,75,100.0,70.0,70-80
2314,compute_difference.m,73.374,100,65.62,45,100.0,56.25,70-80
2315,compute_distance_graph.m,70.896,60,72.41,60,100.0,62.07,70-80
2316,compute_distance_matrix.m,72.922,100,54.55,75,100.0,35.06,70-80
2317,compute_dubins_param.m,77.168,80,74.79,90,100.0,41.05,70-80
2318,compute_eccentricity_transform.m,75.646,100,66.67,75,100.0,36.56,70-80
2319,compute_eigenvector_ratio.m,70.0,30,87.5,45,100.0,87.5,70-80
2320,compute_erp_features.m,74.858,100,67.86,60,100.0,46.43,70-80
2321,compute_err.m,77.924,80,67.62,90,100.0,52.0,70-80
2322,compute_error.m,74.788,100,73.68,45,100.0,55.26,70-80
2323,compute_error_menpo_1.m,76.118,100,67.65,60,100.0,52.94,70-80
2324,compute_error_menpo_small.m,75.42,100,68.42,60,100.0,48.68,70-80
2325,compute_error_small.m,73.706,100,70.59,45,100.0,52.94,70-80
2326,compute_ersp_times.m,79.942,60,88.24,75,100.0,76.47,70-80
2327,compute_event_exceptionality.m,77.87,80,69.92,90,100.0,49.43,70-80
2328,compute_extrinsic_refine.m,71.104,100,50.65,75,100.0,29.87,70-80
2329,compute_extrinsic_refine2.m,70.802,100,49.38,75,100.0,29.63,70-80
2330,compute_extrinsic_refine_fisheye.m,71.104,100,50.65,75,100.0,29.87,70-80
2331,compute_eye_corner_error.m,70.412,60,82.35,45,100.0,64.71,70-80
2332,compute_f.m,77.626,100,84.38,60,100.0,43.75,70-80
2333,compute_face_ring.m,70.734,100,60.76,60,100.0,32.91,70-80
2334,compute_families.m,72.142,30,100.0,45,100.0,85.71,70-80
2335,compute_families_dbn.m,72.5,30,100.0,45,100.0,87.5,70-80
2336,compute_features.m,79.444,100,71.11,75,100.0,51.11,70-80
2337,compute_features_stft2.m,79.314,100,68.63,75,100.0,52.94,70-80
2338,compute_fidelity.m,79.38,60,80.95,75,100.0,80.95,70-80
2339,compute_fidelity_for_line_search.m,75.236,60,70.59,75,100.0,70.59,70-80
2340,compute_final_multiperson_prediction.m,76.21,100,71.05,60,100.0,50.0,70-80
2341,compute_final_prediction_single_person.m,76.61,100,67.82,75,100.0,40.23,70-80
2342,compute_frame_weights.m,71.91,60,81.82,45,100.0,72.73,70-80
2343,compute_fuchs_criterion.m,75.428,60,85.71,60,100.0,71.43,70-80
2344,compute_full_rank_constraint.m,73.308,60,84.62,45,100.0,76.92,70-80
2345,compute_fwd_interface.m,73.556,30,88.89,60,100.0,88.89,70-80
2346,compute_gains.m,73.606,100,92.42,15,100.0,60.61,70-80
2347,compute_geodesic_dist_matrix.m,70.154,60,69.23,60,100.0,61.54,70-80
2348,compute_geodesic_mesh.m,77.192,80,66.89,100,100.0,39.07,70-80
2349,compute_geometric_laplacian.m,73.032,80,61.49,90,100.0,33.67,70-80
2350,compute_global_error.m,77.274,100,56.82,75,100.0,54.55,70-80
2351,compute_Golden_Ratio_Error.m,72.0,100,53.85,60,100.0,46.15,70-80
2352,compute_gradients.m,72.388,80,54.75,90,100.0,37.19,70-80
2353,compute_gravity_data.m,73.65,80,52.7,90,100.0,45.55,70-80
2354,compute_groundtruth.m,77.126,80,72.44,75,100.0,58.19,70-80
2355,compute_gt_bbox.m,79.178,100,71.79,60,100.0,64.1,70-80
2356,compute_heightMap.m,77.72,100,67.61,90,100.0,30.99,70-80
2357,compute_heuristic_multiresolution.m,73.334,100,57.78,60,100.0,48.89,70-80
2358,compute_histogram_rbf.m,73.636,100,59.09,75,100.0,34.09,70-80
2359,compute_hodge_decompositon.m,78.284,60,85.71,60,100.0,85.71,70-80
2360,compute_hog_internal.m,75.558,80,62.6,90,100.0,45.19,70-80
2361,compute_hufftree.m,70.316,60,78.95,60,100.0,52.63,70-80
2362,compute_ICM_graph_matching.m,79.348,100,67.39,75,100.0,54.35,70-80
2363,COMPUTE_IJ_SPM.m,75.588,100,71.79,60,100.0,46.15,70-80
2364,COMPUTE_IJ_SPM_N.m,75.5,100,75.0,60,100.0,42.5,70-80
2365,compute_impulse_noise.m,71.0,60,81.25,45,100.0,68.75,70-80
2366,compute_infos.m,72.888,60,83.33,60,100.0,61.11,70-80
2367,compute_interface_nodes.m,72.234,60,82.35,60,100.0,58.82,70-80
2368,compute_interfiber_distances.m,78.046,100,72.09,60,100.0,58.14,70-80
2369,compute_interfiber_distances_multires.m,77.552,80,55.93,100,100.0,51.83,70-80
2370,compute_inversed_TTC.m,77.696,80,61.83,100,100.0,46.65,70-80
2371,compute_inversed_TTC_video.m,76.894,80,60.69,100,100.0,43.78,70-80
2372,compute_joint_pair_stats.m,73.332,100,63.33,60,100.0,43.33,70-80
2373,compute_joint_pot.m,79.856,60,85.71,75,100.0,78.57,70-80
2374,COMPUTE_KL_VPM.m,75.588,100,71.79,60,100.0,46.15,70-80
2375,COMPUTE_KL_VPM_N.m,78.5,100,75.0,75,100.0,42.5,70-80
2376,compute_Kpose_6D.m,73.416,100,80.52,45,100.0,41.56,70-80
2377,compute_kp_APK.m,75.514,100,61.54,75,100.0,41.03,70-80
2378,compute_kurtosis.m,77.0,100,66.0,75,100.0,44.0,70-80
2379,compute_L2_score.m,72.0,30,100.0,30,100.0,100.0,70-80
2380,compute_levelset_mesh.m,76.706,100,76.47,60,100.0,47.06,70-80
2381,compute_lineeq.m,71.444,60,61.11,75,100.0,61.11,70-80
2382,compute_lines.m,70.23,60,76.92,45,100.0,69.23,70-80
2383,compute_local_gap.m,78.0,60,100.0,30,100.0,100.0,70-80
2384,compute_log_lik.m,74.806,100,74.19,45,100.0,54.84,70-80
2385,compute_mask.m,73.856,60,85.71,45,100.0,78.57,70-80
2386,compute_masks.m,75.53,100,64.71,60,100.0,52.94,70-80
2387,compute_matchingW.m,70.364,60,77.27,60,100.0,54.55,70-80
2388,compute_MC_2x2_telatar.m,74.5,100,65.62,60,100.0,46.88,70-80
2389,compute_mesh_gradient.m,70.668,60,76.67,60,100.0,56.67,70-80
2390,compute_mesh_laplacian.m,75.148,60,77.78,75,100.0,62.96,70-80
2391,compute_mesh_local_covariance.m,77.91,100,75.0,60,100.0,54.55,70-80
2392,compute_metrics.m,78.386,80,66.67,100,100.0,45.26,70-80
2393,compute_metrics_regression.m,72.244,100,59.46,45,100.0,56.76,70-80
2394,compute_minimal_interface.m,76.834,60,100.0,45,100.0,79.17,70-80
2395,compute_modularity.m,79.386,60,92.31,60,100.0,84.62,70-80
2396,compute_mpii_crop_size.m,75.684,100,65.79,60,100.0,52.63,70-80
2397,compute_MPIS.m,77.684,60,89.47,60,100.0,78.95,70-80
2398,compute_M_ver2.m,70.142,100,65.71,45,100.0,40.0,70-80
2399,Compute_N2_dTdz_forChi_line.m,74.79,100,67.44,60,100.0,46.51,70-80
2400,Compute_N2_dTdz_forChi_raw_line.m,75.256,100,67.44,60,100.0,48.84,70-80
2401,compute_nearest_neighbors.m,70.328,80,56.14,75,100.0,40.5,70-80
2402,compute_neighborhood.m,72.0,60,75.0,60,100.0,65.0,70-80
2403,compute_nn_distance.m,74.326,100,62.92,75,100.0,33.71,70-80
2404,compute_normal_from_mesh.m,70.412,60,76.47,45,100.0,70.59,70-80
2405,compute_norm_sign_scaling_factor.m,76.0,100,65.71,60,100.0,54.29,70-80
2406,compute_orthoproj_triangulation.m,77.16,100,74.19,60,100.0,51.61,70-80
2407,compute_overlap.m,76.138,100,65.52,60,100.0,55.17,70-80
2408,compute_overshoot.m,72.0,30,100.0,30,100.0,100.0,70-80
2409,compute_overturns2.m,78.438,80,69.44,90,100.0,52.75,70-80
2410,compute_pairwise_distance.m,72.0,30,100.0,30,100.0,100.0,70-80
2411,compute_pairwise_histogram.m,76.118,100,67.65,60,100.0,52.94,70-80
2412,compute_pairwise_probabilities.m,79.982,80,69.4,100,100.0,50.51,70-80
2413,compute_parameterization.m,77.314,80,61.28,100,100.0,45.29,70-80
2414,compute_permutation_constraint4.m,71.14,100,49.12,75,100.0,31.58,70-80
2415,compute_pid_controller.m,75.636,100,72.73,60,100.0,45.45,70-80
2416,Compute_PK_kernels.m,72.572,100,66.07,45,100.0,51.79,70-80
2417,compute_point_laplacian.m,79.632,60,84.21,75,100.0,78.95,70-80
2418,compute_point_weight.m,76.546,80,52.73,100,100.0,50.0,70-80
2419,compute_power.m,72.0,30,100.0,30,100.0,100.0,70-80
2420,compute_psnrb.m,73.166,60,75.0,60,100.0,70.83,70-80
2421,compute_rad_distmap.m,78.038,100,64.56,75,100.0,50.63,70-80
2422,compute_rank.m,74.332,100,53.33,75,100.0,43.33,70-80
2423,compute_rbf.m,70.896,60,79.31,60,100.0,55.17,70-80
2424,compute_recall_per_IoU_of_bboxes.m,78.334,60,80.0,75,100.0,76.67,70-80
2425,compute_recall_precision_accuracy_3d.m,75.888,80,68.39,90,100.0,41.05,70-80
2426,compute_recall_precision_accuracy_3dview.m,79.058,80,70.29,100,100.0,45.0,70-80
2427,compute_recall_precision_accuracy_azimuth.m,79.08,80,69.64,100,100.0,45.76,70-80
2428,compute_recall_precision_accuracy_bins.m,78.91,80,69.39,100,100.0,45.16,70-80
2429,compute_recall_precision_accuracy_continuous.m,76.888,80,69.66,90,100.0,44.78,70-80
2430,compute_resistance_distances.m,71.91,60,81.82,45,100.0,72.73,70-80
2431,compute_rf_spsp_mgh.m,78.488,80,65.44,100,100.0,47.0,70-80
2432,compute_rmse.m,74.426,100,57.58,60,100.0,54.55,70-80
2433,Compute_Robustness.m,73.058,80,48.55,100,100.0,36.74,70-80
2434,Compute_Robustness_Right.m,72.876,70,50.92,100,100.0,43.46,70-80
2435,Compute_Robustness_Sub.m,74.168,80,50.53,100,100.0,40.31,70-80
2436,compute_roc.m,74.182,100,63.64,60,100.0,47.27,70-80
2437,compute_rotation_classes.m,76.668,80,57.14,100,100.0,46.2,70-80
2438,compute_RO_mix.m,72.88,70,58.17,100,100.0,36.23,70-80
2439,compute_RR.m,71.262,100,71.05,30,100.0,55.26,70-80
2440,compute_saddle_points.m,73.782,100,71.74,45,100.0,52.17,70-80
2441,compute_saliency.m,77.476,60,85.71,75,100.0,66.67,70-80
2442,compute_semiregular_gim.m,77.108,100,83.78,45,100.0,56.76,70-80
2443,compute_sensing_SNR.m,75.0,30,100.0,45,100.0,100.0,70-80
2444,compute_sigma_points.m,71.91,60,81.82,45,100.0,72.73,70-80
2445,compute_SINR.m,76.386,60,92.31,45,100.0,84.62,70-80
2446,compute_skewness.m,77.4,100,66.0,75,100.0,46.0,70-80
2447,compute_slice_leakage.m,78.226,100,70.97,75,100.0,45.16,70-80
2448,compute_SOC.m,72.0,30,100.0,30,100.0,100.0,70-80
2449,compute_spatio_temporal_iou.m,78.018,100,69.81,75,100.0,45.28,70-80
2450,compute_spectrum.m,78.446,100,80.56,45,100.0,66.67,70-80
2451,compute_ssim_index.m,72.772,70,54.78,100,100.0,39.08,70-80
2452,compute_ss_time.m,72.142,30,100.0,45,100.0,85.71,70-80
2453,compute_stats.m,77.152,100,69.7,60,100.0,56.06,70-80
2454,compute_stat_images.m,70.472,60,73.68,45,100.0,73.68,70-80
2455,compute_strides.m,78.112,60,77.78,75,100.0,77.78,70-80
2456,compute_swarm_performance.m,75.074,80,67.52,75,100.0,52.85,70-80
2457,compute_SWTFiltResp.m,73.308,60,84.62,45,100.0,76.92,70-80
2458,compute_synthetic_dictionary.m,77.006,80,62.05,100,100.0,42.98,70-80
2459,compute_tensor_field_random.m,74.436,60,86.96,60,100.0,65.22,70-80
2460,compute_texton_response.m,71.144,60,71.43,60,100.0,64.29,70-80
2461,compute_texture_patchwork.m,72.444,100,67.78,60,100.0,34.44,70-80
2462,compute_tf_model.m,73.0,100,83.33,15,100.0,66.67,70-80
2463,compute_tlvqm_naive_features_for_feature_fusion.m,79.352,100,77.94,60,100.0,58.82,70-80
2464,compute_tomography_mask.m,75.546,60,90.91,45,100.0,81.82,70-80
2465,compute_trace_features.m,72.968,100,62.9,60,100.0,41.94,70-80
2466,compute_trajectory.m,75.0,30,100.0,45,100.0,100.0,70-80
2467,compute_triangulation_angles.m,71.588,60,82.35,45,100.0,70.59,70-80
2468,compute_tsvm_deltas.m,72.0,30,100.0,30,100.0,100.0,70-80
2469,compute_tTV.m,74.368,60,73.68,75,100.0,63.16,70-80
2470,compute_velocity.m,77.79,100,78.95,60,100.0,50.0,70-80
2471,compute_vel_olfati_saber.m,73.29,80,50.0,100,100.0,36.45,70-80
2472,compute_vel_vasarhelyi.m,73.578,80,52.89,90,100.0,45.0,70-80
2473,compute_vf_angle.m,77.848,60,84.62,60,100.0,84.62,70-80
2474,compute_voronoi_mesh.m,74.5,100,71.25,60,100.0,41.25,70-80
2475,compute_voronoi_triangulation.m,75.732,100,57.73,90,100.0,30.93,70-80
2476,compute_vp_acc_mederror.m,72.818,60,81.82,45,100.0,77.27,70-80
2477,compute_vtx_and_face_normals.m,79.304,100,65.22,90,100.0,41.3,70-80
2478,compute_w1cw.m,78.0,30,100.0,60,100.0,100.0,70-80
2479,compute_w1rms.m,77.332,60,83.33,60,100.0,83.33,70-80
2480,compute_w1rp.m,71.62,60,71.43,60,100.0,66.67,70-80
2481,ComputingCutMeshVectorized.m,76.028,80,61.58,100,100.0,38.56,70-80
2482,ComputingInnerAndBoundaryCutMesh.m,76.43,80,62.64,100,100.0,39.51,70-80
2483,computingOptimal.m,73.74,100,66.67,60,100.0,42.03,70-80
2484,ComputingTopOpt_2Stage.m,77.654,100,55.17,90,100.0,43.1,70-80
2485,comp_cellcoef2tf.m,78.126,100,59.38,75,100.0,56.25,70-80
2486,comp_cep.m,78.226,80,57.94,100,100.0,53.19,70-80
2487,comp_chirpzt.m,77.856,100,66.07,75,100.0,48.21,70-80
2488,comp_constructphasereal.m,79.0,100,65.71,75,100.0,54.29,70-80
2489,comp_dct.m,79.588,100,58.73,90,100.0,49.21,70-80
2490,comp_dgtreal_ola.m,74.326,100,60.47,60,100.0,51.16,70-80
2491,comp_dgt_ola.m,74.726,100,61.36,60,100.0,52.27,70-80
2492,comp_downs.m,70.396,100,58.14,45,100.0,48.84,70-80
2493,comp_dRR.m,70.638,60,63.64,75,100.0,54.55,70-80
2494,comp_dst.m,78.334,100,55.56,100,100.0,36.11,70-80
2495,comp_dtwfb.m,71.768,60,76.92,45,100.0,76.92,70-80
2496,comp_dwiltiii.m,71.142,60,78.57,60,100.0,57.14,70-80
2497,comp_dynamic_feature.m,71.0,60,78.57,45,100.0,71.43,70-80
2498,comp_extBoundary.m,75.486,100,78.38,45,100.0,54.05,70-80
2499,comp_fblowpassfilters.m,77.868,80,66.06,90,100.0,53.28,70-80
2500,comp_filterbank.m,76.5,100,75.0,45,100.0,62.5,70-80
2501,comp_filterbankneighbors.m,73.724,100,65.52,60,100.0,43.1,70-80
2502,comp_filterbankscale.m,79.0,60,80.0,75,100.0,80.0,70-80
2503,comp_filterbank_fft.m,74.846,60,92.31,45,100.0,76.92,70-80
2504,comp_filterbank_fftbl.m,79.898,100,69.39,75,100.0,55.1,70-80
2505,comp_filterbank_pre.m,78.282,80,60.91,90,100.0,60.5,70-80
2506,comp_fourierwindow.m,76.54,80,58.78,100,100.0,43.92,70-80
2507,comp_framelength_fusion.m,72.572,60,71.43,60,100.0,71.43,70-80
2508,comp_framelength_tensor.m,72.0,30,100.0,30,100.0,100.0,70-80
2509,comp_fwseg.m,78.248,80,63.24,100,100.0,48.0,70-80
2510,comp_fwseg_mars.m,74.09,70,81.25,90,100.0,29.2,70-80
2511,comp_fwseg_variant.m,75.318,80,65.13,90,100.0,41.46,70-80
2512,comp_fwtpack2cell.m,71.476,60,80.95,45,100.0,71.43,70-80
2513,comp_gabdual_long.m,70.818,100,66.67,45,100.0,42.42,70-80
2514,comp_gabtight_long.m,70.094,100,57.14,60,100.0,33.33,70-80
2515,comp_gga.m,72.0,60,76.67,60,100.0,63.33,70-80
2516,comp_heapint.m,78.0,30,100.0,60,100.0,100.0,70-80
2517,comp_heapintreal.m,78.0,30,100.0,60,100.0,100.0,70-80
2518,comp_idgtreal.m,71.91,60,81.82,45,100.0,72.73,70-80
2519,comp_idtwfb.m,71.0,60,70.0,60,100.0,65.0,70-80
2520,comp_idwiltii.m,71.5,100,68.75,45,100.0,43.75,70-80
2521,comp_ifftreal.m,71.91,60,81.82,45,100.0,72.73,70-80
2522,comp_ifilterbank.m,76.074,100,66.67,60,100.0,53.7,70-80
2523,comp_ifilterbank_fft.m,76.0,60,91.67,45,100.0,83.33,70-80
2524,comp_inonsepdgt.m,75.514,100,60.26,75,100.0,42.31,70-80
2525,comp_inonsepdgtreal_quinqux.m,76.324,100,67.57,60,100.0,54.05,70-80
2526,comp_inonsepdgt_shear.m,73.182,100,56.57,75,100.0,34.34,70-80
2527,comp_iufwt.m,73.38,60,80.95,45,100.0,80.95,70-80
2528,comp_iuwfbt.m,77.486,100,72.73,45,100.0,69.7,70-80
2529,comp_iuwpfbt.m,77.144,60,67.86,90,100.0,67.86,70-80
2530,comp_iwfbt.m,77.6,60,84.0,60,100.0,84.0,70-80
2531,comp_KR.m,72.23,100,82.05,15,100.0,64.1,70-80
2532,comp_load_solo.m,76.152,100,79.25,60,100.0,41.51,70-80
2533,comp_logE.m,70.474,60,78.95,45,100.0,68.42,70-80
2534,comp_maskedheapint.m,78.0,30,100.0,60,100.0,100.0,70-80
2535,comp_maskedheapintreal.m,78.0,30,100.0,60,100.0,100.0,70-80
2536,comp_multidgtrealmp.m,74.0,30,90.0,60,100.0,90.0,70-80
2537,comp_nonsepdgt_shear.m,71.784,80,56.25,75,100.0,47.67,70-80
2538,comp_nonsepwin2multi.m,70.308,60,84.62,30,100.0,76.92,70-80
2539,comp_nyquistfilt.m,77.332,60,83.33,60,100.0,83.33,70-80
2540,comp_phasegradfilters.m,72.448,100,65.52,45,100.0,51.72,70-80
2541,comp_pos.m,76.474,60,78.95,75,100.0,68.42,70-80
2542,comp_R_appA.m,72.0,30,100.0,30,100.0,100.0,70-80
2543,comp_sigreshape_pre.m,71.446,100,55.56,60,100.0,41.67,70-80
2544,comp_snr.m,79.404,100,59.65,90,100.0,47.37,70-80
2545,comp_struct_old.m,77.948,80,68.68,100,100.0,41.06,70-80
2546,comp_tfrfromwin.m,78.72,100,67.44,75,100.0,51.16,70-80
2547,comp_tstamps.m,72.69,100,58.62,60,100.0,44.83,70-80
2548,comp_ufilterbank_td.m,70.668,60,76.67,60,100.0,56.67,70-80
2549,comp_ups.m,75.928,100,66.07,60,100.0,53.57,70-80
2550,comp_uwfbt.m,71.0,60,75.0,45,100.0,75.0,70-80
2551,comp_warpedfoff.m,77.332,60,83.33,60,100.0,83.33,70-80
2552,comp_warpedfreqresponse.m,72.968,100,62.9,60,100.0,41.94,70-80
2553,comp_wfbt.m,75.818,60,86.36,60,100.0,72.73,70-80
2554,comp_window.m,73.378,80,51.23,100,100.0,35.66,70-80
2555,comp_wpfbtscale.m,72.516,60,72.41,75,100.0,55.17,70-80
2556,comp_wss.m,75.6,80,62.31,100,100.0,35.69,70-80
2557,comp_zerofilt.m,77.476,60,80.95,75,100.0,71.43,70-80
2558,ComSAR_estimator.m,77.37,80,59.49,100,100.0,47.36,70-80
2559,COMSetSubCodes.m,72.25,60,93.75,45,100.0,62.5,70-80
2560,com_char.m,73.856,60,85.71,45,100.0,78.57,70-80
2561,Com_Interface.m,75.54,80,55.2,100,100.0,42.5,70-80
2562,com_stk.m,72.0,30,100.0,30,100.0,100.0,70-80
2563,conc2Rate.m,71.274,60,72.73,60,100.0,63.64,70-80
2564,concatAndAddPathsRecursive.m,77.638,100,54.55,90,100.0,43.64,70-80
2565,concatdata.m,79.428,100,55.71,100,100.0,41.43,70-80
2566,ConcatenateQRSdetectionPayloads.m,77.306,100,58.97,75,100.0,52.56,70-80
2567,concatenateScans.m,79.228,80,67.14,100,100.0,49.0,70-80
2568,concatenate_mp.m,75.198,80,56.13,90,100.0,49.86,70-80
2569,concatenation.m,74.804,100,45.45,100,100.0,28.57,70-80
2570,ConcatenationLayer.m,72.984,80,51.26,100,100.0,33.66,70-80
2571,concatpath.m,79.308,60,84.62,75,100.0,76.92,70-80
2572,ConcatTIMITtalkers.m,73.376,100,62.5,45,100.0,59.38,70-80
2573,ConcatWordsWithSpace.m,78.182,60,72.73,90,100.0,68.18,70-80
2574,concat_QRS_detections.m,75.922,100,62.75,60,100.0,56.86,70-80
2575,ConcentrationTest.m,78.946,100,56.84,100,100.0,37.89,70-80
2576,conc_feature_cell.m,72.332,60,83.33,60,100.0,58.33,70-80
2577,conda.m,72.794,80,49.14,100,100.0,34.83,70-80
2578,condDiscreteProdCpdCreate.m,79.194,100,64.52,75,100.0,56.45,70-80
2579,condense.m,70.556,30,88.89,45,100.0,88.89,70-80
2580,condGauss2Cell.m,75.666,60,83.33,60,100.0,75.0,70-80
2581,condGaussCpdCreate.m,77.036,80,70.94,75,100.0,59.24,70-80
2582,condGaussCpdMultiFit.m,72.668,60,76.67,60,100.0,66.67,70-80
2583,condgaussTrainObserved.m,76.0,60,100.0,45,100.0,75.0,70-80
2584,condgauss_sample.m,75.0,30,100.0,45,100.0,100.0,70-80
2585,ConditionalAction.m,75.4,80,48.36,100,100.0,48.64,70-80
2586,ConditionalHist.m,79.616,80,73.08,100,100.0,45.0,70-80
2587,ConditionalTypeEnum.m,75.518,60,68.97,90,100.0,58.62,70-80
2588,ConditionSet.m,73.112,70,53.13,100,100.0,42.43,70-80
2589,condlist.m,75.518,60,65.52,90,100.0,62.07,70-80
2590,condMixGaussTiedCpdCreate.m,79.564,80,73.05,90,100.0,54.77,70-80
2591,condmutualinfo.m,74.0,60,77.78,60,100.0,72.22,70-80
2592,condor_submit.m,72.578,80,64.94,75,100.0,42.95,70-80
2593,condstat.m,79.896,80,67.81,100,100.0,51.67,70-80
2594,conDstChi.m,73.09,60,77.27,60,100.0,68.18,70-80
2595,conDstGphTra.m,72.0,100,63.16,60,100.0,36.84,70-80
2596,condStudentCpdCreate.m,72.84,80,75.56,60,100.0,48.64,70-80
2597,cond_gauss_inf_engine.m,70.5,60,81.25,30,100.0,81.25,70-80
2598,cond_indep_chisquare.m,75.86,80,58.04,100,100.0,41.26,70-80
2599,cond_indep_fisher_z.m,73.834,100,47.92,90,100.0,31.25,70-80
2600,cond_mutual_info_score.m,70.0,60,80.0,45,100.0,65.0,70-80
2601,coneplotDemo.m,71.486,100,78.79,15,100.0,63.64,70-80
2602,coneTriMesh.m,76.76,80,61.84,100,100.0,41.96,70-80
2603,cone_beam_ct_example.m,73.428,80,65.19,75,100.0,46.95,70-80
2604,confiance.m,72.546,60,100.0,30,100.0,72.73,70-80
2605,confidence_intervals.m,70.704,60,66.67,75,100.0,51.85,70-80
2606,config5GNRModels.m,73.23,60,76.92,60,100.0,69.23,70-80
2607,ConfigBasicSTFT.m,75.0,30,100.0,45,100.0,100.0,70-80
2608,configdata.m,71.77,70,47.42,100,100.0,41.43,70-80
2609,configdataset.m,79.766,80,53.33,100,100.0,65.5,70-80
2610,configEnvVars.m,75.98,80,59.84,100,100.0,40.06,70-80
2611,configFile.m,79.778,100,77.78,60,100.0,61.11,70-80
2612,configFinder.m,75.8,100,98.0,15,100.0,66.0,70-80
2613,configFreeSpaceModel.m,72.0,30,100.0,30,100.0,100.0,70-80
2614,configImgs.m,71.1,80,92.17,30,100.0,53.33,70-80
2615,configMetrics.m,70.554,60,94.44,15,100.0,83.33,70-80
2616,configML.m,76.6,100,98.0,15,100.0,70.0,70-80
2617,configNodes.m,71.666,60,63.33,75,100.0,60.0,70-80
2618,configpanelPHASES.m,76.214,80,75.19,60,100.0,65.88,70-80
2619,configpanelSEARCHWIN.m,72.314,80,69.13,60,100.0,52.44,70-80
2620,configpanelSPLITOPTION.m,79.982,80,73.58,90,100.0,56.33,70-80
2621,configpanelSTATION.m,75.1,80,61.04,90,100.0,44.46,70-80
2622,configPhy.m,78.78,100,76.27,60,100.0,57.63,70-80
2623,configScenario.m,70.85,100,66.67,30,100.0,57.58,70-80
2624,configuration.m,76.094,80,61.4,90,100.0,49.07,70-80
2625,configurationMenu.m,74.636,100,67.03,60,100.0,46.15,70-80
2626,configuration_goodness_gradient.m,72.0,30,100.0,30,100.0,100.0,70-80
2627,configure.m,72.0,100,92.5,0,100.0,67.5,70-80
2628,configureActuator.m,78.888,60,72.22,90,100.0,72.22,70-80
2629,configureDynamics.m,76.53,80,59.65,100,100.0,43.0,70-80
2630,configureKinematics.m,78.3,100,56.72,90,100.0,44.78,70-80
2631,configureSetupThermoModelInputs.m,76.032,80,64.36,90,100.0,45.8,70-80
2632,configureSimParams.m,72.002,80,47.42,100,100.0,32.59,70-80
2633,configureVariables.m,75.91,100,63.64,75,100.0,40.91,70-80
2634,configureVDCModule.m,78.286,60,95.24,60,100.0,76.19,70-80
2635,configure_FNRedundantManipulator.m,75.666,60,93.33,45,100.0,80.0,70-80
2636,configure_GridBased2Dimrotate.m,72.0,30,100.0,30,100.0,100.0,70-80
2637,config_gist.m,71.364,60,90.91,15,100.0,90.91,70-80
2638,config_hog2x2.m,71.0,60,85.0,30,100.0,80.0,70-80
2639,config_hog3x3.m,70.0,60,85.0,30,100.0,75.0,70-80
2640,Config_Multiuser.m,78.182,80,73.45,75,100.0,62.46,70-80
2641,config_nonlinDASys_reach.m,71.334,100,75.56,30,100.0,51.11,70-80
2642,config_nonlinearARX_reach.m,71.714,100,73.81,30,100.0,54.76,70-80
2643,config_nonlinearSysDT_reach.m,71.0,100,72.5,30,100.0,52.5,70-80
2644,config_nonlinearSys_priv_reachInnerParallelotope.m,71.958,100,76.6,30,100.0,53.19,70-80
2645,config_nonlinearSys_priv_reachInnerProjection.m,70.878,100,70.73,30,100.0,53.66,70-80
2646,config_nonlinearSys_priv_reachInnerScaling.m,72.154,100,78.85,30,100.0,51.92,70-80
2647,config_nonlinearSys_reach.m,71.334,100,75.56,30,100.0,51.11,70-80
2648,config_nonlinParamSys_reach.m,71.358,100,80.36,30,100.0,46.43,70-80
2649,config_parallelism.m,78.428,60,78.57,75,100.0,78.57,70-80
2650,config_plot_style.m,72.666,100,100.0,30,100.0,33.33,70-80
2651,config_preset_group.m,73.788,70,59.65,100,100.0,39.29,70-80
2652,config_sequences_lite.m,74.0,30,90.0,60,100.0,90.0,70-80
2653,config_settings.m,71.564,70,52.93,100,100.0,34.89,70-80
2654,config_ssim.m,70.632,60,84.21,30,100.0,78.95,70-80
2655,config_sys.m,73.564,80,55.04,100,100.0,32.78,70-80
2656,ConflictPartition.m,71.526,60,78.95,45,100.0,73.68,70-80
2657,confmaps2pts.m,71.0,60,83.33,45,100.0,66.67,70-80
2658,confMatrix.m,71.0,60,80.77,45,100.0,69.23,70-80
2659,confMatrixShow.m,72.284,60,85.71,30,100.0,85.71,70-80
2660,confmat_new.m,74.984,80,55.68,100,100.0,39.24,70-80
2661,conform.m,78.586,80,59.68,100,100.0,53.25,70-80
2662,ConformityCoefficient.m,72.0,30,100.0,30,100.0,100.0,70-80
2663,conformMapQuadPts1D.m,78.62,100,63.92,90,100.0,39.18,70-80
2664,confounderajust.m,74.0,60,86.67,60,100.0,63.33,70-80
2665,confSynth_dyn.m,78.256,80,65.91,100,100.0,45.37,70-80
2666,confSynth_gray.m,78.714,100,57.14,90,100.0,46.43,70-80
2667,conFun.m,73.386,60,92.31,30,100.0,84.62,70-80
2668,confusionmat.m,70.556,30,88.89,45,100.0,88.89,70-80
2669,confusion_matrix.m,77.0,60,77.78,75,100.0,72.22,70-80
2670,conHst.m,79.0,60,86.67,75,100.0,73.33,70-80
2671,conHyperplane.m,71.368,60,68.42,60,100.0,68.42,70-80
2672,conic.m,77.706,80,69.92,90,100.0,48.61,70-80
2673,ConicalSensor.m,77.672,80,62.5,100,100.0,45.86,70-80
2674,ConicalSensorState.m,76.55,100,53.62,90,100.0,39.13,70-80
2675,coning_minor_v000.m,77.688,80,49.11,100,100.0,59.33,70-80
2676,coning_v000.m,73.38,60,85.71,45,100.0,76.19,70-80
2677,conjgrad.m,77.028,100,56.76,100,100.0,28.38,70-80
2678,ConjGradSolver.m,78.0,100,54.69,90,100.0,45.31,70-80
2679,conjugate.m,76.962,100,62.75,75,100.0,47.06,70-80
2680,conjugateFnExpLowerBound.m,75.876,100,75.0,45,100.0,59.38,70-80
2681,conjugategradient.m,76.528,80,59.76,100,100.0,42.88,70-80
2682,conjugate_dir_gausspts.m,72.826,100,63.04,75,100.0,26.09,70-80
2683,conjugate_dir_gausspts_till_6moment.m,76.02,100,72.45,75,100.0,32.65,70-80
2684,conjunctiveNormalForm.m,78.36,100,50.82,100,100.0,40.98,70-80
2685,conKnlGphPQD.m,76.044,100,58.7,90,100.0,31.52,70-80
2686,conKnlGphTra.m,73.21,100,73.68,45,100.0,47.37,70-80
2687,conKnlLi.m,75.444,100,62.22,75,100.0,40.0,70-80
2688,conMaskLengthyStartVoxels.m,76.936,100,77.78,45,100.0,61.9,70-80
2689,ConnecCoordFromInterpAndMesh.m,76.824,80,63.69,100,100.0,40.43,70-80
2690,ConnecRenumbering.m,73.788,100,57.58,75,100.0,36.36,70-80
2691,Connect1D.m,77.806,100,74.19,60,100.0,54.84,70-80
2692,Connect2D.m,74.0,100,65.62,45,100.0,59.38,70-80
2693,connectAdd.m,77.092,80,66.18,100,100.0,39.28,70-80
2694,ConnectCDDIS.m,78.47,100,73.53,60,100.0,58.82,70-80
2695,connectedComponents.m,71.0,30,90.0,45,100.0,90.0,70-80
2696,connectedComponentV.m,79.95,100,68.29,90,100.0,41.46,70-80
2697,connectedkernel.m,75.894,100,52.63,90,100.0,36.84,70-80
2698,connectedness_metrics.m,77.85,100,56.99,100,100.0,32.26,70-80
2699,connectedRxnsInNullSpace.m,72.766,60,88.24,45,100.0,70.59,70-80
2700,Connected_component_region_2d.m,70.824,100,52.94,60,100.0,41.18,70-80
2701,ConnectGraph.m,75.588,100,55.88,75,100.0,47.06,70-80
2702,ConnectIntersection.m,74.186,100,66.67,45,100.0,59.26,70-80
2703,connectionBasedSmooth.m,76.0,60,80.0,60,100.0,80.0,70-80
2704,connectionLiveDisplay.m,76.488,80,53.88,100,100.0,48.56,70-80
2705,connectionMatrixToFaceList.m,74.526,60,78.95,60,100.0,73.68,70-80
2706,connectivity.m,75.808,100,78.72,45,100.0,55.32,70-80
2707,ConnectivityComputer.m,75.408,80,65.71,90,100.0,41.33,70-80
2708,connectivity_constraint.m,72.764,60,82.35,45,100.0,76.47,70-80
2709,connectivity_map_generator.m,75.178,70,57.14,100,100.0,48.75,70-80
2710,connectivity_matrix.m,75.42,60,73.68,75,100.0,68.42,70-80
2711,ConnectLinearGraph.m,74.692,60,69.23,75,100.0,69.23,70-80
2712,connectMake.m,78.99,80,64.1,100,100.0,50.85,70-80
2713,connectopic_laplacian.m,79.258,80,67.15,90,100.0,59.14,70-80
2714,connectpoly.m,70.25,60,68.75,60,100.0,62.5,70-80
2715,ConnectProfiles.m,70.4,100,56.0,60,100.0,36.0,70-80
2716,connectRxnGapfilling.m,75.854,80,67.27,75,100.0,57.0,70-80
2717,connectToKuka.m,70.09,60,77.27,45,100.0,68.18,70-80
2718,connect_by_inherit_neigh.m,76.446,100,73.02,60,100.0,49.21,70-80
2719,connect_del.m,77.364,60,100.0,45,100.0,81.82,70-80
2720,connect_knn.m,77.668,60,91.67,45,100.0,91.67,70-80
2721,ConnecWithQualityComputer.m,76.568,100,60.78,75,100.0,47.06,70-80
2722,connfreq_estimation.m,76.752,80,74.76,60,100.0,69.0,70-80
2723,conRBF.m,71.286,100,74.29,45,100.0,37.14,70-80
2724,conRbfChi.m,70.578,100,71.05,45,100.0,36.84,70-80
2725,conservationAnalysis.m,75.118,80,57.98,100,100.0,37.61,70-80
2726,ConservedCluster_variability.m,71.98,100,68.09,45,100.0,46.81,70-80
2727,consheat.m,79.38,60,85.71,75,100.0,76.19,70-80
2728,consist.m,76.154,100,59.62,75,100.0,46.15,70-80
2729,consistent.m,74.616,80,60.84,90,100.0,42.24,70-80
2730,consistentILRMA.m,78.428,80,64.1,100,100.0,48.04,70-80
2731,consistentPotentials.m,72.112,100,68.89,45,100.0,46.67,70-80
2732,consoleUnfold2.m,70.554,60,94.44,15,100.0,83.33,70-80
2733,consolidate.m,71.8,60,68.0,75,100.0,56.0,70-80
2734,consolidateall.m,73.666,60,80.0,75,100.0,53.33,70-80
2735,ConsolidateIntervals.m,79.778,100,58.89,100,100.0,40.0,70-80
2736,consolidator.m,75.758,80,61.64,100,100.0,37.15,70-80
2737,ConstantDetectionProbabilityX.m,78.77,100,61.54,90,100.0,42.31,70-80
2738,ConstantFunction.m,73.8,100,52.0,75,100.0,42.0,70-80
2739,ConstantGlobalValues.m,78.06,80,68.8,90,100.0,51.5,70-80
2740,ConstantHeadingModelX.m,76.628,80,54.87,100,100.0,48.27,70-80
2741,ConstantHeadingX.m,74.504,80,51.49,100,100.0,41.03,70-80
2742,ConstantPressureDike.m,76.666,100,68.75,75,100.0,39.58,70-80
2743,CONSTANTS.m,73.666,60,73.33,75,100.0,60.0,70-80
2744,constants1.m,73.0,60,87.5,30,100.0,87.5,70-80
2745,constantSourceTerm.m,72.0,30,100.0,60,100.0,70.0,70-80
2746,ConstantTurnWithCartesianVelocityX.m,74.328,80,52.14,100,100.0,39.5,70-80
2747,ConstantVelocityX.m,73.994,80,50.68,100,100.0,39.29,70-80
2748,Constellation.m,73.256,70,53.89,100,100.0,42.39,70-80
2749,Constellation_Collector.m,72.468,70,61.05,100,100.0,31.29,70-80
2750,constInertialDataOf14R820.m,70.572,100,68.57,30,100.0,54.29,70-80
2751,ConstitutiveTensorRotator.m,72.598,80,64.61,90,100.0,28.38,70-80
2752,constrainedDelaunayTetGen.m,79.692,60,73.08,100,100.0,65.38,70-80
2753,constrainedLSEq.m,79.642,100,73.21,75,100.0,50.0,70-80
2754,constrainedLSLineSpher.m,74.964,100,68.52,60,100.0,46.3,70-80
2755,constrainedLSSpher.m,73.866,100,67.57,45,100.0,56.76,70-80
2756,constrained_foopsi_cvx.m,77.486,100,75.76,45,100.0,66.67,70-80
2757,constrained_oasisAR1.m,71.434,80,62.89,75,100.0,39.28,70-80
2758,constrained_oasisAR2.m,71.244,80,62.03,75,100.0,39.19,70-80
2759,constrained_quadratic.m,72.214,100,56.96,75,100.0,29.11,70-80
2760,constrainRxns.m,73.824,70,58.66,100,100.0,40.46,70-80
2761,constraint.m,77.728,100,54.55,100,100.0,34.09,70-80
2762,constraintclass.m,79.728,60,81.82,75,100.0,81.82,70-80
2763,ConstraintEnum.m,77.344,80,73.68,90,100.0,43.04,70-80
2764,ConstraintEvalTypeEnum.m,79.5,100,57.5,90,100.0,50.0,70-80
2765,ConstraintFCN.m,77.162,100,70.97,60,100.0,54.84,70-80
2766,ConstraintFCN_models.m,78.572,100,67.86,75,100.0,50.0,70-80
2767,ConstraintLoop.m,77.7,80,72.0,100,100.0,36.5,70-80
2768,ConstraintManager.m,79.178,100,62.75,90,100.0,43.14,70-80
2769,constraints.m,74.346,80,58.54,100,100.0,33.19,70-80
2770,ConstraintSet.m,70.66,70,48.66,100,100.0,34.64,70-80
2771,constraintsLBMPC.m,72.888,60,81.48,60,100.0,62.96,70-80
2772,constraintsLMPC.m,73.666,60,74.07,75,100.0,59.26,70-80
2773,ConstraintValues.m,79.286,100,83.93,75,100.0,37.5,70-80
2774,constraint_gen.m,77.472,100,57.47,100,100.0,29.89,70-80
2775,Constraint_priority.m,74.332,60,83.33,45,100.0,83.33,70-80
2776,constraint_residuals.m,79.762,100,82.54,75,100.0,41.27,70-80
2777,constrGroundtruth.m,79.016,100,62.71,90,100.0,42.37,70-80
2778,construct.m,74.91,80,75.47,75,100.0,44.08,70-80
2779,constructBC.m,78.0,100,64.29,90,100.0,35.71,70-80
2780,constructBf.m,76.0,100,60.0,60,100.0,60.0,70-80
2781,constructDecoupledGeneticNetwork.m,79.0,100,65.71,75,100.0,54.29,70-80
2782,constructElementalMatrix.m,79.864,100,70.27,75,100.0,54.05,70-80
2783,constructGeneticNetwork.m,78.748,100,65.62,75,100.0,53.12,70-80
2784,ConstructHaarMat.m,76.5,60,81.25,60,100.0,81.25,70-80
2785,constructheaderstringc.m,72.592,80,51.75,75,100.0,56.21,70-80
2786,constructKernel.m,76.338,100,50.7,100,100.0,30.99,70-80
2787,ConstructMap.m,71.692,60,69.23,60,100.0,69.23,70-80
2788,constructMultiFasta.m,76.764,80,58.97,90,100.0,54.85,70-80
2789,constructODEsol.m,76.958,100,47.83,100,100.0,36.96,70-80
2790,constructonx.m,79.856,60,85.71,75,100.0,78.57,70-80
2791,constructor.m,72.924,70,55.95,100,100.0,38.67,70-80
2792,constructorTurbo.m,78.528,100,61.76,75,100.0,55.88,70-80
2793,constructOutput.m,78.286,60,92.86,60,100.0,78.57,70-80
2794,constructphase.m,79.428,100,61.9,90,100.0,45.24,70-80
2795,constructplanargrad.m,74.076,80,58.97,90,100.0,41.41,70-80
2796,constructpolynomialmatrix.m,73.668,60,66.67,75,100.0,66.67,70-80
2797,constructS.m,78.346,80,62.41,100,100.0,49.32,70-80
2798,constructSigmoidPhenotypeFactor.m,72.0,60,71.43,75,100.0,53.57,70-80
2799,constructstimulusmatrices.m,75.5,100,57.5,75,100.0,45.0,70-80
2800,construct_C.m,71.834,60,87.5,45,100.0,66.67,70-80
2801,construct_counter_inputSet.m,76.232,100,63.08,75,100.0,43.08,70-80
2802,construct_dataset_filenames.m,74.5,60,75.0,75,100.0,62.5,70-80
2803,construct_DeepMIMO_channel.m,75.088,80,67.23,75,100.0,53.21,70-80
2804,construct_DeepMIMO_channel_TD.m,76.84,100,68.97,75,100.0,40.23,70-80
2805,construct_full_type.m,70.748,100,53.12,60,100.0,40.62,70-80
2806,construct_func_handle.m,70.556,30,88.89,45,100.0,88.89,70-80
2807,construct_grid.m,75.03,100,78.79,60,100.0,36.36,70-80
2808,construct_grid_even.m,72.572,60,71.43,60,100.0,71.43,70-80
2809,construct_hierarchical_algorithm.m,75.0,100,60.0,60,100.0,55.0,70-80
2810,Construct_iMSF.m,70.27,80,55.96,60,100.0,55.39,70-80
2811,construct_initial_guess.m,76.822,100,58.82,90,100.0,35.29,70-80
2812,construct_initial_guess_rankOne.m,75.446,100,56.38,90,100.0,30.85,70-80
2813,construct_patches.m,74.644,100,64.29,75,100.0,33.93,70-80
2814,construct_regwindow.m,70.308,60,84.62,30,100.0,76.92,70-80
2815,constr_precond_inner.m,71.174,100,65.22,45,100.0,45.65,70-80
2816,constVel.m,78.378,100,64.15,90,100.0,37.74,70-80
2817,const_bf.m,70.472,60,73.68,45,100.0,73.68,70-80
2818,const_bF_appA.m,73.5,60,87.5,45,100.0,75.0,70-80
2819,const_mv2df.m,71.5,100,65.0,45,100.0,47.5,70-80
2820,const_power_charging.m,77.828,100,68.69,75,100.0,45.45,70-80
2821,consumeSomething.m,79.594,80,71.19,100,100.0,46.78,70-80
2822,cons_smacof_pip.m,71.596,70,50.44,100,100.0,37.54,70-80
2823,ContactFrame.m,74.894,100,40.43,100,100.0,34.04,70-80
2824,Contact_Formualtion.m,77.286,80,56.6,100,100.0,49.83,70-80
2825,Container.m,75.416,80,57.08,100,100.0,40.0,70-80
2826,contains.m,73.0,30,87.5,60,100.0,87.5,70-80
2827,containsPointSet.m,75.572,100,62.86,75,100.0,40.0,70-80
2828,contDynamics.m,79.08,100,56.32,100,100.0,39.08,70-80
2829,contextLayerBackprop.m,74.692,60,69.23,75,100.0,69.23,70-80
2830,contextLayerForward.m,75.112,60,77.78,60,100.0,77.78,70-80
2831,context_rescore.m,71.692,60,76.92,60,100.0,61.54,70-80
2832,contingencyTablePairedDiffPostMc.m,72.546,60,90.91,30,100.0,81.82,70-80
2833,contingencyTableUnpairedDiffPostMc.m,72.546,60,90.91,30,100.0,81.82,70-80
2834,contingent_claims_analysis.m,76.776,80,56.41,100,100.0,47.47,70-80
2835,ContinuousDynamics.m,71.632,80,42.86,100,100.0,35.3,70-80
2836,continuousFFT.m,70.774,70,46.22,100,100.0,37.65,70-80
2837,continuous_ns.m,74.768,60,76.92,60,100.0,76.92,70-80
2838,contour2logic.m,76.296,80,54.55,100,100.0,46.93,70-80
2839,contour3.m,79.952,80,68.93,100,100.0,50.83,70-80
2840,contour3s.m,70.978,80,47.8,100,100.0,27.09,70-80
2841,contourControl.m,73.282,70,49.63,100,100.0,46.78,70-80
2842,ContourFitting.m,76.226,100,53.16,90,100.0,37.97,70-80
2843,contourMatrixToPolylines.m,72.42,60,73.68,60,100.0,68.42,70-80
2844,contours2OWT.m,75.204,80,64.09,100,100.0,31.93,70-80
2845,contours2_demo.m,78.038,100,81.13,60,100.0,49.06,70-80
2846,contourslice.m,79.826,60,78.26,100,100.0,60.87,70-80
2847,contractModel.m,77.37,80,67.91,90,100.0,48.94,70-80
2848,contractParallelLinearization.m,77.562,100,53.66,100,100.0,34.15,70-80
2849,contractPolyBoxRevise.m,71.072,80,45.73,100,100.0,29.63,70-80
2850,contrastBatchGUI.m,74.962,80,58.22,90,100.0,46.59,70-80
2851,contrastGUI.m,72.204,70,51.82,100,100.0,39.2,70-80
2852,ContrastiveLoss.m,77.106,100,74.47,60,100.0,51.06,70-80
2853,ContrastiveLoss_new.m,77.106,100,74.47,60,100.0,51.06,70-80
2854,ContrastTest.m,78.674,100,65.31,75,100.0,53.06,70-80
2855,Contribution.m,79.43,100,65.48,90,100.0,41.67,70-80
2856,ControlBus.m,76.348,100,73.91,60,100.0,47.83,70-80
2857,controlFrame.m,73.472,70,52.04,100,100.0,45.32,70-80
2858,ControllerDesign.m,75.888,60,72.22,75,100.0,72.22,70-80
2859,controller_dfs_variant.m,71.61,100,65.22,45,100.0,47.83,70-80
2860,Controller_PD.m,71.564,100,74.36,45,100.0,38.46,70-80
2861,controller_recon_cL.m,72.764,60,82.35,45,100.0,76.47,70-80
2862,ControlModelX.m,70.668,60,66.67,60,100.0,66.67,70-80
2863,controlPolygon.m,77.16,100,67.74,60,100.0,58.06,70-80
2864,ControlProblem.m,78.296,80,61.01,100,100.0,50.47,70-80
2865,ControlVariableAnalysis.m,72.578,60,84.21,45,100.0,73.68,70-80
2866,control_allocation.m,77.946,80,64.46,100,100.0,45.27,70-80
2867,control_AutomaticGearbox.m,79.58,100,60.53,90,100.0,47.37,70-80
2868,control_beam.m,70.818,100,78.31,30,100.0,45.78,70-80
2869,control_ForceRequestConverter.m,73.524,60,76.19,60,100.0,71.43,70-80
2870,Control_Graph.m,73.064,80,73.65,75,100.0,36.67,70-80
2871,control_IdleSpeedControl.m,70.0,30,80.0,60,100.0,80.0,70-80
2872,control_simple_sync_serial.m,78.186,80,61.9,100,100.0,49.03,70-80
2873,ContrVec.m,72.532,70,51.84,100,100.0,40.82,70-80
2874,contSet.m,78.124,100,51.56,100,100.0,39.06,70-80
2875,contSetOperations.m,74.656,80,59.88,90,100.0,43.4,70-80
2876,cont_ca_sampler.m,76.194,70,67.21,100,100.0,43.76,70-80
2877,conv2c.m,75.112,100,66.67,60,100.0,48.89,70-80
2878,conv2conv1by1.m,75.0,30,100.0,45,100.0,100.0,70-80
2879,conv2conv_f.m,75.0,30,100.0,45,100.0,100.0,70-80
2880,conv2conv_mem.m,78.0,60,86.67,60,100.0,83.33,70-80
2881,conv2full.m,75.0,30,100.0,45,100.0,100.0,70-80
2882,conv2mtx.m,78.596,100,65.67,90,100.0,37.31,70-80
2883,conv2out.m,72.0,30,100.0,30,100.0,100.0,70-80
2884,conv2pool.m,75.0,30,100.0,45,100.0,100.0,70-80
2885,conv2Sparse.m,74.8,100,72.0,60,100.0,42.0,70-80
2886,conv2_New.m,75.0,30,100.0,45,100.0,100.0,70-80
2887,convBconv.m,75.0,30,100.0,45,100.0,100.0,70-80
2888,convBconv_1by1.m,75.0,30,100.0,45,100.0,100.0,70-80
2889,convBconv_last.m,75.0,30,100.0,45,100.0,100.0,70-80
2890,convBconv_mem.m,78.668,60,86.67,60,100.0,86.67,70-80
2891,convBestRot.m,76.482,100,72.41,60,100.0,50.0,70-80
2892,convBinput.m,75.0,30,100.0,45,100.0,100.0,70-80
2893,convBinput_SR.m,73.0,30,87.5,60,100.0,87.5,70-80
2894,convBinput_with_mask.m,77.77,60,80.77,75,100.0,73.08,70-80
2895,convBox.m,74.0,60,85.0,45,100.0,80.0,70-80
2896,convBpool.m,75.0,30,100.0,45,100.0,100.0,70-80
2897,convBpool_mem.m,76.8,60,84.0,60,100.0,80.0,70-80
2898,convcode.m,77.242,100,68.97,100,100.0,17.24,70-80
2899,convdemo.m,76.71,100,54.84,90,100.0,38.71,70-80
2900,convectioncoupledExample.m,76.588,100,100.0,30,100.0,52.94,70-80
2901,convectiondiffusiontutorial.m,77.0,60,100.0,45,100.0,80.0,70-80
2902,convectionODEexample.m,71.572,60,100.0,30,100.0,67.86,70-80
2903,convectionTerm.m,77.334,60,100.0,60,100.0,66.67,70-80
2904,convectionTerm2D.m,70.272,100,86.36,15,100.0,50.0,70-80
2905,convectionTermCylindrical2D.m,70.826,100,86.96,15,100.0,52.17,70-80
2906,convectionTermCylindrical3D.m,70.06,100,92.65,15,100.0,42.65,70-80
2907,convectionTermRadial2D.m,72.13,100,89.13,15,100.0,56.52,70-80
2908,convectionTVDburger.m,76.614,100,89.8,30,100.0,63.27,70-80
2909,convectionTvdRHS.m,76.174,60,100.0,60,100.0,60.87,70-80
2910,convectionTvdRHS1D.m,72.25,100,75.0,30,100.0,56.25,70-80
2911,convectionTvdRHS2D.m,70.688,100,81.25,30,100.0,42.19,70-80
2912,convectionTvdRHS3D.m,70.166,100,87.5,30,100.0,33.33,70-80
2913,convectionTvdRHSCylindrical1D.m,72.112,100,75.0,30,100.0,55.56,70-80
2914,convectionTvdRHSCylindrical2D.m,71.074,100,82.09,30,100.0,43.28,70-80
2915,convectionTvdRHSCylindrical3D.m,71.454,100,87.88,30,100.0,39.39,70-80
2916,convectionTvdRHSRadial2D.m,72.268,100,82.09,30,100.0,49.25,70-80
2917,convectionTvdRHSSpherical1D.m,71.882,100,73.53,30,100.0,55.88,70-80
2918,convectionTvdTerm.m,76.5,60,100.0,60,100.0,62.5,70-80
2919,convectionTvdTerm1D.m,71.77,100,75.0,30,100.0,53.85,70-80
2920,convectionTvdTerm2D.m,71.102,100,83.67,30,100.0,41.84,70-80
2921,convectionTvdTermCylindrical1D.m,72.182,100,76.36,30,100.0,54.55,70-80
2922,convectionTvdTermCylindrical2D.m,72.866,80,83.33,30,100.0,71.0,70-80
2923,convectionTvdTermRadial2D.m,73.366,80,83.33,30,100.0,73.5,70-80
2924,convectionTvdTermSpherical1D.m,72.666,100,74.07,30,100.0,59.26,70-80
2925,convectionUpwindTerm1D.m,79.5,100,80.0,60,100.0,57.5,70-80
2926,convectionUpwindTerm2D.m,77.142,100,87.14,60,100.0,38.57,70-80
2927,convectionUpwindTermCylindrical1D.m,70.058,100,76.47,15,100.0,58.82,70-80
2928,convectionUpwindTermRadial2D.m,70.0,100,85.0,15,100.0,50.0,70-80
2929,convectionUpwindTermSpherical1D.m,70.274,100,72.73,15,100.0,63.64,70-80
2930,Convection_Diffusion.m,73.09,100,68.18,45,100.0,52.27,70-80
2931,Conventions2Wiki.m,73.38,60,85.71,45,100.0,76.19,70-80
2932,converge.m,72.334,60,75.0,60,100.0,66.67,70-80
2933,convergenceExample.m,72.636,100,68.18,45,100.0,50.0,70-80
2934,ConvergencePlotComputerMaterialDesignExperimentCircle.m,74.758,80,53.68,100,100.0,40.11,70-80
2935,convergence_test.m,70.18,100,79.49,15,100.0,56.41,70-80
2936,convergenplot.m,75.544,60,95.45,45,100.0,77.27,70-80
2937,converge_A2_perfect.m,79.938,100,96.88,45,100.0,57.81,70-80
2938,converge_plot.m,74.43,100,94.29,15,100.0,62.86,70-80
2939,converse.m,72.572,60,78.57,60,100.0,64.29,70-80
2940,converse_mc.m,72.396,70,54.27,100,100.0,37.71,70-80
2941,converse_simo.m,78.176,100,60.32,75,100.0,55.56,70-80
2942,converse_spec2.m,76.45,100,62.32,75,100.0,44.93,70-80
2943,Conversion.m,72.246,80,49.06,100,100.0,32.17,70-80
2944,conversionConZonoStarSet.m,75.752,100,71.88,60,100.0,46.88,70-80
2945,conversionstacks_SM.m,71.382,70,45.33,100,100.0,41.58,70-80
2946,conversionStarSetConZono.m,74.428,100,61.43,75,100.0,35.71,70-80
2947,convert2022benchmarks.m,70.772,80,40.28,90,100.0,43.58,70-80
2948,convert2dB.m,72.42,60,73.68,60,100.0,68.42,70-80
2949,convert2eval.m,77.456,100,72.73,60,100.0,54.55,70-80
2950,convert2set.m,71.464,80,42.95,100,100.0,34.37,70-80
2951,convertAngleUnits.m,74.402,100,71.64,75,100.0,25.37,70-80
2952,convertAnnotationsDeeplab.m,73.166,60,75.0,60,100.0,70.83,70-80
2953,convertArrayToTs.m,74.668,60,91.67,30,100.0,91.67,70-80
2954,ConvertAtoG.m,72.834,60,75.0,75,100.0,54.17,70-80
2955,convertATPflux2StepNumer.m,79.0,60,91.67,60,100.0,83.33,70-80
2956,convertCbModelToCNAModel.m,70.668,60,66.67,60,100.0,66.67,70-80
2957,convertCerrToDcmPoints.m,77.044,60,86.96,60,100.0,78.26,70-80
2958,convertCharArray.m,78.428,60,78.57,75,100.0,78.57,70-80
2959,convertClusterVector.m,77.0,30,90.0,75,100.0,90.0,70-80
2960,convertCNAModelToCbModel.m,70.668,60,66.67,60,100.0,66.67,70-80
2961,convertCobraLP2mps.m,70.538,100,71.15,45,100.0,36.54,70-80
2962,convertCobraToSBML.m,74.768,60,76.92,60,100.0,76.92,70-80
2963,convertCobraToSBML_Depreciated.m,78.39,70,69.6,100,100.0,52.35,70-80
2964,convertdata_txt2PK.m,78.02,100,66.04,75,100.0,49.06,70-80
2965,convertdata_WL2PK.m,76.706,100,64.71,60,100.0,58.82,70-80
2966,convertDate.m,79.23,60,76.92,90,100.0,69.23,70-80
2967,convertDebugToTrajectory.m,79.742,80,66.92,100,100.0,51.79,70-80
2968,convertDicom2Vista_UU_UMC.m,73.918,80,50.32,90,100.0,49.27,70-80
2969,convertDLToolboxNetwork.m,75.258,80,57.53,100,100.0,38.76,70-80
2970,convertDuration.m,77.908,60,95.45,75,100.0,59.09,70-80
2971,convertEnergyUnits.m,70.356,80,71.01,75,100.0,25.77,70-80
2972,convertFigureRGB2ind.m,77.326,100,60.47,75,100.0,51.16,70-80
2973,convertForceUnits.m,70.578,80,73.17,75,100.0,24.72,70-80
2974,convertFromdB.m,72.42,60,73.68,60,100.0,68.42,70-80
2975,convertGSASparms.m,77.0,60,85.0,60,100.0,80.0,70-80
2976,convertHDF5StrToMatlabStr.m,79.0,60,80.0,75,100.0,80.0,70-80
2977,convertHead.m,78.24,100,65.06,90,100.0,36.14,70-80
2978,convertInchiString2format.m,71.0,60,60.0,75,100.0,60.0,70-80
2979,convertInteractionMatrix.m,71.5,100,62.5,45,100.0,50.0,70-80
2980,convertIrrevFluxDistribution.m,74.368,60,73.68,75,100.0,63.16,70-80
2981,convertKaldiNetworksPrecision.m,70.668,60,66.67,60,100.0,66.67,70-80
2982,ConvertKilosort2Neurosuite.m,79.732,80,71.72,100,100.0,46.94,70-80
2983,ConvertKlusta2Matlab.m,79.724,80,60.95,100,100.0,57.67,70-80
2984,ConvertKlusta2Neurosuite.m,78.052,80,56.07,100,100.0,54.19,70-80
2985,convertKSpace_main.m,71.506,100,56.79,60,100.0,40.74,70-80
2986,convertLabelsToCategorical.m,72.0,30,100.0,30,100.0,100.0,70-80
2987,convertLengthUnits.m,71.132,80,73.49,75,100.0,27.17,70-80
2988,ConvertLinelet2Pts.m,78.606,100,69.7,90,100.0,33.33,70-80
2989,convertLinksToHtml.m,78.126,100,59.38,75,100.0,56.25,70-80
2990,convertlocs.m,76.032,80,57.87,100,100.0,42.29,70-80
2991,convertlogics.m,71.274,60,72.73,60,100.0,63.64,70-80
2992,convertlorentz.m,77.75,60,93.75,60,100.0,75.0,70-80
2993,convertMapsAcrossViews.m,77.594,100,66.67,75,100.0,46.3,70-80
2994,convertmatfiles.m,71.5,100,62.5,45,100.0,50.0,70-80
2995,convertMatlabNumbers.m,71.5,100,57.5,60,100.0,40.0,70-80
2996,ConvertMesh.m,70.878,100,65.85,30,100.0,58.54,70-80
2997,convertModelToEX.m,79.456,100,63.64,90,100.0,43.64,70-80
2998,ConvertMountainsort2Neurosuite.m,77.706,80,64.34,100,100.0,44.19,70-80
2999,convertOld2NewHMDB.m,74.0,30,90.0,60,100.0,90.0,70-80
3000,ConvertOldConfigToNew.m,74.444,100,80.0,30,100.0,62.22,70-80
3001,convertoldnet.m,77.0,60,83.33,75,100.0,66.67,70-80
3002,convertOldStyleModel.m,77.348,80,60.07,100,100.0,46.67,70-80
3003,convertOpenEphysToRawBInary.m,77.686,100,61.19,75,100.0,52.24,70-80
3004,convertOperator.m,71.408,60,77.78,60,100.0,59.26,70-80
3005,convertOxtsToPose.m,76.516,100,70.97,60,100.0,51.61,70-80
3006,ConvertPhyKilo2Neurosuite.m,78.056,80,64.49,100,100.0,45.79,70-80
3007,convertPmagToBshort.m,76.156,80,61.54,100,100.0,39.24,70-80
3008,convertPolynomialForm.m,71.23,100,50.72,75,100.0,30.43,70-80
3009,convertPressureUnits.m,70.942,80,73.04,75,100.0,26.67,70-80
3010,ConvertPts2Linelet.m,73.0,60,80.0,75,100.0,50.0,70-80
3011,convertquadratics.m,76.426,80,58.54,100,100.0,43.59,70-80
3012,convertRawFile2RawData.m,78.778,60,100.0,45,100.0,88.89,70-80
3013,convertRcone.m,77.334,60,90.48,60,100.0,76.19,70-80
3014,ConvertRGBtoICh.m,75.668,60,91.67,60,100.0,66.67,70-80
3015,convertSBMLID.m,72.696,60,86.96,60,100.0,56.52,70-80
3016,convertSBMLToCobra_Depreciated.m,75.966,70,69.81,100,100.0,40.02,70-80
3017,ConvertSchemeUnits.m,79.614,100,64.1,75,100.0,58.97,70-80
3018,convertSimLogs.m,70.23,60,76.92,45,100.0,69.23,70-80
3019,convertsocp.m,78.666,60,93.33,60,100.0,80.0,70-80
3020,ConvertSpykingCircus2Neurosuite.m,73.8,70,58.25,100,100.0,40.75,70-80
3021,convertTimeSignalToFrequencySignal.m,75.032,100,63.64,60,100.0,51.52,70-80
3022,convertTimeUnits.m,71.108,80,73.04,75,100.0,27.5,70-80
3023,converttochar.m,71.666,60,80.0,45,100.0,73.33,70-80
3024,convertToCobraV2.m,70.806,100,56.72,60,100.0,37.31,70-80
3025,ConvertToCsv.m,78.304,60,82.61,75,100.0,73.91,70-80
3026,ConvertToGray.m,72.284,30,85.71,60,100.0,85.71,70-80
3027,convertToIrrev.m,77.826,100,72.83,75,100.0,41.3,70-80
3028,convertToMeasPara.m,79.604,80,65.35,90,100.0,62.67,70-80
3029,convertToReversible.m,77.788,100,71.05,60,100.0,57.89,70-80
3030,convertToStr.m,72.284,30,85.71,60,100.0,85.71,70-80
3031,convertToType.m,76.668,60,76.67,90,100.0,56.67,70-80
3032,convertVecStruct.m,74.11,100,53.33,75,100.0,42.22,70-80
3033,convertVMHIDName.m,78.364,80,62.32,100,100.0,49.5,70-80
3034,convertWildDatabase.m,76.392,100,76.09,45,100.0,60.87,70-80
3035,ConvertXYZtoCIELab.m,72.226,100,64.52,45,100.0,51.61,70-80
3036,ConvertXYZtoCIELCh.m,72.428,100,65.71,45,100.0,51.43,70-80
3037,convertYmn2FBC2.m,79.848,100,74.24,75,100.0,50.0,70-80
3038,convert_2dresults2mov.m,77.454,100,84.09,60,100.0,43.18,70-80
3039,convert_3dresults2mov.m,76.39,100,82.93,60,100.0,39.02,70-80
3040,convert_acas_to_MATLAB.m,72.0,30,100.0,30,100.0,100.0,70-80
3041,convert_ACN_SID.m,78.902,100,70.73,75,100.0,48.78,70-80
3042,convert_caffe2img.m,75.0,30,100.0,45,100.0,100.0,70-80
3043,convert_caffe2mat.m,75.0,30,100.0,45,100.0,100.0,70-80
3044,Convert_CCF_Coords_to_FP_Regions.m,75.902,100,74.39,60,100.0,45.12,70-80
3045,Convert_Clicked_Points_to_FP_coords.m,78.756,80,62.39,90,100.0,61.39,70-80
3046,convert_comments.m,74.838,80,54.94,100,100.0,39.25,70-80
3047,convert_CPD_to_table_hidden_ps.m,74.332,60,83.33,45,100.0,83.33,70-80
3048,convert_dbn_CPDs_to_pots.m,72.0,60,66.67,75,100.0,58.33,70-80
3049,convert_dbn_CPDs_to_tables.m,77.022,80,55.56,100,100.0,49.55,70-80
3050,convert_dbn_CPDs_to_tables1.m,74.134,80,60.0,75,100.0,55.67,70-80
3051,convert_dbn_CPDs_to_tables_slow.m,72.334,60,66.67,75,100.0,60.0,70-80
3052,convert_decodedfeatures.m,70.518,100,63.29,45,100.0,44.3,70-80
3053,convert_distance_color.m,75.668,60,86.67,45,100.0,86.67,70-80
3054,convert_Distraction_RH.m,79.6,100,74.0,60,100.0,64.0,70-80
3055,Convert_eeg.m,72.554,100,64.44,45,100.0,53.33,70-80
3056,convert_event.m,74.51,80,57.38,100,100.0,35.17,70-80
3057,convert_EX_to_diet.m,77.0,100,75.0,60,100.0,50.0,70-80
3058,convert_Fall.m,74.714,100,80.95,45,100.0,47.62,70-80
3059,convert_Fatigue_RH.m,79.6,100,74.0,60,100.0,64.0,70-80
3060,convert_fieldsign.m,75.486,100,78.38,45,100.0,54.05,70-80
3061,convert_gyro_records_to_wav.m,75.666,60,83.33,60,100.0,75.0,70-80
3062,convert_hmm_to_gaussian_emissions.m,76.784,100,65.22,60,100.0,58.7,70-80
3063,convert_img2caffe.m,75.0,30,100.0,45,100.0,100.0,70-80
3064,convert_input_to_struct.m,79.87,100,93.48,45,100.0,60.87,70-80
3065,convert_label_strings_into_numbers.m,75.0,100,39.29,100,100.0,35.71,70-80
3066,convert_linear2rgb.m,72.818,60,81.82,45,100.0,77.27,70-80
3067,convert_lin_constraint.m,77.59,60,88.24,75,100.0,64.71,70-80
3068,convert_lin_constraint_multipliers.m,73.524,60,80.95,60,100.0,66.67,70-80
3069,convert_mat2caffe.m,75.0,30,100.0,45,100.0,100.0,70-80
3070,convert_ma_roots.m,72.8,60,76.0,60,100.0,68.0,70-80
3071,CONVERT_meshformat.m,73.368,100,53.06,75,100.0,38.78,70-80
3072,convert_net_format.m,75.0,60,80.0,75,100.0,60.0,70-80
3073,convert_nmea.m,74.818,80,63.19,90,100.0,40.9,70-80
3074,convert_perspective_log.m,77.408,80,77.04,90,100.0,40.0,70-80
3075,convert_polynomial_to_quadratic.m,79.236,80,69.58,100,100.0,46.6,70-80
3076,convert_polynomial_to_sdpfun.m,77.008,80,70.07,90,100.0,44.97,70-80
3077,convert_pts.m,71.77,60,84.62,45,100.0,69.23,70-80
3078,convert_roi_to_binary.m,78.0,60,100.0,60,100.0,70.0,70-80
3079,convert_scoring_networks.m,70.78,80,41.9,90,100.0,42.0,70-80
3080,convert_sedumi2mosek.m,74.626,80,65.56,90,100.0,37.57,70-80
3081,convert_sigmonial_to_sdpfun.m,78.698,80,67.95,100,100.0,45.54,70-80
3082,Convert_State.m,74.11,100,53.33,75,100.0,42.22,70-80
3083,convert_tidigits_rec_to_wav.m,78.428,60,85.71,75,100.0,71.43,70-80
3084,convert_to_context_stream.m,73.222,60,83.33,45,100.0,77.78,70-80
3085,convert_to_lagged_form.m,75.0,30,100.0,45,100.0,100.0,70-80
3086,convert_to_nifti.m,71.306,100,65.38,45,100.0,46.15,70-80
3087,convert_to_table.m,72.818,60,81.82,45,100.0,77.27,70-80
3088,convert_to_user_friendly_labels.m,76.63,60,89.47,60,100.0,73.68,70-80
3089,convert_unit.m,76.624,100,58.44,100,100.0,24.68,70-80
3090,convert_unwarp_resample.m,75.394,80,53.08,100,100.0,43.89,70-80
3091,convert_video2d_to_avi.m,73.524,60,76.19,60,100.0,71.43,70-80
3092,convert_video3d_to_2d.m,73.23,60,76.92,60,100.0,69.23,70-80
3093,convert_video3d_to_avi.m,75.546,60,90.91,45,100.0,81.82,70-80
3094,convert_video_to_2d.m,71.91,60,81.82,45,100.0,72.73,70-80
3095,convert_video_to_3dtensor.m,72.0,30,100.0,30,100.0,100.0,70-80
3096,convert_Workload_RH.m,78.154,100,71.15,60,100.0,59.62,70-80
3097,convexhullConcave2D.m,72.6,100,86.0,45,100.0,32.0,70-80
3098,convexhullConvex2D.m,72.92,100,86.27,45,100.0,33.33,70-80
3099,convexhullFromSampled.m,71.364,60,100.0,15,100.0,81.82,70-80
3100,convexification.m,77.98,100,68.09,75,100.0,46.81,70-80
3101,convexness.m,75.648,60,100.0,30,100.0,88.24,70-80
3102,convexnmfruletest.m,72.89,60,77.78,60,100.0,66.67,70-80
3103,ConvexProgram.m,75.246,80,57.26,100,100.0,38.97,70-80
3104,convexQuadProgEqConst.m,75.8,60,76.0,75,100.0,68.0,70-80
3105,convexQuadProgSOCP.m,72.81,100,73.02,45,100.0,46.03,70-80
3106,convex_interpolation.m,70.0,100,87.5,0,100.0,62.5,70-80
3107,convex_mu_nmf.m,76.684,80,61.86,90,100.0,51.56,70-80
3108,convFeat_to_poolFeat.m,75.826,80,66.96,75,100.0,57.17,70-80
3109,convFeat_to_poolFeat_multi_region.m,79.11,100,61.11,90,100.0,44.44,70-80
3110,convFilterSD.m,78.546,80,63.16,100,100.0,49.57,70-80
3111,convGMatlab.m,76.582,80,59.41,75,100.0,68.5,70-80
3112,convGuard.m,71.54,60,53.85,90,100.0,53.85,70-80
3113,ConvHDRtoStack.m,73.154,100,63.46,60,100.0,42.31,70-80
3114,ConvHDRvtoLDRv.m,72.0,100,59.21,60,100.0,40.79,70-80
3115,convHull3D.m,70.474,60,78.95,45,100.0,68.42,70-80
3116,convHull_.m,71.482,60,55.56,90,100.0,51.85,70-80
3117,convIpopt.m,76.152,80,58.28,100,100.0,42.48,70-80
3118,convkernel.m,78.0,100,60.0,90,100.0,40.0,70-80
3119,convlv.m,79.916,100,68.09,90,100.0,41.49,70-80
3120,convMatlab.m,75.498,80,59.8,100,100.0,37.69,70-80
3121,convMax.m,75.428,60,80.95,60,100.0,76.19,70-80
3122,convnet.m,72.55,70,50.75,100,100.0,42.0,70-80
3123,convnet_avgpool.m,74.0,60,83.33,60,100.0,66.67,70-80
3124,convnet_maxpool.m,75.926,60,74.07,90,100.0,55.56,70-80
3125,convnFast.m,77.98,80,70.47,100,100.0,39.43,70-80
3126,convnfft.m,76.512,80,60.14,100,100.0,42.42,70-80
3127,convNlopt.m,77.648,80,62.39,90,100.0,55.85,70-80
3128,ConvNormalEquations.m,72.0,100,61.82,60,100.0,38.18,70-80
3129,convo.m,79.128,100,64.79,90,100.0,40.85,70-80
3130,convolutionalDistance.m,77.388,100,65.67,75,100.0,46.27,70-80
3131,convolutionalEncoding.m,78.546,60,90.91,60,100.0,81.82,70-80
3132,convolutionalProjection.m,78.89,100,66.67,75,100.0,52.78,70-80
3133,convolutionalPropagation.m,76.778,80,57.39,100,100.0,46.5,70-80
3134,convolutionalSoftCorrespondence.m,73.964,80,72.77,75,100.0,42.05,70-80
3135,convolutionalSoftmap.m,76.736,80,67.74,90,100.0,45.94,70-80
3136,ConvolutionIntegral_interp.m,75.572,60,71.43,75,100.0,71.43,70-80
3137,ConvolutionOverlapSave.m,72.662,100,67.61,45,100.0,50.7,70-80
3138,convolve.m,75.112,60,77.78,60,100.0,77.78,70-80
3139,convop.m,70.87,60,56.52,90,100.0,47.83,70-80
3140,convRateDemo.m,72.0,30,100.0,30,100.0,100.0,70-80
3141,convRevSamples.m,74.368,60,78.95,75,100.0,57.89,70-80
3142,convSO3.m,72.926,60,66.67,75,100.0,62.96,70-80
3143,convTri.m,74.0,60,85.0,45,100.0,80.0,70-80
3144,convXYsep.m,71.588,60,82.35,45,100.0,70.59,70-80
3145,convXyz2Geod.m,78.27,100,63.51,90,100.0,37.84,70-80
3146,conv_backprop.m,75.0,30,100.0,45,100.0,100.0,70-80
3147,CONV_European_Price.m,79.0,100,62.86,75,100.0,57.14,70-80
3148,conv_forward.m,75.0,30,100.0,45,100.0,100.0,70-80
3149,conv_forward_SR.m,73.556,30,88.89,60,100.0,88.89,70-80
3150,conv_mem.m,75.0,30,100.0,45,100.0,100.0,70-80
3151,conv_T_from_pix_to_phys.m,72.0,30,100.0,30,100.0,100.0,70-80
3152,conwaylaws.m,75.42,60,73.68,75,100.0,68.42,70-80
3153,cooccurToScalarFeatures.m,71.626,80,63.08,75,100.0,40.05,70-80
3154,coocurrance_alldir_mod.m,76.936,100,66.13,75,100.0,43.55,70-80
3155,cookie_cutter.m,75.666,100,80.95,45,100.0,52.38,70-80
3156,cook_abhinav_transfers.m,71.548,80,66.92,60,100.0,50.82,70-80
3157,coolCmap.m,71.91,60,81.82,45,100.0,72.73,70-80
3158,coolColorMap.m,71.332,30,83.33,60,100.0,83.33,70-80
3159,coolhotCmap.m,72.11,60,83.33,45,100.0,72.22,70-80
3160,coolhotGrayCmap.m,72.11,60,83.33,45,100.0,72.22,70-80
3161,coolwhite.m,72.334,60,75.0,60,100.0,66.67,70-80
3162,cool_hotCmap.m,74.848,60,84.62,45,100.0,84.62,70-80
3163,cool_skin.m,72.0,100,59.78,60,100.0,40.22,70-80
3164,coor.m,79.364,100,78.18,75,100.0,43.64,70-80
3165,coor2D.m,77.292,80,63.43,100,100.0,43.03,70-80
3166,CoorAdd.m,74.77,60,84.62,60,100.0,69.23,70-80
3167,coord2angles.m,72.52,100,58.44,60,100.0,44.16,70-80
3168,coord2ind.m,75.786,100,64.71,75,100.0,39.22,70-80
3169,coord2sub.m,75.0,100,64.81,75,100.0,35.19,70-80
3170,CoorDiff.m,71.694,60,84.62,60,100.0,53.85,70-80
3171,CoordinateFrame.m,72.704,80,46.96,100,100.0,36.56,70-80
3172,CoordinatePlot.m,74.79,80,58.68,100,100.0,35.27,70-80
3173,Coordinates.m,73.062,70,53.07,100,100.0,42.24,70-80
3174,coordinates2file.m,71.768,60,76.92,45,100.0,76.92,70-80
3175,coordinateTransformation.m,75.0,100,61.54,75,100.0,38.46,70-80
3176,coordinate_constraint.m,71.332,60,93.33,30,100.0,73.33,70-80
3177,coords2uv.m,72.0,30,100.0,30,100.0,100.0,70-80
3178,coordsys2label.m,77.0,80,72.0,100,100.0,33.0,70-80
3179,CoordSysPointRefFrame.m,73.538,80,55.74,90,100.0,41.95,70-80
3180,coordxtr.m,73.09,60,86.36,60,100.0,59.09,70-80
3181,coord_to_scoremap.m,72.25,60,81.25,45,100.0,75.0,70-80
3182,COPAR.m,79.0,100,77.33,75,100.0,42.67,70-80
3183,coParamsEdit.m,79.49,100,71.43,75,100.0,51.02,70-80
3184,COPAR_cost.m,74.912,60,91.3,45,100.0,78.26,70-80
3185,COPAR_init.m,74.344,60,79.31,60,100.0,72.41,70-80
3186,COPD_final.m,79.714,100,85.71,60,100.0,52.86,70-80
3187,COPD_finetune.m,75.206,100,88.89,30,100.0,57.14,70-80
3188,copter_paint_air.m,74.236,100,94.12,30,100.0,47.06,70-80
3189,copyaxes.m,78.472,80,78.57,100,100.0,33.79,70-80
3190,copyaxis_modified.m,77.538,100,78.46,60,100.0,49.23,70-80
3191,copyBinFile.m,74.0,60,85.71,60,100.0,64.29,70-80
3192,CopyData2Folders.m,78.416,80,68.13,100,100.0,43.95,70-80
3193,copyExistingDatabase.m,76.818,100,61.36,75,100.0,47.73,70-80
3194,copyfields.m,75.478,60,60.87,100,100.0,56.52,70-80
3195,copyfiles.m,79.222,100,72.22,60,100.0,63.89,70-80
3196,copyhmm.m,72.0,30,100.0,30,100.0,100.0,70-80
3197,CopyImport.m,77.938,100,55.67,100,100.0,34.02,70-80
3198,copyLossConvertToClipboard.m,75.0,30,100.0,45,100.0,100.0,70-80
3199,copymatrix.m,71.5,60,75.0,60,100.0,62.5,70-80
3200,copyNeuralNetwork.m,70.092,60,72.73,45,100.0,72.73,70-80
3201,copyobj.m,78.478,100,63.04,75,100.0,54.35,70-80
3202,copyOrbitToClipboardFromStateLog.m,70.23,60,100.0,45,100.0,46.15,70-80
3203,copyOrbitToClipboardFromText.m,79.096,100,74.19,60,100.0,61.29,70-80
3204,copyOrigPhaseTseries.m,78.0,60,70.0,90,100.0,70.0,70-80
3205,CopySegmentProp.m,71.0,60,88.89,45,100.0,61.11,70-80
3206,copyTestLeakToTrain.m,72.158,100,70.18,45,100.0,45.61,70-80
3207,copy_brainvision_files.m,74.61,80,53.97,100,100.0,39.08,70-80
3208,copy_cleaned_images.m,77.0,100,82.22,45,100.0,57.78,70-80
3209,copy_dependencies_to_folder.m,73.686,100,42.11,100,100.0,26.32,70-80
3210,copy_element.m,73.0,60,66.67,75,100.0,63.33,70-80
3211,copy_fields.m,73.38,60,58.62,100,100.0,48.28,70-80
3212,copy_files.m,78.24,100,60.24,90,100.0,40.96,70-80
3213,copy_from_zserver.m,79.65,100,67.44,75,100.0,55.81,70-80
3214,copy_network_params.m,76.5,60,87.5,60,100.0,75.0,70-80
3215,Copy_of_orbiting.m,77.352,80,79.82,60,100.0,66.94,70-80
3216,Copy_of_snd_l_constraints.m,72.586,100,55.17,75,100.0,32.76,70-80
3217,Copy_of_verify_eevbnn.m,73.056,70,57.96,90,100.0,47.32,70-80
3218,copy_raw_das.m,74.668,60,91.67,30,100.0,91.67,70-80
3219,copy_series.m,77.926,60,66.67,100,100.0,62.96,70-80
3220,copy_to_all_Callback.m,78.428,60,80.95,75,100.0,76.19,70-80
3221,cop_plot.m,70.324,100,72.97,30,100.0,48.65,70-80
3222,CORAerror.m,74.546,70,58.73,100,100.0,44.0,70-80
3223,CORAGITBRANCH.m,78.918,100,54.05,100,100.0,40.54,70-80
3224,CORAlinprog.m,73.7,80,48.28,100,100.0,40.22,70-80
3225,Coral_Geometry.m,73.068,80,55.34,60,100.0,70.0,70-80
3226,coranaEval.m,71.0,60,93.33,15,100.0,86.67,70-80
3227,CORAquadprog.m,79.344,100,57.38,100,100.0,39.34,70-80
3228,CORAtable.m,77.612,80,58.68,100,100.0,49.38,70-80
3229,CORAtableParameters.m,72.644,100,51.61,60,100.0,51.61,70-80
3230,CORAtableSingleColumn.m,72.606,100,54.55,60,100.0,48.48,70-80
3231,CORAvideo_snippets.m,73.692,80,63.6,75,100.0,49.86,70-80
3232,CORA_WARNINGS_ENABLED.m,72.8,100,38.67,100,100.0,25.33,70-80
3233,CORCO.m,78.188,80,62.91,100,100.0,48.03,70-80
3234,core.m,77.836,80,61.43,100,100.0,47.75,70-80
3235,CORE9matrix.m,77.458,100,54.05,90,100.0,43.24,70-80
3236,CoreBrowser.m,77.28,70,63.84,100,100.0,52.56,70-80
3237,CoreData.m,76.71,80,52.88,100,100.0,50.67,70-80
3238,coregister.m,76.546,70,65.11,100,100.0,47.62,70-80
3239,CoregisterSurfaces.m,78.062,100,66.33,75,100.0,48.98,70-80
3240,coreg_inv.m,74.778,100,81.11,45,100.0,47.78,70-80
3241,coreg_pos.m,70.154,60,73.08,60,100.0,57.69,70-80
3242,coreg_qc.m,73.726,100,68.97,60,100.0,39.66,70-80
3243,corelucydenoiseNew.m,78.332,100,61.9,75,100.0,54.76,70-80
3244,corespec.m,76.234,80,61.21,100,100.0,39.96,70-80
3245,coreStreamObject.m,78.146,70,69.64,100,100.0,51.09,70-80
3246,Core_Antenna.m,74.482,70,56.24,100,100.0,46.17,70-80
3247,core_numbers.m,75.784,100,62.16,60,100.0,56.76,70-80
3248,core_numbers_example.m,79.318,100,75.61,60,100.0,60.98,70-80
3249,Core_PP.m,74.342,70,57.11,100,100.0,44.6,70-80
3250,Core_Reference_Frame.m,74.262,70,58.68,100,100.0,42.63,70-80
3251,Core_SEID.m,73.38,70,56.04,100,100.0,40.86,70-80
3252,Core_Sky.m,73.996,70,57.97,100,100.0,42.01,70-80
3253,Core_UI.m,70.122,70,43.33,100,100.0,37.28,70-80
3254,Core_Utils.m,73.572,70,57.12,100,100.0,40.74,70-80
3255,corfreq.m,71.274,60,72.73,60,100.0,63.64,70-80
3256,coriolisMatrix.m,71.05,100,58.97,45,100.0,51.28,70-80
3257,corn.m,71.0,60,75.0,45,100.0,75.0,70-80
3258,corner2rect.m,72.428,60,78.57,45,100.0,78.57,70-80
3259,cornerfinder.m,72.58,80,50.84,100,100.0,32.06,70-80
3260,cornerfinder2.m,72.606,80,50.86,100,100.0,32.17,70-80
3261,cornerfinder_saddle_point.m,72.838,80,39.52,100,100.0,44.67,70-80
3262,cornerplot.m,75.898,80,60.21,100,100.0,39.28,70-80
3263,corners2affine.m,72.572,60,76.19,60,100.0,66.67,70-80
3264,cornk_run.m,72.506,100,59.49,60,100.0,43.04,70-80
3265,cornu_run.m,73.066,100,60.0,60,100.0,45.33,70-80
3266,corn_expert.m,76.6,100,60.0,75,100.0,48.0,70-80
3267,corn_run.m,74.8,100,60.0,60,100.0,54.0,70-80
3268,corr.m,75.11,60,83.33,60,100.0,72.22,70-80
3269,corrCoeffSpearman.m,71.706,100,64.71,60,100.0,33.82,70-80
3270,CorrectBCTable.m,72.264,60,63.16,75,100.0,63.16,70-80
3271,correctdpv.m,71.0,60,81.25,45,100.0,68.75,70-80
3272,correctEXPConeClosureInitial.m,79.412,60,76.47,90,100.0,70.59,70-80
3273,correction.m,70.974,100,56.41,60,100.0,38.46,70-80
3274,correction_step.m,79.154,100,57.69,90,100.0,48.08,70-80
3275,correction_step_bkup.m,76.176,100,61.76,75,100.0,44.12,70-80
3276,correction_step_bkup2.m,76.56,100,63.64,75,100.0,44.16,70-80
3277,correctKnownLmks.m,75.436,100,51.28,90,100.0,35.9,70-80
3278,correctNaNInVelVect.m,70.0,30,87.5,45,100.0,87.5,70-80
3279,correctnav_eframe_v000.m,74.0,60,78.57,60,100.0,71.43,70-80
3280,CorrectorCoefficientsComputer.m,75.536,80,66.44,90,100.0,41.24,70-80
3281,CorrectorComputer.m,76.44,80,70.59,90,100.0,41.61,70-80
3282,correctPatient24_HN.m,73.5,60,83.33,45,100.0,79.17,70-80
3283,correctPatient30_HN.m,74.332,60,83.33,45,100.0,83.33,70-80
3284,correctPatient51_HN.m,74.332,60,83.33,45,100.0,83.33,70-80
3285,correct_light_blobs_in_microscope_mosaic.m,72.806,100,42.86,90,100.0,31.17,70-80
3286,correct_mc.m,79.962,100,64.71,90,100.0,45.1,70-80
3287,correct_overlap.m,79.068,100,58.67,90,100.0,46.67,70-80
3288,correct_rv_crescent_tips.m,78.182,100,68.18,75,100.0,47.73,70-80
3289,correct_segments.m,73.56,70,56.88,100,100.0,40.92,70-80
3290,correct_smooth.m,74.404,80,45.21,100,100.0,46.81,70-80
3291,CorrelateCross.m,78.294,100,55.88,90,100.0,45.59,70-80
3292,Correlated.m,77.6,100,78.67,60,100.0,49.33,70-80
3293,correlateFluxWithTaxonAbundance.m,78.326,80,63.2,100,100.0,48.43,70-80
3294,correlation.m,73.818,100,72.73,60,100.0,36.36,70-80
3295,CorrelationPlot.m,77.14,80,58.27,100,100.0,47.43,70-80
3296,correlation_image_3D.m,78.386,100,72.31,75,100.0,44.62,70-80
3297,correlation_image_max.m,77.334,100,51.67,90,100.0,45.0,70-80
3298,correlation_report.m,76.546,100,88.64,60,100.0,34.09,70-80
3299,correlation_with_reference.m,75.334,100,71.43,60,100.0,45.24,70-80
3300,CorrelativeMatchFun.m,76.176,80,70.0,90,100.0,40.88,70-80
3301,correxp.m,77.778,60,77.78,90,100.0,61.11,70-80
3302,correxpg.m,79.0,60,80.0,90,100.0,65.0,70-80
3303,corrgauss.m,75.75,60,75.0,75,100.0,68.75,70-80
3304,CorridorBasedMinimumSnap.m,73.042,100,67.71,60,100.0,37.5,70-80
3305,corrimage.m,76.152,70,62.47,100,100.0,48.29,70-80
3306,corrlin.m,77.368,60,73.68,90,100.0,63.16,70-80
3307,corrmap.m,75.13,70,60.97,100,100.0,44.68,70-80
3308,corrmap_plot_v2.m,70.778,70,41.09,100,100.0,42.8,70-80
3309,corrmat.m,74.334,60,86.67,45,100.0,80.0,70-80
3310,corrMatrix2D.m,70.316,60,68.42,60,100.0,63.16,70-80
3311,corrMatrix3D.m,73.934,100,58.06,60,100.0,51.61,70-80
3312,corrMatrix4D.m,77.352,100,58.82,75,100.0,52.94,70-80
3313,CorrPlot.m,77.788,100,71.05,60,100.0,57.89,70-80
3314,CorrPlotWeighted.m,76.248,100,65.62,75,100.0,40.62,70-80
3315,corrPoints.m,71.362,80,44.64,100,100.0,32.17,70-80
3316,corrsparsity.m,79.166,100,70.83,75,100.0,50.0,70-80
3317,corrStaticFC.m,76.3,80,60.0,100,100.0,41.5,70-80
3318,CorrTableUnbalanced.m,78.044,100,65.22,75,100.0,50.0,70-80
3319,CorrUnbalanced.m,76.026,100,64.1,75,100.0,41.03,70-80
3320,corr_fun.m,70.714,60,100.0,15,100.0,78.57,70-80
3321,corr_meas.m,75.384,60,69.23,90,100.0,57.69,70-80
3322,cortical_labeling_afd_txt.m,73.424,80,64.56,75,100.0,47.56,70-80
3323,cortical_labeling_dir_afd_txt.m,71.866,80,63.51,75,100.0,40.82,70-80
3324,cortical_labeling_table.m,70.21,100,65.79,30,100.0,55.26,70-80
3325,cos4correct.m,76.736,100,68.42,60,100.0,55.26,70-80
3326,cosamp.m,72.2,60,84.0,45,100.0,72.0,70-80
3327,cosar_valid_data.m,78.53,100,77.55,60,100.0,55.1,70-80
3328,CoSpace.m,75.75,100,62.5,60,100.0,56.25,70-80
3329,CoSpace_l1.m,75.872,100,64.52,60,100.0,54.84,70-80
3330,CoSpace_single.m,75.75,100,62.5,60,100.0,56.25,70-80
3331,cossin2hue.m,71.0,60,75.0,45,100.0,75.0,70-80
3332,cosspace.m,74.0,60,85.0,60,100.0,65.0,70-80
3333,cost4Points.m,77.054,100,94.74,30,100.0,60.53,70-80
3334,CostComplianceVolume.m,74.334,100,60.0,75,100.0,36.67,70-80
3335,CostFunPreCalib.m,75.488,100,60.98,75,100.0,41.46,70-80
3336,costgradf.m,72.698,100,72.09,60,100.0,31.4,70-80
3337,costgrad_check.m,73.428,60,71.43,75,100.0,60.71,70-80
3338,costJacobian.m,73.94,60,82.35,45,100.0,82.35,70-80
3339,costMat.m,70.0,60,70.0,60,100.0,60.0,70-80
3340,CostNN.m,76.914,80,59.71,100,100.0,44.86,70-80
3341,cost_base.m,71.334,60,100.0,30,100.0,66.67,70-80
3342,cost_fun.m,75.286,60,92.86,45,100.0,78.57,70-80
3343,cost_func.m,74.0,60,87.5,60,100.0,62.5,70-80
3344,cost_func2.m,72.286,60,92.86,30,100.0,78.57,70-80
3345,cost_function_forward.m,78.606,100,67.21,75,100.0,50.82,70-80
3346,cost_lcl_tsvm.m,74.0,60,80.77,60,100.0,69.23,70-80
3347,cost_mat.m,73.0,60,93.33,45,100.0,66.67,70-80
3348,CosyneTalkBirdFigs.m,77.968,80,68.73,90,100.0,51.11,70-80
3349,cos_pos.m,75.078,100,66.67,60,100.0,48.72,70-80
3350,cot.m,79.524,60,76.19,90,100.0,71.43,70-80
3351,cotangent.m,79.778,100,67.78,100,100.0,31.11,70-80
3352,coTch.m,74.588,60,76.47,60,100.0,76.47,70-80
3353,cotes.m,77.614,100,75.44,60,100.0,52.63,70-80
3354,cotLaplacian.m,72.83,100,85.37,30,100.0,48.78,70-80
3355,cotmatrix3.m,72.0,30,100.0,30,100.0,100.0,70-80
3356,countall4graphlets.m,77.952,80,68.93,90,100.0,50.83,70-80
3357,countC.m,74.0,60,78.57,60,100.0,71.43,70-80
3358,countconnected3graphlets.m,70.638,60,63.64,75,100.0,54.55,70-80
3359,countconnected4graphlets.m,77.6,100,58.0,90,100.0,40.0,70-80
3360,countconnected5graphlets.m,71.848,80,55.56,90,100.0,33.68,70-80
3361,countFiles.m,76.464,100,58.54,75,100.0,48.78,70-80
3362,counting.m,71.592,100,55.1,60,100.0,42.86,70-80
3363,countingCars.m,72.508,100,64.91,45,100.0,52.63,70-80
3364,CountingClusterSet.m,70.7,80,40.41,100,100.0,33.09,70-80
3365,countJumps.m,72.0,30,100.0,30,100.0,100.0,70-80
3366,CountMagFiles.m,76.286,60,75.0,75,100.0,71.43,70-80
3367,countNumberOfErrors.m,72.0,30,100.0,30,100.0,100.0,70-80
3368,CountPfiles.m,74.334,60,76.67,75,100.0,60.0,70-80
3369,countpolygons.m,70.154,60,76.92,60,100.0,53.85,70-80
3370,countPR.m,72.0,30,100.0,30,100.0,100.0,70-80
3371,CountProcessedFrequencies.m,76.0,60,86.67,60,100.0,73.33,70-80
3372,CountRefine.m,76.516,100,64.52,60,100.0,58.06,70-80
3373,counts.m,71.778,60,72.22,60,100.0,66.67,70-80
3374,countSat.m,73.092,60,72.73,60,100.0,72.73,70-80
3375,countsig.m,78.218,100,64.13,90,100.0,36.96,70-80
3376,CountSketch.m,71.0,30,90.0,45,100.0,90.0,70-80
3377,CountSpikesPerCycle.m,74.692,60,69.23,75,100.0,69.23,70-80
3378,countTestCases.m,75.0,30,100.0,45,100.0,100.0,70-80
3379,countTSeries.m,79.308,60,84.62,75,100.0,76.92,70-80
3380,countUnique.m,75.582,80,50.91,100,100.0,47.0,70-80
3381,count_6_cycles.m,72.488,100,68.29,60,100.0,34.15,70-80
3382,count_8_cycles_I.m,75.0,100,60.0,90,100.0,25.0,70-80
3383,count_8_cycles_II.m,75.334,100,60.0,90,100.0,26.67,70-80
3384,count_8_cycles_III.m,75.0,100,60.0,90,100.0,25.0,70-80
3385,count_correct_person.m,76.244,100,69.7,60,100.0,51.52,70-80
3386,count_objects.m,79.442,100,76.74,60,100.0,60.47,70-80
3387,count_occurrence.m,71.768,60,76.92,45,100.0,76.92,70-80
3388,count_squares.m,72.57,100,69.64,45,100.0,48.21,70-80
3389,count_unique.m,76.8,100,50.0,100,100.0,34.0,70-80
3390,coupled11AnalysisGUI.m,74.598,70,57.14,100,100.0,45.85,70-80
3391,coupled11GUI.m,77.53,70,73.28,100,100.0,44.37,70-80
3392,coupled11LearnAnalysisGUI.m,73.606,70,56.43,100,100.0,41.6,70-80
3393,coupled11LearnGUI.m,76.642,70,73.58,100,100.0,39.63,70-80
3394,coupledkmAnalysisGUI.m,74.538,70,58.78,100,100.0,43.91,70-80
3395,coupledkmGUI.m,78.29,70,73.51,100,100.0,47.94,70-80
3396,coupled_domains.m,71.772,100,87.72,15,100.0,56.14,70-80
3397,coupleRxnList2Rxn.m,73.616,100,73.08,45,100.0,50.0,70-80
3398,Couplingtotal.m,74.778,70,63.81,100,100.0,40.08,70-80
3399,couprelease.m,79.04,80,66.23,100,100.0,48.97,70-80
3400,CourseraClient.m,74.808,70,59.42,100,100.0,44.62,70-80
3401,course_roll.m,77.834,60,79.17,75,100.0,75.0,70-80
3402,cov.m,77.616,80,61.26,100,100.0,46.82,70-80
3403,cov2csdat.m,79.168,80,64.53,100,100.0,51.31,70-80
3404,cov2ellipse.m,70.666,60,72.22,60,100.0,61.11,70-80
3405,cov2RTKlib.m,79.294,60,100.0,60,100.0,76.47,70-80
3406,cov2sdat.m,77.836,80,62.07,100,100.0,47.11,70-80
3407,cov2spec.m,78.614,100,63.27,90,100.0,39.8,70-80
3408,covar.m,76.308,60,84.62,60,100.0,76.92,70-80
3409,Covariance.m,77.678,100,86.79,45,100.0,56.6,70-80
3410,covarianceIntersect.m,74.314,80,55.32,100,100.0,36.25,70-80
3411,covarianceIntersectSCI.m,74.756,100,58.54,75,100.0,40.24,70-80
3412,covariances_p300.m,78.42,60,73.68,90,100.0,68.42,70-80
3413,covary.m,75.0,30,100.0,45,100.0,100.0,70-80
3414,covc.m,72.0,60,80.0,60,100.0,60.0,70-80
3415,covdet.m,72.0,30,100.0,30,100.0,100.0,70-80
3416,covDiv.m,79.714,100,62.86,90,100.0,45.71,70-80
3417,cover2d.m,72.488,100,68.29,60,100.0,34.15,70-80
3418,Coverage.m,74.076,70,52.81,100,100.0,47.57,70-80
3419,cover_art.m,70.728,100,69.09,30,100.0,54.55,70-80
3420,cover_sets.m,78.072,80,66.14,100,100.0,44.22,70-80
3421,covFITC.m,73.666,100,61.11,60,100.0,47.22,70-80
3422,covLINard.m,73.082,100,67.57,60,100.0,37.84,70-80
3423,covLINiso.m,73.668,100,66.67,60,100.0,41.67,70-80
3424,covm.m,74.68,80,53.4,75,100.0,65.0,70-80
3425,covMask.m,77.534,100,62.79,90,100.0,34.88,70-80
3426,CovMat.m,75.668,60,86.67,45,100.0,86.67,70-80
3427,covMatEstShrinkage.m,77.668,100,66.67,75,100.0,46.67,70-80
3428,covmatrix.m,79.714,60,92.86,60,100.0,85.71,70-80
3429,covNNone.m,78.912,100,73.91,75,100.0,45.65,70-80
3430,covnw.m,78.334,100,66.67,75,100.0,50.0,70-80
3431,covParaPlot.m,71.476,70,62.2,90,100.0,35.18,70-80
3432,covplot.m,74.09,80,54.77,100,100.0,35.68,70-80
3433,covPPERard_fast.m,76.04,80,55.56,100,100.0,44.64,70-80
3434,covPref.m,79.63,60,89.47,75,100.0,73.68,70-80
3435,covScale.m,76.8,100,76.0,60,100.0,48.0,70-80
3436,covSEard.m,79.538,100,69.23,90,100.0,38.46,70-80
3437,covSEisoU.m,70.572,60,71.43,75,100.0,46.43,70-80
3438,covvar.m,75.186,80,56.43,100,100.0,39.5,70-80
3439,covx.m,72.668,60,91.67,45,100.0,66.67,70-80
3440,cov_cell.m,70.364,60,72.73,60,100.0,59.09,70-80
3441,cov_deriv2.m,70.74,100,71.74,45,100.0,36.96,70-80
3442,cov_endo_priors.m,74.0,100,45.0,90,100.0,35.0,70-80
3443,coxFn.m,78.158,100,65.79,75,100.0,50.0,70-80
3444,coxnet.m,76.11,100,70.83,75,100.0,34.72,70-80
3445,CO_NonlinearAutocorr.m,76.616,60,61.54,100,100.0,61.54,70-80
3446,co_ppg_peak_detector.m,78.286,100,78.57,60,100.0,52.86,70-80
3447,co_reggui.m,78.144,80,64.39,100,100.0,46.33,70-80
3448,CO_RM_AMInformation.m,75.884,60,64.71,90,100.0,64.71,70-80
3449,CO_StickAngles.m,77.688,80,68.52,100,100.0,39.92,70-80
3450,CO_tc3.m,79.936,100,61.29,90,100.0,48.39,70-80
3451,CO_trev.m,72.0,60,60.0,90,100.0,50.0,70-80
3452,cp2s3f.m,75.636,100,66.67,75,100.0,36.51,70-80
3453,cpd.m,73.33,70,54.92,100,100.0,41.73,70-80
3454,cpdag_to_dag2.m,75.0,100,60.47,75,100.0,39.53,70-80
3455,cpderr.m,78.19,100,76.19,60,100.0,54.76,70-80
3456,CPDFromFactor.m,73.878,100,68.29,45,100.0,56.1,70-80
3457,cpdres.m,79.5,60,75.0,100,100.0,62.5,70-80
3458,cpds2Factors.m,72.77,60,61.54,100,100.0,42.31,70-80
3459,CPDUnif.m,75.39,100,50.72,90,100.0,36.23,70-80
3460,cpd_als.m,79.994,80,67.41,100,100.0,52.56,70-80
3461,cpd_els.m,74.674,80,57.59,90,100.0,45.78,70-80
3462,cpd_lsb.m,74.5,60,68.75,75,100.0,68.75,70-80
3463,cpd_nls.m,75.918,80,60.69,100,100.0,38.9,70-80
3464,CPD_to_dpots.m,75.0,30,100.0,45,100.0,100.0,70-80
3465,CPD_to_lambda_msg.m,79.5,60,93.75,75,100.0,68.75,70-80
3466,CPD_to_linear_gaussian.m,76.942,60,88.24,60,100.0,76.47,70-80
3467,CPD_to_pi.m,79.0,30,100.0,75,100.0,90.0,70-80
3468,CPD_to_pot.m,79.0,60,100.0,60,100.0,75.0,70-80
3469,cpf_corrector.m,75.648,80,59.83,90,100.0,48.41,70-80
3470,cpf_detect_events.m,77.684,80,63.06,90,100.0,55.36,70-80
3471,cpf_flim_event_cb.m,79.482,100,67.24,75,100.0,55.17,70-80
3472,cpf_nose_event_cb.m,73.208,60,65.52,75,100.0,65.52,70-80
3473,cpf_p.m,79.6,60,76.0,90,100.0,72.0,70-80
3474,cpf_qlim_event_cb.m,78.092,100,70.1,75,100.0,45.36,70-80
3475,cpf_register_event.m,74.2,60,76.0,75,100.0,60.0,70-80
3476,cpf_tangent.m,70.222,100,75.0,15,100.0,61.11,70-80
3477,cpf_target_lam_event.m,75.666,60,83.33,60,100.0,75.0,70-80
3478,cpf_vlim_event_cb.m,76.0,100,58.33,75,100.0,46.67,70-80
3479,CPH.m,79.858,80,74.62,100,100.0,44.67,70-80
3480,cphd_update_meta.m,73.956,60,73.91,75,100.0,60.87,70-80
3481,Cplex.m,74.38,100,60.82,75,100.0,36.08,70-80
3482,CPLEXParamSet.m,76.41,100,51.28,100,100.0,30.77,70-80
3483,cplotg.m,76.79,100,50.62,100,100.0,33.33,70-80
3484,cplus.m,71.138,60,75.86,75,100.0,44.83,70-80
3485,cpMatrixVec.m,72.0,30,100.0,30,100.0,100.0,70-80
3486,cpml.m,77.07,100,65.12,90,100.0,30.23,70-80
3487,cpot.m,74.77,60,92.31,60,100.0,61.54,70-80
3488,cpot_to_mpot.m,73.0,60,75.0,60,100.0,70.0,70-80
3489,cprint.m,70.23,60,76.92,45,100.0,69.23,70-80
3490,cprproject_read.m,79.742,100,77.42,60,100.0,61.29,70-80
3491,CPR_Imaging_Demo.m,77.064,100,85.11,30,100.0,70.21,70-80
3492,CPSMOEA.m,75.572,60,71.43,75,100.0,71.43,70-80
3493,CPSO_func.m,73.132,80,73.81,60,100.0,51.85,70-80
3494,cptcmap.m,75.362,70,59.63,100,100.0,47.18,70-80
3495,CPT_from_bnet.m,76.0,30,100.0,60,100.0,90.0,70-80
3496,CpuGroup.m,76.0,60,80.0,60,100.0,80.0,70-80
3497,cpuinfo.m,79.454,80,70.24,100,100.0,47.03,70-80
3498,cpuMPmuFEAT.m,76.384,100,73.97,60,100.0,47.95,70-80
3499,cpuusage_userincrease.m,78.364,100,77.27,60,100.0,54.55,70-80
3500,CpxInfo.m,77.5,100,66.07,75,100.0,46.43,70-80
3501,cpy_admd.m,77.834,60,87.5,75,100.0,66.67,70-80
3502,cpy_mgdwe.m,77.0,60,87.5,75,100.0,62.5,70-80
3503,cpy_mpcm.m,78.036,60,89.66,75,100.0,65.52,70-80
3504,cpy_RLCM.m,76.5,60,93.75,60,100.0,68.75,70-80
3505,cp_apr.m,70.614,70,40.15,100,100.0,42.92,70-80
3506,cp_findFulseIndex.m,72.284,30,85.71,60,100.0,85.71,70-80
3507,CP_l1pwc_sweep_lambda.m,77.79,100,67.44,75,100.0,46.51,70-80
3508,cp_match.m,77.544,100,67.27,75,100.0,45.45,70-80
3509,cp_M_v000.m,73.956,60,78.26,75,100.0,56.52,70-80
3510,cp_nmu.m,76.73,80,56.41,90,100.0,57.24,70-80
3511,cp_readImage.m,79.782,100,63.04,100,100.0,35.87,70-80
3512,cp_redsys_v000.m,76.38,60,100.0,60,100.0,61.9,70-80
3513,cp_registration.m,78.766,80,81.33,75,100.0,57.5,70-80
3514,cp_rgbCheckerBoard.m,74.0,60,86.36,60,100.0,63.64,70-80
3515,cp_signal_gen.m,79.788,100,61.05,100,100.0,37.89,70-80
3516,cp_subpixelFine.m,70.168,60,79.17,45,100.0,66.67,70-80
3517,cp_T_v000.m,76.522,60,85.71,75,100.0,61.9,70-80
3518,CP_wavelet_varchg.m,78.15,100,55.56,100,100.0,35.19,70-80
3519,cp_wn_pow_v000.m,71.588,60,82.35,45,100.0,70.59,70-80
3520,cqcc_extraction.m,73.798,80,50.57,100,100.0,38.42,70-80
3521,cqiSelect.m,75.858,70,60.77,100,100.0,48.52,70-80
3522,cqt.m,75.644,80,59.77,100,100.0,38.45,70-80
3523,cqtCell2Sparse.m,72.0,60,85.0,45,100.0,70.0,70-80
3524,cqtFillSparse.m,74.334,60,88.89,45,100.0,77.78,70-80
3525,cqtfilters.m,76.834,80,66.49,100,100.0,37.68,70-80
3526,cqtSparse2Cell.m,71.0,60,86.36,45,100.0,63.64,70-80
3527,CR3BPOrbitStateModel.m,76.564,80,59.82,90,100.0,53.0,70-80
3528,CR3BPOrbitVariable.m,71.228,80,54.07,90,100.0,32.07,70-80
3529,crackPattern.m,77.81,80,44.55,100,100.0,64.5,70-80
3530,crackPattern2.m,79.706,100,57.35,100,100.0,41.18,70-80
3531,Cramer.m,76.5,60,81.25,60,100.0,81.25,70-80
3532,crameri.m,78.57,100,57.14,100,100.0,35.71,70-80
3533,CRandomWalk.m,77.926,100,68.29,75,100.0,46.34,70-80
3534,Crane_varyparam.m,72.334,100,73.96,45,100.0,42.71,70-80
3535,Crank_Nicolson.m,74.0,100,70.0,45,100.0,55.0,70-80
3536,crashCheck.m,72.416,100,56.25,60,100.0,45.83,70-80
3537,crazyflie.m,70.524,60,80.95,45,100.0,66.67,70-80
3538,CRA_enterFunc.m,72.966,60,79.31,60,100.0,65.52,70-80
3539,CRA_loadData.m,71.59,60,88.24,45,100.0,64.71,70-80
3540,CRA_test_LR.m,76.256,100,72.34,60,100.0,48.94,70-80
3541,CRA_Train.m,74.666,60,100.0,30,100.0,83.33,70-80
3542,crbf_gen.m,78.946,100,55.26,100,100.0,39.47,70-80
3543,crbm.m,75.802,70,65.72,100,100.0,43.29,70-80
3544,crb_general_det_1d.m,77.848,60,84.62,60,100.0,84.62,70-80
3545,crb_general_sto_1d.m,77.75,60,87.5,60,100.0,81.25,70-80
3546,crc16.m,77.588,60,76.47,75,100.0,76.47,70-80
3547,crc24q.m,76.706,100,70.59,60,100.0,52.94,70-80
3548,crc32.m,72.384,60,65.38,75,100.0,61.54,70-80
3549,CRC_features_calculation.m,78.386,80,75.31,90,100.0,46.62,70-80
3550,crc_generator_matrix.m,73.0,60,80.0,60,100.0,65.0,70-80
3551,creaky_voice_do_detection.m,73.572,100,68.57,45,100.0,54.29,70-80
3552,creal.m,77.0,60,78.57,75,100.0,71.43,70-80
3553,create.m,77.58,100,61.29,75,100.0,51.61,70-80
3554,createAnimation.m,76.566,80,67.1,90,100.0,45.73,70-80
3555,createAnnotations.m,72.452,100,70.97,30,100.0,61.29,70-80
3556,CreateBasicOperator.m,71.5,100,45.0,75,100.0,37.5,70-80
3557,createBasisTransform3d.m,76.034,100,74.14,75,100.0,31.03,70-80
3558,createBatchMWBM.m,76.918,80,55.9,100,100.0,48.69,70-80
3559,createBC.m,72.926,60,70.37,75,100.0,59.26,70-80
3560,createBIDS_blood_auto_tsv_and_json_short.m,76.408,100,75.93,45,100.0,61.11,70-80
3561,createBIDS_blood_manual_tsv_and_json_full.m,79.75,100,80.0,75,100.0,43.75,70-80
3562,createBIDS_blood_manual_tsv_and_json_short.m,76.408,100,77.78,45,100.0,59.26,70-80
3563,createBIDS_bold_json_full.m,72.2,100,79.0,45,100.0,37.0,70-80
3564,createBIDS_bold_json_short.m,75.122,100,75.51,45,100.0,55.1,70-80
3565,createBIDS_channels_tsv.m,75.124,100,64.06,60,100.0,51.56,70-80
3566,createBIDS_coordsystem_json.m,76.272,100,75.0,45,100.0,61.36,70-80
3567,createBIDS_electrodes_tsv.m,75.122,100,75.51,45,100.0,55.1,70-80
3568,createBIDS_events_tsv_json_full.m,73.444,100,72.22,45,100.0,50.0,70-80
3569,createBIDS_ieeg_json.m,72.72,100,79.07,45,100.0,39.53,70-80
3570,createBIDS_meg_json_full.m,73.544,100,82.95,45,100.0,39.77,70-80
3571,createBIDS_meg_json_short.m,75.924,100,78.85,45,100.0,55.77,70-80
3572,createBIDS_micr_json_full.m,74.416,100,77.08,45,100.0,50.0,70-80
3573,createBIDS_micr_json_short.m,77.57,100,82.28,60,100.0,45.57,70-80
3574,createBIDS_participants_tsv.m,75.668,100,75.93,45,100.0,57.41,70-80
3575,createBIDS_pet_json_full.m,74.656,100,90.91,45,100.0,37.37,70-80
3576,createBIDS_pet_json_short.m,75.666,100,85.71,45,100.0,47.62,70-80
3577,createBIDS_samples_tsv.m,77.0,100,67.5,60,100.0,57.5,70-80
3578,createBIDS_T1w_json_full.m,72.596,100,77.53,45,100.0,40.45,70-80
3579,createBIDS_T1w_json_short.m,72.53,100,68.63,45,100.0,49.02,70-80
3580,createBilevelMILPproblem.m,77.272,80,75.29,90,100.0,41.07,70-80
3581,createBlobROI.m,72.0,30,100.0,30,100.0,100.0,70-80
3582,CreateBlurAndDecimationOperator.m,76.074,100,72.22,60,100.0,48.15,70-80
3583,createBusObjMFile.m,75.334,60,79.17,75,100.0,62.5,70-80
3584,createCellVariable.m,79.0,60,80.0,75,100.0,80.0,70-80
3585,createCellVector.m,78.126,100,71.88,75,100.0,43.75,70-80
3586,createCircle.m,70.2,60,72.0,75,100.0,44.0,70-80
3587,CreateCliqueTree.m,75.0,100,55.56,75,100.0,44.44,70-80
3588,CreateCliqueTreeHMM.m,78.86,100,70.18,75,100.0,49.12,70-80
3589,CreateClusterAndRAtables.m,74.696,100,65.17,60,100.0,48.31,70-80
3590,CreateClusterGraph.m,74.632,100,68.42,60,100.0,44.74,70-80
3591,createCombinedSession.m,78.808,80,66.85,100,100.0,47.19,70-80
3592,CreateCommentsField.m,79.274,100,81.82,60,100.0,54.55,70-80
3593,createComplexStructure.m,71.284,100,77.36,30,100.0,49.06,70-80
3594,createComputedSpeciesData.m,76.852,80,61.17,100,100.0,43.09,70-80
3595,createConnectedPorespace.m,75.57,100,57.14,75,100.0,45.71,70-80
3596,createConnMatrixForOptimization.m,77.714,60,71.43,100,100.0,57.14,70-80
3597,CreateConstellation.m,72.516,70,55.36,100,100.0,37.22,70-80
3598,createContextSpecificModel.m,73.762,80,50.3,100,100.0,38.51,70-80
3599,createConvexHullMethod.m,77.334,60,70.0,90,100.0,66.67,70-80
3600,createConvexHullMethodConcave.m,79.222,60,94.44,75,100.0,66.67,70-80
3601,createConvexHullMethodConvex.m,79.222,60,94.44,75,100.0,66.67,70-80
3602,CreateConvMtx.m,73.118,100,70.59,45,100.0,50.0,70-80
3603,CreateConvMtx1D.m,76.0,100,72.0,60,100.0,48.0,70-80
3604,CreateConvMtx2D.m,72.332,100,72.22,45,100.0,44.44,70-80
3605,CreateConvMtx2DSparse.m,72.332,100,72.22,45,100.0,44.44,70-80
3606,CreateConvMtxSparse.m,73.092,100,72.73,45,100.0,47.73,70-80
3607,createcov.m,77.974,100,59.49,100,100.0,30.38,70-80
3608,CreateDatadictGUI.m,71.876,80,53.09,100,100.0,26.29,70-80
3609,createdatamatpb.m,78.43,60,92.86,75,100.0,64.29,70-80
3610,createData_CDPLSA.m,74.388,100,93.55,30,100.0,48.39,70-80
3611,createData_IHR.m,72.546,60,90.91,30,100.0,81.82,70-80
3612,createDeBruijnSeq.m,70.974,100,57.69,60,100.0,37.18,70-80
3613,CreateDefaultFreeSurferAtlas.m,77.0,60,85.71,75,100.0,64.29,70-80
3614,CreateDefaultFreeSurferRegParms.m,79.826,100,73.91,60,100.0,65.22,70-80
3615,createDefaultKsptotOptions.m,70.5,60,87.5,30,100.0,75.0,70-80
3616,CreateDefaultRegParms.m,78.808,100,72.34,60,100.0,61.7,70-80
3617,createDeltaMatchMatrix.m,71.476,60,80.95,45,100.0,71.43,70-80
3618,createDemoWithParameters.m,75.164,80,66.99,75,100.0,53.83,70-80
3619,createDICimageSet.m,74.402,100,59.7,75,100.0,37.31,70-80
3620,createDirectedCircle.m,76.936,100,67.74,75,100.0,41.94,70-80
3621,CreateDirectories.m,72.572,60,78.57,60,100.0,64.29,70-80
3622,createdires.m,71.274,60,72.73,60,100.0,63.64,70-80
3623,createDodecahedron.m,70.848,100,75.76,30,100.0,48.48,70-80
3624,createDoseProjFigures.m,78.612,80,69.89,100,100.0,43.17,70-80
3625,createDualParameterization.m,78.696,60,78.26,90,100.0,65.22,70-80
3626,CreateDvbPuncturingPattern.m,71.614,60,76.92,75,100.0,46.15,70-80
3627,CreateEditData.m,72.696,60,78.26,60,100.0,65.22,70-80
3628,createEllipsoidNHOOD.m,71.5,100,70.0,45,100.0,42.5,70-80
3629,createEvalSets.m,71.434,100,66.22,45,100.0,45.95,70-80
3630,CreateEvent.m,76.762,80,54.33,100,100.0,49.48,70-80
3631,createExpandedStructure2D.m,79.49,100,65.31,75,100.0,57.14,70-80
3632,CreateExternSystem.m,78.75,100,68.75,75,100.0,50.0,70-80
3633,createExtremePathwayModel.m,71.0,60,85.0,45,100.0,65.0,70-80
3634,createFaceVariable.m,78.752,100,71.88,75,100.0,46.88,70-80
3635,createFactorLookupTable.m,73.728,60,81.82,45,100.0,81.82,70-80
3636,createFactors.m,76.88,100,84.85,45,100.0,54.55,70-80
3637,createFieldNameFromParameters.m,77.904,80,65.47,90,100.0,54.05,70-80
3638,createFigHandle.m,79.256,100,92.31,45,100.0,58.97,70-80
3639,createfigure.m,75.454,80,56.04,100,100.0,41.23,70-80
3640,createFlippedDataPascal.m,71.222,100,58.33,45,100.0,52.78,70-80
3641,createGammaDose.m,77.614,100,75.44,60,100.0,52.63,70-80
3642,CreateGfile.m,78.72,100,67.44,75,100.0,51.16,70-80
3643,CreateGfileWrap.m,72.572,60,71.43,60,100.0,71.43,70-80
3644,CreateGPR.m,74.34,80,40.87,100,100.0,50.83,70-80
3645,CreateGrayDisk.m,76.09,60,77.27,75,100.0,68.18,70-80
3646,createGround.m,72.888,60,83.33,60,100.0,61.11,70-80
3647,createGroupContributionStruct.m,78.794,100,68.97,75,100.0,50.0,70-80
3648,creategrRulesField.m,77.0,60,76.92,75,100.0,73.08,70-80
3649,createH5.m,77.0,100,76.32,60,100.0,48.68,70-80
3650,createHashTable.m,78.306,60,86.96,75,100.0,69.57,70-80
3651,CreateHDRvFromImage.m,72.8,100,64.0,60,100.0,40.0,70-80
3652,createHelpDemoDocumentation.m,71.57,100,67.14,45,100.0,45.71,70-80
3653,createHomothecy.m,70.154,60,76.92,60,100.0,53.85,70-80
3654,createHRWarmup.m,77.416,80,63.64,100,100.0,43.44,70-80
3655,createHS.m,74.75,60,87.5,45,100.0,81.25,70-80
3656,createImagBasis.m,74.044,60,95.65,45,100.0,69.57,70-80
3657,createImage.m,74.0,60,78.57,60,100.0,71.43,70-80
3658,CreateImageOverview.m,71.2,60,72.0,60,100.0,64.0,70-80
3659,CreateImageSeq.m,70.556,30,100.0,45,100.0,77.78,70-80
3660,createIMBeamlet.m,78.47,100,70.59,60,100.0,61.76,70-80
3661,createIMBeamlet_planChk.m,79.616,100,66.67,75,100.0,56.41,70-80
3662,createIMuids.m,79.352,100,59.46,90,100.0,47.3,70-80
3663,createInChIStruct.m,76.39,100,65.85,60,100.0,56.1,70-80
3664,createIntegratorOutBus.m,72.146,80,50.81,75,100.0,54.92,70-80
3665,createJob_runJob.m,78.0,60,100.0,30,100.0,100.0,70-80
3666,createJointControlButtons.m,75.428,100,71.43,60,100.0,45.71,70-80
3667,CreateLDRStackFromHDR.m,77.574,100,60.64,90,100.0,37.23,70-80
3668,CreateLight.m,72.0,60,85.0,45,100.0,70.0,70-80
3669,createLine3d.m,72.54,100,63.08,75,100.0,24.62,70-80
3670,createlistSLC.m,79.33,80,61.72,100,100.0,54.93,70-80
3671,createLmkGraphics.m,74.13,100,56.52,75,100.0,39.13,70-80
3672,createLowerResolutionImage.m,78.5,100,57.5,90,100.0,45.0,70-80
3673,CreateLTEInterleaver.m,75.702,80,98.51,60,100.0,40.0,70-80
3674,createMapFig.m,73.838,80,60.54,90,100.0,38.65,70-80
3675,createmconstructor.m,75.666,100,75.0,45,100.0,58.33,70-80
3676,CreateMeasurement_range_bearing.m,75.472,100,67.65,45,100.0,64.71,70-80
3677,createMengerSponge.m,70.236,100,92.94,30,100.0,28.24,70-80
3678,createMesh1D.m,79.908,100,79.07,60,100.0,60.47,70-80
3679,createMesh3D.m,79.868,100,96.72,60,100.0,42.62,70-80
3680,createMeshCylindrical1D.m,79.908,100,79.07,60,100.0,60.47,70-80
3681,createMeshCylindrical3D.m,76.23,60,88.46,75,100.0,57.69,70-80
3682,createMeshFacesOfVertex.m,70.668,60,66.67,60,100.0,66.67,70-80
3683,createMeshRadial2D.m,77.436,60,86.96,75,100.0,65.22,70-80
3684,createMeshSpherical1D.m,79.908,100,79.07,60,100.0,60.47,70-80
3685,createMeshTilted2D.m,78.774,100,85.48,60,100.0,48.39,70-80
3686,createMetaboliteIDs.m,71.574,80,82.61,45,100.0,50.26,70-80
3687,createMetIntrcNetwork.m,77.576,80,72.92,90,100.0,44.96,70-80
3688,createMhaDosesFromCERR.m,71.38,60,58.62,90,100.0,48.28,70-80
3689,createMissingData.m,78.616,60,88.46,60,100.0,84.62,70-80
3690,createMobject.m,72.776,60,94.44,15,100.0,94.44,70-80
3691,createModel.m,72.176,100,79.37,45,100.0,36.51,70-80
3692,CreateMovie.m,71.0,30,100.0,45,100.0,80.0,70-80
3693,createMPCForParkingValet.m,71.882,100,76.47,30,100.0,52.94,70-80
3694,createMPCForTrackingParkingValet.m,72.252,100,71.88,30,100.0,59.38,70-80
3695,createMPCmatrices.m,77.0,100,62.5,60,100.0,62.5,70-80
3696,createMS.m,73.63,60,89.47,45,100.0,73.68,70-80
3697,createMultiframeTestphan.m,78.856,100,77.14,60,100.0,57.14,70-80
3698,createMultipleH5.m,77.194,100,76.62,60,100.0,49.35,70-80
3699,createMultipleH5_SfsNet.m,71.308,80,64.02,60,100.0,52.52,70-80
3700,createMultipleH5_SyntheticImages.m,77.122,100,76.83,60,100.0,48.78,70-80
3701,createMultipleSpeciesModel.m,78.256,80,57.28,90,100.0,64.0,70-80
3702,createMWBM.m,78.028,100,50.7,100,100.0,39.44,70-80
3703,createNACA4.m,75.392,80,69.75,75,100.0,52.21,70-80
3704,createNACA5.m,74.538,80,69.84,75,100.0,47.85,70-80
3705,createNavigationMontage.m,73.228,100,50.63,75,100.0,40.51,70-80
3706,createNeibor.m,77.636,100,61.82,90,100.0,36.36,70-80
3707,CreateNetwork.m,72.478,100,65.22,45,100.0,52.17,70-80
3708,createnewblocklibrary.m,70.244,100,66.67,30,100.0,54.55,70-80
3709,CreateNewDataTypes.m,75.852,60,85.19,60,100.0,74.07,70-80
3710,createNewDeformObject.m,77.0,60,93.33,45,100.0,86.67,70-80
3711,createNewIM.m,78.122,100,75.51,60,100.0,55.1,70-80
3712,CreateNewModel.m,76.75,60,100.0,30,100.0,93.75,70-80
3713,CreateNewSession.m,75.428,60,78.57,60,100.0,78.57,70-80
3714,createNewTracks.m,78.374,100,81.25,45,100.0,65.62,70-80
3715,createNMEAOutput.m,77.354,100,67.65,75,100.0,44.12,70-80
3716,createNoInfoPDF.m,77.334,100,71.11,60,100.0,55.56,70-80
3717,CreateNoiseIndices.m,75.89,60,77.78,75,100.0,66.67,70-80
3718,createNonemptySolution_FuncGen.m,70.524,60,80.95,45,100.0,66.67,70-80
3719,createobjective.m,79.618,100,80.95,60,100.0,57.14,70-80
3720,createObs.m,78.452,100,77.42,60,100.0,54.84,70-80
3721,createObsCovariance.m,76.882,80,65.52,90,100.0,48.89,70-80
3722,createObservations.m,77.262,100,82.61,45,100.0,58.7,70-80
3723,CreateOpticalFlowPanel.m,70.8,100,68.0,30,100.0,56.0,70-80
3724,createOptions.m,70.858,60,100.0,30,100.0,64.29,70-80
3725,createoutput.m,73.0,60,100.0,30,100.0,75.0,70-80
3726,createOutputStructure.m,79.0,60,95.0,75,100.0,65.0,70-80
3727,createPanModels.m,79.244,70,82.65,100,100.0,43.57,70-80
3728,createParamMapFromAnatomy.m,70.0,60,65.0,60,100.0,65.0,70-80
3729,createParaPanel.m,76.584,80,58.42,75,100.0,69.5,70-80
3730,createParaTree.m,76.866,80,59.86,100,100.0,44.47,70-80
3731,CreatePatchExpert.m,71.366,100,65.85,30,100.0,60.98,70-80
3732,createPath.m,72.0,30,100.0,30,100.0,100.0,70-80
3733,createpdf.m,72.0,60,80.0,60,100.0,60.0,70-80
3734,createPeriplasmaticSpace.m,77.264,100,72.37,60,100.0,53.95,70-80
3735,createPersonalizedModel.m,79.494,100,68.54,75,100.0,53.93,70-80
3736,createPlanCFromFiles.m,77.082,80,64.23,100,100.0,41.18,70-80
3737,createPlmCmdFile.m,72.818,60,86.36,45,100.0,72.73,70-80
3738,CreateRandomLogParamSets.m,75.808,100,61.9,60,100.0,57.14,70-80
3739,createRandRegGraph.m,75.0,100,61.33,75,100.0,38.67,70-80
3740,createRaster.m,72.422,80,59.66,75,100.0,47.45,70-80
3741,createRateLimiter.m,71.99,100,68.97,45,100.0,45.98,70-80
3742,createRateLimiterWOSat.m,73.0,100,70.0,45,100.0,50.0,70-80
3743,createRawFormat.m,75.456,60,63.64,90,100.0,63.64,70-80
3744,createRay.m,76.666,60,76.19,90,100.0,57.14,70-80
3745,createrBioNetStructure.m,72.862,80,64.96,60,100.0,59.35,70-80
3746,createReadmeAppendNotes.m,73.332,100,47.22,75,100.0,44.44,70-80
3747,createReadmeSession.m,77.34,80,63.64,100,100.0,43.06,70-80
3748,createRGBStack.m,72.958,100,57.14,75,100.0,32.65,70-80
3749,createROI.m,71.26,100,59.26,60,100.0,37.04,70-80
3750,createROIFromRange.m,79.784,80,68.75,100,100.0,50.17,70-80
3751,createRotation.m,70.154,60,84.62,60,100.0,46.15,70-80
3752,createRotation3dLineAngle.m,72.572,60,76.19,60,100.0,66.67,70-80
3753,createRotationOx.m,77.556,100,80.56,60,100.0,47.22,70-80
3754,createRotationOy.m,73.428,100,73.81,60,100.0,33.33,70-80
3755,createRotationOz.m,77.0,100,80.56,60,100.0,44.44,70-80
3756,createRotationVector3d.m,70.088,60,69.57,60,100.0,60.87,70-80
3757,createSampleTimeGraphs.m,75.808,100,53.42,90,100.0,35.62,70-80
3758,createSampleTimeSets.m,78.368,100,54.08,100,100.0,37.76,70-80
3759,createSaturation.m,73.314,100,72.55,45,100.0,49.02,70-80
3760,createSBMLFiles.m,74.908,60,77.27,60,100.0,77.27,70-80
3761,createScaling.m,72.926,60,85.19,75,100.0,44.44,70-80
3762,createsdpcut.m,79.618,100,78.57,60,100.0,59.52,70-80
3763,CreateSegments.m,70.384,100,58.59,60,100.0,33.33,70-80
3764,CreateSegmentsApprox.m,70.666,100,61.11,45,100.0,47.22,70-80
3765,createSenFig.m,76.574,80,45.54,100,100.0,57.33,70-80
3766,createSessionForDLSeg.m,79.556,60,88.89,60,100.0,88.89,70-80
3767,createSignal.m,74.556,100,57.78,75,100.0,40.0,70-80
3768,createSimLmkGraphics.m,73.206,60,72.41,75,100.0,58.62,70-80
3769,createSimStructures.m,70.154,60,73.08,60,100.0,57.69,70-80
3770,createSOCDataset.m,77.0,60,76.92,75,100.0,73.08,70-80
3771,createspec.m,78.404,100,70.21,75,100.0,46.81,70-80
3772,createSphere.m,76.154,60,76.92,90,100.0,53.85,70-80
3773,createSphericalPack.m,72.636,100,69.7,45,100.0,48.48,70-80
3774,CreateStacks.m,73.37,70,48.09,100,100.0,48.76,70-80
3775,createStandardFolder.m,77.526,60,78.95,75,100.0,73.68,70-80
3776,createStapleStruct.m,78.428,60,82.14,75,100.0,75.0,70-80
3777,createSTL.m,72.222,100,73.33,30,100.0,57.78,70-80
3778,createStructuresMatrices.m,73.632,70,50.16,100,100.0,48.0,70-80
3779,createStructuresMatrices_plnChk.m,78.13,80,65.82,100,100.0,44.83,70-80
3780,createSubSamples.m,70.666,60,53.33,90,100.0,50.0,70-80
3781,createSureFitRawData.m,78.808,80,63.79,100,100.0,50.25,70-80
3782,createSureFitRawData2.m,75.594,80,58.5,100,100.0,39.47,70-80
3783,CreateSystem.m,75.112,60,77.78,60,100.0,77.78,70-80
3784,createTableObservers.m,70.782,80,39.84,90,100.0,44.07,70-80
3785,createTEDSDataset.m,79.5,60,83.33,75,100.0,79.17,70-80
3786,createTestSuite.m,78.812,80,54.73,100,100.0,59.33,70-80
3787,createTextureMaps.m,78.912,100,70.65,75,100.0,48.91,70-80
3788,createtimegraph.m,75.738,60,94.74,45,100.0,78.95,70-80
3789,createTissueSpecificModel.m,79.688,80,64.19,100,100.0,54.25,70-80
3790,createToyModel.m,76.0,100,75.0,45,100.0,60.0,70-80
3791,createToyModelForAltOpts.m,73.222,60,94.44,45,100.0,66.67,70-80
3792,createToyModelForConnectedComponentAnalysis.m,73.0,60,93.33,45,100.0,66.67,70-80
3793,createToyModelForConstraints.m,74.334,60,96.3,45,100.0,70.37,70-80
3794,createToyModelForgapFind.m,70.564,60,91.3,45,100.0,56.52,70-80
3795,createToyModelForGeoFBA.m,74.75,60,93.75,45,100.0,75.0,70-80
3796,createToyModelForLifting.m,78.544,60,86.36,60,100.0,86.36,70-80
3797,createToyModelForLooplessFVA.m,72.0,60,85.0,45,100.0,70.0,70-80
3798,createToyModelForMDFBA.m,78.332,60,93.33,45,100.0,93.33,70-80
3799,createToyModelForPreProcessing.m,77.924,60,92.31,45,100.0,92.31,70-80
3800,createTrainingModel.m,78.766,80,65.62,90,100.0,58.21,70-80
3801,createTranslation.m,78.25,60,87.5,75,100.0,68.75,70-80
3802,createTranslation3d.m,76.472,60,89.47,75,100.0,57.89,70-80
3803,createUIControlsROE.m,77.666,80,77.57,90,100.0,40.76,70-80
3804,createUIControlsROEPreset.m,78.45,80,75.64,90,100.0,46.61,70-80
3805,createUnconnectedDiGraph.m,72.0,30,100.0,30,100.0,100.0,70-80
3806,createUniformlySlicedPlanC.m,77.402,100,48.05,100,100.0,38.96,70-80
3807,createUniversalReactionModel.m,74.326,100,69.77,60,100.0,41.86,70-80
3808,createUniversalReactionModel2.m,73.878,80,70.63,75,100.0,43.76,70-80
3809,createUntexturedSphere.m,72.0,30,100.0,30,100.0,100.0,70-80
3810,createVAnatomy.m,75.0,30,100.0,45,100.0,100.0,70-80
3811,createVelocititesControlButtons.m,77.172,80,66.93,90,100.0,48.93,70-80
3812,createVideoCapture.m,76.254,80,60.71,100,100.0,40.56,70-80
3813,CreateVideoSequence.m,74.334,60,96.3,45,100.0,70.37,70-80
3814,createVolAnat.m,75.352,80,70.21,75,100.0,51.55,70-80
3815,createVolAnatSKERI.m,77.116,80,71.5,90,100.0,44.08,70-80
3816,createWahbaProblem.m,75.298,70,52.49,100,100.0,54.0,70-80
3817,createWindow.m,77.486,80,57.66,100,100.0,49.77,70-80
3818,createWorld.m,76.222,60,83.33,60,100.0,77.78,70-80
3819,createXMatrix.m,77.408,80,58.04,90,100.0,59.0,70-80
3820,createXMatrix2.m,74.91,80,55.88,90,100.0,48.67,70-80
3821,createXORdata.m,78.25,60,87.5,75,100.0,68.75,70-80
3822,createXYCoordVec.m,72.0,60,66.67,75,100.0,58.33,70-80
3823,create_2d_image_resize_matrix.m,72.0,30,100.0,30,100.0,100.0,70-80
3824,create_3d_cubic_interp_matrix.m,79.0,100,76.67,75,100.0,43.33,70-80
3825,create_3d_image_upsample_matrix.m,79.5,60,87.5,75,100.0,75.0,70-80
3826,create_3d_linear_interp_matrix.m,79.314,100,72.55,75,100.0,49.02,70-80
3827,create_binned_data_from_raster_data.m,74.466,80,47.5,100,100.0,44.83,70-80
3828,create_buildings.m,71.0,60,75.0,45,100.0,75.0,70-80
3829,create_burst.m,76.066,80,54.25,100,100.0,46.08,70-80
3830,create_cache.m,70.556,30,88.89,45,100.0,88.89,70-80
3831,Create_CCNF_Regressor.m,73.23,100,60.0,60,100.0,46.15,70-80
3832,Create_Cluster_Center.m,75.276,60,79.31,75,100.0,62.07,70-80
3833,create_config.m,72.0,30,100.0,30,100.0,100.0,70-80
3834,create_confusion_matrices_and_MI.m,71.17,80,38.22,100,100.0,37.63,70-80
3835,create_database.m,71.5,100,75.0,30,100.0,52.5,70-80
3836,create_dataset.m,74.8,100,62.0,60,100.0,52.0,70-80
3837,create_deformed_scan.m,79.694,100,78.57,75,100.0,44.9,70-80
3838,create_divs.m,76.364,60,77.27,90,100.0,54.55,70-80
3839,create_empty_image.m,76.0,60,80.0,60,100.0,80.0,70-80
3840,create_F.m,74.332,60,83.33,45,100.0,83.33,70-80
3841,create_figure3.m,73.274,100,83.64,30,100.0,52.73,70-80
3842,create_flat_triangular_mesh.m,78.452,100,70.97,60,100.0,61.29,70-80
3843,create_folds.m,75.284,60,85.71,45,100.0,85.71,70-80
3844,create_frame_figure.m,77.56,80,70.99,90,100.0,46.81,70-80
3845,create_gnuradio_zc.m,77.332,60,83.33,60,100.0,83.33,70-80
3846,create_hdf5.m,74.572,100,79.59,30,100.0,63.27,70-80
3847,create_hedgehog_mesh.m,72.186,60,66.67,75,100.0,59.26,70-80
3848,create_imagemodel.m,79.252,80,71.15,100,100.0,45.11,70-80
3849,create_image_pyramid.m,74.184,100,63.27,75,100.0,32.65,70-80
3850,create_iomat_file.m,71.5,60,75.0,60,100.0,62.5,70-80
3851,create_irregular_grid.m,71.988,80,63.41,75,100.0,41.53,70-80
3852,create_irregular_grid_with_min_angle.m,78.0,60,100.0,30,100.0,100.0,70-80
3853,create_kernel.m,76.052,100,61.4,75,100.0,43.86,70-80
3854,create_kernelmodel.m,76.69,100,63.38,75,100.0,45.07,70-80
3855,create_LC_observations.m,76.536,80,70.18,90,100.0,42.5,70-80
3856,create_list.m,70.8,60,88.0,30,100.0,76.0,70-80
3857,create_logisticloss_label.m,72.262,60,73.68,75,100.0,52.63,70-80
3858,create_map.m,72.286,60,100.0,30,100.0,71.43,70-80
3859,create_marker_templates.m,73.5,100,75.0,30,100.0,62.5,70-80
3860,create_masks.m,73.304,100,65.22,60,100.0,41.3,70-80
3861,create_mask_demo_gui.m,77.618,80,62.77,100,100.0,45.32,70-80
3862,create_model_regression.m,71.25,100,46.25,75,100.0,35.0,70-80
3863,create_multi.m,76.638,80,60.19,90,100.0,53.0,70-80
3864,create_new_exp.m,74.58,100,72.09,45,100.0,55.81,70-80
3865,create_ngf_cache.m,71.5,60,75.0,60,100.0,62.5,70-80
3866,create_nn_unittests.m,70.48,100,64.81,45,100.0,42.59,70-80
3867,create_pad_mask.m,71.77,60,84.62,45,100.0,69.23,70-80
3868,create_parameters.m,78.968,100,92.42,60,100.0,42.42,70-80
3869,create_parameters12.m,70.314,80,74.36,75,100.0,22.21,70-80
3870,create_parameters_nonstationary.m,79.524,100,82.14,75,100.0,40.48,70-80
3871,create_pasted_segmentations.m,74.334,60,88.89,45,100.0,77.78,70-80
3872,create_pasted_segmentations_refined.m,73.144,60,89.29,45,100.0,71.43,70-80
3873,Create_pdm_inner_face.m,71.25,80,62.75,45,100.0,68.5,70-80
3874,create_plot_image.m,70.728,60,81.82,30,100.0,81.82,70-80
3875,create_policy.m,73.236,100,51.47,75,100.0,39.71,70-80
3876,create_problem.m,76.914,80,64.08,100,100.0,40.49,70-80
3877,create_regions_from_boxes.m,77.704,100,67.57,75,100.0,45.95,70-80
3878,create_regular_grid.m,76.334,100,76.67,60,100.0,45.0,70-80
3879,create_restrictions_and_markov_chains1.m,74.5,100,80.0,45,100.0,47.5,70-80
3880,create_restrictions_and_markov_chains3.m,74.642,100,79.49,45,100.0,48.72,70-80
3881,create_roi_masks2.m,72.754,100,62.26,60,100.0,41.51,70-80
3882,create_segmentations_from_detections.m,72.682,100,61.36,60,100.0,42.05,70-80
3883,create_shifted_buildings.m,75.332,60,70.83,75,100.0,70.83,70-80
3884,create_specific_binding_mask.m,75.284,60,85.71,45,100.0,85.71,70-80
3885,create_SPHARM_des_LSF.m,77.642,100,64.15,75,100.0,49.06,70-80
3886,create_study_fv.m,72.0,100,53.85,60,100.0,46.15,70-80
3887,create_synthetic_dataset.m,74.372,80,56.49,90,100.0,45.37,70-80
3888,create_T.m,77.618,60,80.95,90,100.0,57.14,70-80
3889,create_table.m,71.432,100,83.78,45,100.0,28.38,70-80
3890,create_table_of_algorithms.m,76.318,80,63.16,100,100.0,38.43,70-80
3891,create_table_of_algorithms_comb.m,75.538,80,60.61,100,100.0,37.08,70-80
3892,create_table_subset.m,70.07,100,73.21,45,100.0,32.14,70-80
3893,Create_Trajectory.m,77.746,100,66.67,75,100.0,47.06,70-80
3894,create_trivial_initial.m,73.0,60,86.67,45,100.0,73.33,70-80
3895,create_uni.m,72.428,60,85.71,45,100.0,71.43,70-80
3896,create_VAE_model.m,74.2,60,72.0,75,100.0,64.0,70-80
3897,create_zc.m,73.364,60,68.18,75,100.0,63.64,70-80
3898,create_zc_seq.m,75.0,30,100.0,45,100.0,100.0,70-80
3899,creatLap.m,76.334,60,100.0,30,100.0,91.67,70-80
3900,cRecon.m,72.0,60,84.0,60,100.0,56.0,70-80
3901,cRecon1.m,70.668,60,77.78,60,100.0,55.56,70-80
3902,credibleRegion.m,71.858,100,60.0,45,100.0,54.29,70-80
3903,CreditAssignment.m,71.77,60,84.62,45,100.0,69.23,70-80
3904,crepmat.m,72.556,60,66.67,75,100.0,61.11,70-80
3905,creshape.m,74.06,60,70.59,75,100.0,64.71,70-80
3906,crest2.m,77.684,60,94.74,60,100.0,73.68,70-80
3907,crest_envelope.m,71.242,100,55.7,60,100.0,40.51,70-80
3908,CREST_tracking.m,78.636,80,60.99,100,100.0,52.19,70-80
3909,crf2ChainTrainDemo.m,71.356,100,73.21,30,100.0,53.57,70-80
3910,crf2FitStruct.m,78.434,80,66.41,90,100.0,55.76,70-80
3911,crf2InferNodes.m,79.58,100,58.95,100,100.0,38.95,70-80
3912,crf2InferNodesAndEdges.m,72.572,60,78.57,60,100.0,64.29,70-80
3913,crf2Map.m,72.696,60,78.26,60,100.0,65.22,70-80
3914,crf2Sample.m,74.0,60,79.17,60,100.0,70.83,70-80
3915,crfFitStructDemo.m,74.896,100,76.92,45,100.0,52.56,70-80
3916,crfTrainScript.m,76.906,100,76.74,45,100.0,62.79,70-80
3917,criteria4asyncbci.m,76.284,80,64.66,90,100.0,46.76,70-80
3918,crop.m,73.332,60,73.33,60,100.0,73.33,70-80
3919,cropAroundCOM.m,72.506,100,64.56,60,100.0,37.97,70-80
3920,cropCurAnatSlice.m,78.776,100,55.1,100,100.0,38.78,70-80
3921,cropface.m,73.192,80,64.29,75,100.0,46.67,70-80
3922,CropFullAnat.m,77.0,60,78.57,75,100.0,71.43,70-80
3923,CropImage.m,73.182,60,100.0,15,100.0,90.91,70-80
3924,cropImagePatches.m,76.226,80,66.96,75,100.0,59.17,70-80
3925,cropPost.m,76.186,100,65.12,60,100.0,55.81,70-80
3926,cropStack.m,74.0,60,83.33,60,100.0,66.67,70-80
3927,CropStackDialog.m,73.126,80,54.95,100,100.0,30.68,70-80
3928,cropvector.m,76.23,60,76.92,75,100.0,69.23,70-80
3929,crop_4dvideo.m,73.728,60,81.82,45,100.0,81.82,70-80
3930,crop_all.m,78.472,100,67.65,60,100.0,64.71,70-80
3931,crop_borders.m,76.41,80,49.58,100,100.0,52.47,70-80
3932,crop_candidates.m,71.0,60,78.57,45,100.0,71.43,70-80
3933,crop_data.m,72.284,30,85.71,60,100.0,85.71,70-80
3934,crop_dataset.m,71.8,80,58.0,75,100.0,46.0,70-80
3935,crop_for_chewing_structs.m,79.866,100,75.68,75,100.0,48.65,70-80
3936,crop_for_constrictor.m,76.898,100,73.47,60,100.0,51.02,70-80
3937,crop_for_larynx.m,79.082,100,71.43,75,100.0,48.98,70-80
3938,crop_for_pancreas.m,76.52,100,64.56,75,100.0,43.04,70-80
3939,crop_gray.m,75.54,100,78.85,45,100.0,53.85,70-80
3940,crop_half_FOV.m,72.57,60,85.71,60,100.0,57.14,70-80
3941,crop_qim.m,70.23,60,76.92,45,100.0,69.23,70-80
3942,crop_volume.m,72.284,30,85.71,60,100.0,85.71,70-80
3943,cRosenSuzuki.m,78.0,60,100.0,30,100.0,100.0,70-80
3944,crossARH.m,72.0,30,100.0,30,100.0,100.0,70-80
3945,crosscorrdim.m,79.5,100,71.88,60,100.0,65.62,70-80
3946,crossCorrelation.m,72.606,100,59.09,60,100.0,43.94,70-80
3947,CrossCov.m,71.91,60,81.82,45,100.0,72.73,70-80
3948,CrossCutter.m,71.858,100,62.86,45,100.0,51.43,70-80
3949,crossentropy.m,76.166,60,70.83,100,100.0,50.0,70-80
3950,crossf.m,76.568,70,67.15,100,100.0,45.69,70-80
3951,crossfold.m,79.236,70,72.79,100,100.0,53.39,70-80
3952,crosshair.m,73.85,70,62.26,100,100.0,36.99,70-80
3953,crosshair_subplots.m,73.414,70,55.97,100,100.0,41.1,70-80
3954,crossing.m,79.538,100,63.46,90,100.0,44.23,70-80
3955,crossmat.m,72.0,30,100.0,30,100.0,100.0,70-80
3956,crossMatToVec.m,72.0,30,100.0,30,100.0,100.0,70-80
3957,crossnobis.m,74.75,80,57.62,100,100.0,36.13,70-80
3958,crossover.m,79.728,60,90.91,75,100.0,72.73,70-80
3959,CrossoverTest.m,77.856,100,65.71,75,100.0,48.57,70-80
3960,crossover_continious.m,74.522,100,61.9,75,100.0,35.71,70-80
3961,crossprod.m,70.666,60,74.07,60,100.0,59.26,70-80
3962,crossProdMat.m,71.856,60,82.14,60,100.0,57.14,70-80
3963,crossProdOp.m,72.0,30,100.0,30,100.0,100.0,70-80
3964,crossProduct.m,77.262,60,68.42,100,100.0,57.89,70-80
3965,crossProduct3d.m,77.588,60,82.35,75,100.0,70.59,70-80
3966,CrossProductVector.m,72.39,100,52.17,75,100.0,34.78,70-80
3967,CrossSpecMat.m,76.514,100,62.12,75,100.0,45.45,70-80
3968,CrossSpecMatc.m,76.846,100,63.08,75,100.0,46.15,70-80
3969,CrossSpecMatpb.m,76.25,100,62.5,75,100.0,43.75,70-80
3970,crossvalidate_grid_search.m,72.386,80,52.43,60,100.0,69.5,70-80
3971,CrossValidation1Param.m,73.6,100,66.0,60,100.0,42.0,70-80
3972,CrossValidationDirty.m,72.274,100,68.49,60,100.0,32.88,70-80
3973,CrossValidationTest.m,79.0,100,90.91,45,100.0,59.09,70-80
3974,crossvalide.m,72.0,30,100.0,30,100.0,100.0,70-80
3975,cross_binary_product_cardinality.m,79.5,60,87.5,75,100.0,75.0,70-80
3976,cross_entropy_metrics.m,79.488,100,56.41,100,100.0,41.03,70-80
3977,cross_grad.m,71.77,60,92.31,45,100.0,61.54,70-80
3978,cross_quantilograms_sb.m,72.724,80,56.16,90,100.0,37.46,70-80
3979,cross_quantilograms_sn.m,72.502,80,56.49,90,100.0,36.02,70-80
3980,cross_sectional_metrics.m,76.196,80,58.65,100,100.0,42.33,70-80
3981,crouzeix_raviart_massmatrix.m,75.304,60,95.65,60,100.0,60.87,70-80
3982,Crowding.m,71.848,60,84.62,30,100.0,84.62,70-80
3983,CrowdingDistance.m,74.826,60,78.26,75,100.0,60.87,70-80
3984,crptool_fnn.m,75.878,70,66.95,100,100.0,42.44,70-80
3985,crtbase.m,79.09,60,77.27,90,100.0,68.18,70-80
3986,crtrp.m,70.668,60,66.67,60,100.0,66.67,70-80
3987,cruise_reserved_fuel.m,72.912,100,67.39,45,100.0,52.17,70-80
3988,CryoCARE.m,79.866,80,65.0,100,100.0,54.33,70-80
3989,crYOLO.m,74.828,70,56.03,100,100.0,48.11,70-80
3990,crystalShape.m,75.044,80,56.22,100,100.0,39.0,70-80
3991,crystalSymmetry.m,73.158,80,53.81,100,100.0,31.98,70-80
3992,CR_RAD.m,75.638,100,66.67,60,100.0,51.52,70-80
3993,cr_subsolver.m,77.046,80,63.28,100,100.0,41.95,70-80
3994,CS4300_agent_Astar.m,79.966,100,67.21,90,100.0,42.62,70-80
3995,CS4300_agent_Astar_AC.m,76.542,100,62.5,90,100.0,30.21,70-80
3996,CS4300_agent_Astar_PC.m,75.55,100,59.18,90,100.0,28.57,70-80
3997,CS4300_board_fits_percept.m,77.856,100,68.57,75,100.0,45.71,70-80
3998,CS4300_choose1.m,70.0,30,87.5,45,100.0,87.5,70-80
3999,CS4300_Example1.m,75.384,60,80.77,90,100.0,46.15,70-80
4000,CS4300_frontier.m,70.666,60,76.19,60,100.0,57.14,70-80
4001,CS4300_gen_board.m,76.23,60,88.46,75,100.0,57.69,70-80
4002,CS4300_gen_res.m,75.0,30,100.0,45,100.0,100.0,70-80
4003,CS4300_gen_turn_seq.m,76.906,100,71.43,75,100.0,38.1,70-80
4004,CS4300_get_percept.m,78.404,100,72.34,75,100.0,44.68,70-80
4005,CS4300_hybrid_agent.m,71.342,80,61.08,75,100.0,40.63,70-80
4006,CS4300_hybrid_agent0.m,75.634,80,63.41,90,100.0,44.76,70-80
4007,CS4300_image_process.m,73.248,100,65.62,60,100.0,40.62,70-80
4008,CS4300_logistic_learning.m,73.334,60,80.0,60,100.0,66.67,70-80
4009,CS4300_MC_agent.m,74.448,80,62.8,90,100.0,39.44,70-80
4010,CS4300_MDP_policy.m,72.75,60,81.25,60,100.0,62.5,70-80
4011,CS4300_perceptron_learning.m,74.834,60,87.5,60,100.0,66.67,70-80
4012,CS4300_policies_with_different_rewards.m,78.416,100,84.91,60,100.0,47.17,70-80
4013,CS4300_P_no_attack.m,74.488,100,66.67,75,100.0,30.77,70-80
4014,CS4300_run_trials.m,77.552,100,61.7,75,100.0,51.06,70-80
4015,CS4300_show_board.m,79.25,100,80.0,90,100.0,26.25,70-80
4016,CS4300_show_trace.m,75.0,30,100.0,45,100.0,100.0,70-80
4017,CS4300_show_tree.m,70.572,60,64.29,75,100.0,53.57,70-80
4018,CS4300_traceback.m,75.0,30,100.0,45,100.0,100.0,70-80
4019,CS4300_update.m,79.79,100,67.37,100,100.0,31.58,70-80
4020,CS4300_WP_estimates.m,72.516,60,72.41,75,100.0,55.17,70-80
4021,CS4300_Wumpus_neighbors.m,74.91,60,81.82,60,100.0,72.73,70-80
4022,CS4300_Wumpus_solution.m,71.762,60,76.19,75,100.0,47.62,70-80
4023,csa.m,79.102,100,70.51,75,100.0,50.0,70-80
4024,csad.m,77.096,100,76.19,45,100.0,64.29,70-80
4025,csapsPar.m,71.38,60,58.62,90,100.0,48.28,70-80
4026,csa_header.m,73.0,30,87.5,60,100.0,87.5,70-80
4027,csc.m,79.472,60,73.68,90,100.0,73.68,70-80
4028,cscDerivVal.m,73.376,100,75.0,45,100.0,46.88,70-80
4029,CsCl_MD_rndAngle_staged_individualSaves_v6_v3b_mLC_sloGro16k.m,79.374,80,67.2,100,100.0,49.67,70-80
4030,CSD.m,76.23,60,76.92,75,100.0,69.23,70-80
4031,CSDF.m,78.248,80,61.74,100,100.0,49.5,70-80
4032,csearch.m,75.344,80,67.22,100,100.0,29.5,70-80
4033,CSEMT.m,75.81,80,57.86,100,100.0,41.19,70-80
4034,csf_demo.m,77.282,100,69.81,60,100.0,56.6,70-80
4035,csf_visualize.m,77.91,60,81.82,75,100.0,72.73,70-80
4036,csgrid.m,75.29,100,62.32,75,100.0,39.13,70-80
4037,cshift3D.m,72.888,60,94.44,60,100.0,50.0,70-80
4038,csidata.m,74.79,100,72.09,60,100.0,41.86,70-80
4039,csidemo.m,76.256,100,65.96,60,100.0,55.32,70-80
4040,CSIError.m,72.888,100,69.44,45,100.0,50.0,70-80
4041,CSII.m,75.128,80,57.31,100,100.0,38.33,70-80
4042,csimca.m,77.566,70,64.97,100,100.0,52.86,70-80
4043,csimpls.m,79.9,80,76.0,100,100.0,43.5,70-80
4044,csiparamsgui.m,79.042,100,72.34,75,100.0,47.87,70-80
4045,csiReport.m,74.526,60,78.95,60,100.0,73.68,70-80
4046,csirsPanelDimensions.m,73.412,60,94.12,60,100.0,52.94,70-80
4047,CSL.m,77.374,100,57.81,90,100.0,39.06,70-80
4048,csminit.m,79.51,80,70.63,100,100.0,46.92,70-80
4049,CSMInverter.m,77.746,100,54.43,90,100.0,44.3,70-80
4050,csminwel.m,79.094,80,73.96,100,100.0,41.51,70-80
4051,csmmeta.m,79.39,100,63.41,75,100.0,58.54,70-80
4052,CSO.m,75.0,60,80.0,75,100.0,60.0,70-80
4053,csolve.m,77.752,80,74.34,90,100.0,44.42,70-80
4054,CSPargusFilename.m,79.176,100,61.86,100,100.0,34.02,70-80
4055,Csparse.m,77.42,80,66.5,100,100.0,40.6,70-80
4056,CsparsePx.m,78.428,100,68.57,75,100.0,48.57,70-80
4057,CsparsePy.m,71.666,60,70.0,75,100.0,53.33,70-80
4058,CsparsePz.m,76.474,60,78.95,75,100.0,68.42,70-80
4059,CSPcorrectAEDT_AEST.m,78.546,60,90.91,60,100.0,81.82,70-80
4060,CSPGeditShorelinePoints.m,74.766,100,88.24,15,100.0,70.59,70-80
4061,CSPgetImageList.m,77.908,60,77.27,75,100.0,77.27,70-80
4062,CSPgetShorelineList.m,79.38,60,80.95,75,100.0,80.95,70-80
4063,CSPGgetVirtualGCP.m,77.334,60,88.89,60,100.0,77.78,70-80
4064,CSPGmakeTrendPlot.m,78.188,80,62.88,100,100.0,48.06,70-80
4065,CSPGminusXdays.m,77.75,60,87.5,60,100.0,81.25,70-80
4066,CSPGnextImage.m,79.308,60,84.62,75,100.0,76.92,70-80
4067,CSPGplusXdays.m,77.75,60,87.5,60,100.0,81.25,70-80
4068,CSPGpreviousImage.m,76.308,60,84.62,60,100.0,76.92,70-80
4069,CSPGshiftSLxshore.m,76.412,60,76.47,75,100.0,70.59,70-80
4070,cspice_furnsh.m,77.556,60,66.67,100,100.0,61.11,70-80
4071,cspice_unload.m,77.556,60,66.67,100,100.0,61.11,70-80
4072,CSPmakeDayTimex.m,77.572,60,89.29,60,100.0,78.57,70-80
4073,CSPprocessEZDetach.m,79.646,100,75.76,75,100.0,47.47,70-80
4074,CSPreadSiteDB.m,75.666,100,86.36,45,100.0,46.97,70-80
4075,cspselect_directorsCut.m,74.0,60,77.27,60,100.0,72.73,70-80
4076,cspselect_fixedNumber.m,76.0,60,80.0,75,100.0,65.0,70-80
4077,CSPtagRegisteredImages.m,72.482,60,93.1,30,100.0,79.31,70-80
4078,CSPtagRegisteredImagesNoTide.m,74.298,60,96.3,30,100.0,85.19,70-80
4079,cspy.m,77.0,30,90.0,75,100.0,90.0,70-80
4080,csqi.m,76.896,60,72.41,90,100.0,62.07,70-80
4081,CSRKDApredict.m,77.0,60,76.92,75,100.0,73.08,70-80
4082,CSRKDAtrain.m,76.0,100,66.25,75,100.0,38.75,70-80
4083,CSR_Fusion.m,78.396,100,73.58,75,100.0,43.4,70-80
4084,csr_to_sparse.m,71.168,60,66.67,75,100.0,54.17,70-80
4085,cssmooth.m,75.408,80,56.16,100,100.0,40.88,70-80
4086,cssp_off2on.m,78.778,100,80.0,45,100.0,68.89,70-80
4087,cst2coordinates.m,70.982,100,52.54,60,100.0,42.37,70-80
4088,CstAir.m,75.048,100,88.1,30,100.0,57.14,70-80
4089,CstAlignWCSwithFace.m,72.0,30,100.0,30,100.0,100.0,70-80
4090,CstAlignWCSwithPoint.m,72.0,30,100.0,30,100.0,100.0,70-80
4091,Cstblood.m,75.166,100,100.0,30,100.0,45.83,70-80
4092,CstBone.m,76.154,100,100.0,30,100.0,50.77,70-80
4093,CstCopperAnnealedLossy.m,75.02,100,96.08,30,100.0,49.02,70-80
4094,CstCopperPureLossy.m,71.862,80,94.64,30,100.0,54.67,70-80
4095,Cstcreatedielectricmaterial.m,79.514,100,97.3,30,100.0,70.27,70-80
4096,Cstcylinder.m,73.112,100,63.89,60,100.0,41.67,70-80
4097,CstDefaultUnits.m,71.078,60,92.31,30,100.0,73.08,70-80
4098,CstDefineBackroundMaterial.m,72.494,100,93.51,30,100.0,38.96,70-80
4099,CstDefineOpenBoundary.m,76.212,100,91.8,45,100.0,44.26,70-80
4100,CstDefineTimedomainSolver.m,70.174,60,91.3,30,100.0,69.57,70-80
4101,cstdeviations.m,70.078,60,61.54,75,100.0,53.85,70-80
4102,CstDiscretePort.m,75.272,60,100.0,30,100.0,86.36,70-80
4103,cstep.m,72.378,80,57.58,90,100.0,34.31,70-80
4104,cstepJacobian.m,76.384,60,100.0,45,100.0,76.92,70-80
4105,CstExportFarfieldSource.m,74.53,100,94.12,30,100.0,48.53,70-80
4106,CstExportFarfieldSourceAngleStep.m,74.954,100,95.52,30,100.0,49.25,70-80
4107,CstExportFarfieldSourceAngleStepOrigin.m,77.22,100,93.15,45,100.0,47.95,70-80
4108,CstExportTouchstone.m,70.0,60,86.67,30,100.0,73.33,70-80
4109,CstFR4lossy.m,77.892,100,97.3,30,100.0,62.16,70-80
4110,CstLoadSparametterTXT.m,72.0,30,100.0,30,100.0,100.0,70-80
4111,CstMuscle.m,75.166,100,100.0,30,100.0,45.83,70-80
4112,CstPickEdge.m,72.0,30,100.0,30,100.0,100.0,70-80
4113,CstPickFace.m,72.0,30,100.0,30,100.0,100.0,70-80
4114,CstPickMidPoint.m,72.0,30,100.0,30,100.0,100.0,70-80
4115,CstPlaneWaveExcitation.m,75.142,60,100.0,30,100.0,85.71,70-80
4116,CstQuitProject.m,72.0,30,100.0,30,100.0,100.0,70-80
4117,cstrDiscr.m,70.706,100,73.53,30,100.0,50.0,70-80
4118,cstring.m,77.5,60,75.0,90,100.0,62.5,70-80
4119,CstRogersTMM10ilossy.m,77.054,100,94.74,30,100.0,60.53,70-80
4120,CstSaveAsProject.m,72.0,30,100.0,30,100.0,100.0,70-80
4121,CstSaveProject.m,72.0,30,100.0,30,100.0,100.0,70-80
4122,CstSphere.m,70.942,60,88.24,30,100.0,76.47,70-80
4123,CstTDMMeshSettings.m,71.238,100,86.9,30,100.0,39.29,70-80
4124,CstTeflonPTFElossy.m,76.952,100,97.62,30,100.0,57.14,70-80
4125,CstWaveguidePort.m,71.334,60,100.0,30,100.0,66.67,70-80
4126,cst_footVel.m,72.0,60,66.67,75,100.0,58.33,70-80
4127,cst_heelStrike.m,78.0,100,59.42,90,100.0,40.58,70-80
4128,cst_stepLength.m,70.528,60,58.82,75,100.0,58.82,70-80
4129,csum.m,71.8,60,68.0,75,100.0,56.0,70-80
4130,CSV.m,76.066,100,47.54,100,100.0,32.79,70-80
4131,csv2mat.m,76.362,80,73.42,75,100.0,53.39,70-80
4132,CsvMeasurementReaderX.m,79.796,100,67.95,90,100.0,41.03,70-80
4133,csv_Callback.m,72.696,60,73.91,60,100.0,69.57,70-80
4134,csv_data.m,76.94,60,82.35,60,100.0,82.35,70-80
4135,csv_element.m,78.546,60,90.91,60,100.0,81.82,70-80
4136,csv_lookup.m,74.91,60,81.82,60,100.0,72.73,70-80
4137,CS_3D_A.m,70.194,80,57.4,75,100.0,38.57,70-80
4138,cs_convert.m,77.916,80,60.9,100,100.0,48.68,70-80
4139,CS_GBP.m,79.166,80,65.07,100,100.0,50.76,70-80
4140,CS_Imaging_Demo.m,72.486,100,81.08,30,100.0,51.35,70-80
4141,CS_Imaging_Demo_DVAMP.m,78.404,100,80.85,75,100.0,36.17,70-80
4142,cs_jacobian.m,75.428,60,85.71,60,100.0,71.43,70-80
4143,cs_mri2mni.m,75.666,60,83.33,60,100.0,75.0,70-80
4144,cs_mri2scs.m,75.666,60,83.33,60,100.0,75.0,70-80
4145,cs_nii2bst.m,77.358,100,80.36,60,100.0,46.43,70-80
4146,CtC_anis.m,71.23,100,57.69,60,100.0,38.46,70-80
4147,ctd_bincast.m,72.534,100,72.0,60,100.0,30.67,70-80
4148,ctd_binning.m,71.828,100,87.88,45,100.0,26.26,70-80
4149,ctd_bins.m,73.63,60,85.19,60,100.0,62.96,70-80
4150,ctd_cleanup.m,76.118,100,72.06,60,100.0,48.53,70-80
4151,ctd_cleanup_1hz.m,77.184,100,74.07,60,100.0,51.85,70-80
4152,ctd_correction.m,71.222,80,63.64,75,100.0,37.47,70-80
4153,ctd_oxygen_lag.m,77.714,100,71.43,60,100.0,57.14,70-80
4154,ctd_rd.m,76.194,80,58.26,100,100.0,42.71,70-80
4155,ctd_rd_jn.m,76.162,80,57.96,100,100.0,42.85,70-80
4156,ctd_rmdepthloops.m,79.272,100,90.91,60,100.0,45.45,70-80
4157,ctd_switch.m,72.142,30,100.0,45,100.0,85.71,70-80
4158,ctf2eeglab_gui.m,78.836,100,77.22,60,100.0,56.96,70-80
4159,ctf2grad.m,71.918,70,55.04,100,100.0,34.55,70-80
4160,ctf_add_coil_defs.m,79.702,80,73.79,100,100.0,44.72,70-80
4161,ctf_avw2mri.m,71.982,100,52.83,75,100.0,32.08,70-80
4162,ctf_channel_metrics.m,77.896,100,72.37,75,100.0,42.11,70-80
4163,ctf_check_eog.m,74.958,80,65.29,90,100.0,39.5,70-80
4164,ctf_eeglab_jtfa_script.m,75.836,100,73.97,60,100.0,45.21,70-80
4165,ctf_eog.m,73.16,70,56.76,100,100.0,39.04,70-80
4166,ctf_filter.m,76.394,100,55.81,75,100.0,51.16,70-80
4167,ctf_folder.m,74.258,100,51.85,75,100.0,44.44,70-80
4168,ctf_get_files.m,79.064,80,57.98,100,100.0,57.34,70-80
4169,ctf_jtfa_comp.m,73.648,80,66.67,75,100.0,46.57,70-80
4170,ctf_mri2avw.m,77.222,100,69.44,75,100.0,41.67,70-80
4171,ctf_plot.m,72.082,80,41.22,100,100.0,39.19,70-80
4172,ctf_read_badchannels.m,70.926,100,44.44,75,100.0,35.19,70-80
4173,ctf_read_classfile.m,72.93,80,46.94,100,100.0,37.71,70-80
4174,ctf_read_epochs.m,74.89,80,55.04,100,100.0,39.41,70-80
4175,ctf_read_fiducials.m,75.818,100,63.27,75,100.0,40.82,70-80
4176,ctf_read_gui.m,76.324,70,58.18,100,100.0,53.44,70-80
4177,ctf_read_headshape.m,77.638,100,54.55,90,100.0,43.64,70-80
4178,ctf_read_markerfile.m,74.942,80,58.04,90,100.0,46.67,70-80
4179,ctf_read_meg4.m,72.534,80,47.02,100,100.0,35.65,70-80
4180,ctf_read_res4.m,78.12,70,74.31,100,100.0,46.29,70-80
4181,ctf_read_svl.m,70.516,100,69.7,45,100.0,37.88,70-80
4182,ctf_rename_ds.m,74.586,80,58.26,90,100.0,44.67,70-80
4183,ctf_stim_sortRT.m,75.186,60,66.67,90,100.0,59.26,70-80
4184,ctf_write_ascii.m,77.028,100,48.65,100,100.0,36.49,70-80
4185,ctf_write_headshape.m,74.454,80,50.45,90,100.0,51.82,70-80
4186,ctf_write_mrishape.m,73.99,80,50.88,90,100.0,49.07,70-80
4187,ctf_write_sam_targets.m,79.026,100,53.85,90,100.0,51.28,70-80
4188,CTImageRotation.m,75.246,70,62.73,100,100.0,43.5,70-80
4189,CTimeleft.m,79.8,100,60.0,100,100.0,39.0,70-80
4190,CTMC_Price_Equity_Cap.m,74.566,80,60.0,90,100.0,42.83,70-80
4191,ctpole.m,74.334,100,66.67,45,100.0,60.0,70-80
4192,ctps_gen.m,76.524,80,57.36,100,100.0,45.26,70-80
4193,ctps_plot_grid_gen.m,73.39,100,78.05,45,100.0,43.9,70-80
4194,ctrace.m,77.222,100,66.67,75,100.0,44.44,70-80
4195,ctraj.m,72.716,60,64.29,75,100.0,64.29,70-80
4196,ctrans.m,72.0,30,100.0,30,100.0,100.0,70-80
4197,ctransform.m,74.942,100,64.71,60,100.0,50.0,70-80
4198,ctransp.m,77.588,60,82.35,75,100.0,70.59,70-80
4199,ctranspose.m,74.59,60,88.24,60,100.0,64.71,70-80
4200,ctransposefactor.m,73.556,30,88.89,60,100.0,88.89,70-80
4201,ctrBatchCreateContrackFiles.m,75.804,80,66.67,90,100.0,42.35,70-80
4202,ctrBatchScore.m,79.19,80,72.13,90,100.0,53.82,70-80
4203,ctrInit.m,71.322,80,44.22,100,100.0,32.39,70-80
4204,ctrInitBatchScore.m,75.152,80,61.58,90,100.0,44.18,70-80
4205,ctrInitBatchTrack.m,77.328,80,64.02,100,100.0,42.62,70-80
4206,ctrInitParamsFile.m,73.904,100,53.42,75,100.0,41.1,70-80
4207,ctrl5_2_3ctrl.m,77.794,60,100.0,60,100.0,68.97,70-80
4208,ctrlCbfClfQp.m,76.08,80,55.12,100,100.0,45.28,70-80
4209,ctrlClfQp.m,75.634,80,53.17,100,100.0,45.0,70-80
4210,ctrlEnvironment.m,77.824,80,64.29,100,100.0,44.83,70-80
4211,CtrlEnv_Case_test.m,71.024,100,51.22,60,100.0,43.9,70-80
4212,CtrlEnv_generateMarkdown.m,71.848,60,84.62,30,100.0,84.62,70-80
4213,CtrlEnv_loadCase.m,76.394,100,55.81,75,100.0,51.16,70-80
4214,CtrlEnv_loadCase_Constant.m,72.578,60,84.21,45,100.0,73.68,70-80
4215,CtrlEnv_loadCase_FTP75.m,73.632,60,84.21,45,100.0,78.95,70-80
4216,CtrlEnv_loadCase_HighSpeed.m,72.578,60,84.21,45,100.0,73.68,70-80
4217,CtrlEnv_loadCase_SimpleDrivePattern.m,72.578,60,84.21,45,100.0,73.68,70-80
4218,CtrlEnv_UnitTest_MQC.m,70.956,100,51.06,75,100.0,28.72,70-80
4219,CtrlEnv_Vehicle_generateMarkdown.m,71.848,60,84.62,30,100.0,84.62,70-80
4220,CtrlEnv_Vehicle_loadSimulationCase.m,75.778,100,66.67,60,100.0,52.22,70-80
4221,CtrlEnv_Vehicle_plotResults.m,72.334,60,79.17,60,100.0,62.5,70-80
4222,CtrlEnv_Vehicle_setInitialConditions.m,78.296,100,70.37,60,100.0,61.11,70-80
4223,CtrlEnv_Vehicle_UnitTest_MQC.m,70.076,100,50.0,60,100.0,40.38,70-80
4224,ctrLoad.m,76.446,100,69.88,75,100.0,37.35,70-80
4225,ctrl_LARC_GSC.m,78.988,80,65.38,100,100.0,49.56,70-80
4226,ctrl_scheduler_GUAM.m,74.11,80,71.15,90,100.0,29.4,70-80
4227,ctx2hst.m,71.436,60,82.61,45,100.0,69.57,70-80
4228,ct_fan_beam_example.m,78.212,80,60.17,90,100.0,60.89,70-80
4229,ct_geom.m,74.902,70,63.92,100,100.0,40.59,70-80
4230,ct_geom_par.m,74.956,70,62.96,100,100.0,41.82,70-80
4231,ct_sys.m,78.2,100,90.0,45,100.0,56.0,70-80
4232,cub.m,71.666,30,100.0,45,100.0,83.33,70-80
4233,Cubature2D.m,70.428,60,82.14,60,100.0,50.0,70-80
4234,CubatureVolumeMesh2D.m,70.088,60,65.22,60,100.0,65.22,70-80
4235,cubature_KF_points.m,73.856,60,85.71,45,100.0,78.57,70-80
4236,cube.m,78.874,100,81.25,60,100.0,53.12,70-80
4237,cube2ball.m,70.244,100,69.7,30,100.0,51.52,70-80
4238,cubeAfemQuadCurl.m,75.516,80,80.58,45,100.0,72.0,70-80
4239,cubeAFEMQuadCurl1.m,70.632,80,77.4,45,100.0,50.76,70-80
4240,cubegradmesh.m,78.678,100,87.1,45,100.0,61.29,70-80
4241,cubehexgradmesh.m,72.666,60,87.5,45,100.0,70.83,70-80
4242,CubeMap2Direction.m,73.242,100,72.73,45,100.0,48.48,70-80
4243,cubeMaxwell1.m,71.104,60,89.66,30,100.0,75.86,70-80
4244,cubeMaxwell2.m,71.794,60,89.66,30,100.0,79.31,70-80
4245,cubeMaxwellH.m,78.374,100,78.12,45,100.0,68.75,70-80
4246,cubeMaxwellSaddle.m,76.234,100,90.7,30,100.0,60.47,70-80
4247,cubeMaxwellSaddle1.m,78.272,100,90.91,30,100.0,70.45,70-80
4248,cubePoisson.m,75.714,100,85.71,30,100.0,62.86,70-80
4249,cubePoisson3RT0.m,78.392,60,100.0,45,100.0,86.96,70-80
4250,cubePoissoncvtmesh.m,77.57,60,85.71,60,100.0,82.14,70-80
4251,cubePoissonP2.m,79.27,100,83.78,45,100.0,67.57,70-80
4252,cubePoissonQ1.m,76.556,100,86.11,30,100.0,66.67,70-80
4253,cubeStokes.m,78.796,100,83.67,45,100.0,65.31,70-80
4254,cube_five_tessellation.m,70.668,60,90.48,60,100.0,42.86,70-80
4255,cube_stackable_tessellation.m,70.364,60,90.91,60,100.0,40.91,70-80
4256,cubical_averaging.m,76.5,100,81.25,45,100.0,56.25,70-80
4257,CubicExpInterp.m,74.274,60,72.73,75,100.0,63.64,70-80
4258,cubicfcn.m,79.428,100,71.43,90,100.0,35.71,70-80
4259,cubicroots.m,77.5,100,65.0,75,100.0,47.5,70-80
4260,CubicTimeScaling.m,72.0,30,100.0,30,100.0,100.0,70-80
4261,cubic_arc_length.m,74.238,80,76.19,75,100.0,40.0,70-80
4262,cubic_cubic_integrated_distance.m,73.69,100,73.24,60,100.0,35.21,70-80
4263,cubic_cubic_intersect.m,75.872,100,70.97,60,100.0,48.39,70-80
4264,cubic_disp_and_warp_and_grad_3d.m,70.364,60,72.73,60,100.0,59.09,70-80
4265,cubic_flat_eval.m,79.0,60,91.67,60,100.0,83.33,70-80
4266,cubic_spline.m,72.4,100,60.0,60,100.0,42.0,70-80
4267,cubic_spline_curve.m,75.2,100,68.0,60,100.0,48.0,70-80
4268,cubic_subdivide.m,76.79,60,94.74,45,100.0,84.21,70-80
4269,cubic_uniformly_sample.m,79.68,80,60.4,100,100.0,58.0,70-80
4270,cubic_vertex_removal.m,78.912,80,67.45,100,100.0,47.11,70-80
4271,cubInfoUpdate.m,70.6,100,60.0,45,100.0,48.0,70-80
4272,cubKalMeasPred.m,71.5,100,67.19,45,100.0,45.31,70-80
4273,cubKalUpdateWithPred.m,75.5,100,77.5,45,100.0,55.0,70-80
4274,cubMap.m,73.306,80,48.91,100,100.0,37.62,70-80
4275,cubo2homo.m,70.244,100,69.7,30,100.0,51.52,70-80
4276,cuboidmesh.m,70.95,100,68.29,45,100.0,41.46,70-80
4277,cuboid_im.m,77.782,80,66.67,100,100.0,42.24,70-80
4278,cuboid_pts2hyp.m,71.0,30,90.0,45,100.0,90.0,70-80
4279,cuboid_pts2prm_incomp.m,71.692,60,73.08,60,100.0,65.38,70-80
4280,cubSplineInterpSimp.m,72.0,30,100.0,30,100.0,100.0,70-80
4281,cub_demo.m,71.142,100,60.71,45,100.0,50.0,70-80
4282,cudaica.m,74.694,70,58.64,100,100.0,44.83,70-80
4283,cudaica_EEG.m,75.0,30,100.0,45,100.0,100.0,70-80
4284,cudnnInstall.m,74.946,100,67.57,45,100.0,62.16,70-80
4285,cuhk_word2_pool.m,71.636,80,78.82,60,100.0,39.36,70-80
4286,cuhk_word2_pool_vgg16.m,71.796,80,78.91,60,100.0,40.07,70-80
4287,cullArriveDepartCombosPerCB.m,76.2,100,64.0,75,100.0,42.0,70-80
4288,cum4.m,73.564,60,73.91,60,100.0,73.91,70-80
4289,cummin.m,72.0,60,62.5,75,100.0,62.5,70-80
4290,CumPwrStorageStateOfChargeConstraint.m,75.558,80,53.9,100,100.0,43.89,70-80
4291,cumsum.m,77.0,60,80.0,75,100.0,70.0,70-80
4292,cumsum2.m,71.332,30,83.33,60,100.0,83.33,70-80
4293,cumsum3.m,70.154,60,69.23,60,100.0,61.54,70-80
4294,cumsummat.m,70.0,30,87.5,45,100.0,87.5,70-80
4295,cumtrapz.m,79.566,60,82.61,90,100.0,65.22,70-80
4296,cumtrapzf.m,70.666,60,73.33,60,100.0,60.0,70-80
4297,cumulant.m,79.626,100,96.88,45,100.0,56.25,70-80
4298,cumulants4Moments.m,70.742,80,60.38,60,100.0,53.33,70-80
4299,cumulative_histogram_mapping.m,76.43,100,64.29,75,100.0,42.86,70-80
4300,cunion.m,74.0,60,56.67,100,100.0,53.33,70-80
4301,cunique.m,71.0,60,75.0,45,100.0,75.0,70-80
4302,curateAgainstBacDiveData.m,74.238,70,73.23,75,100.0,52.96,70-80
4303,curateExchangeRxns.m,70.936,100,63.44,45,100.0,46.24,70-80
4304,curateGrowthRequirements.m,78.474,70,65.7,100,100.0,56.67,70-80
4305,curateHMR2Mets.m,78.322,80,79.31,90,100.0,42.3,70-80
4306,curateMetFormula4PAPS.m,74.858,100,62.34,60,100.0,51.95,70-80
4307,curateModelECcodes.m,75.078,100,64.62,60,100.0,50.77,70-80
4308,curator.m,73.558,100,68.83,60,100.0,38.96,70-80
4309,curFaster.m,71.334,60,100.0,30,100.0,66.67,70-80
4310,curFasterKernel.m,70.5,60,100.0,30,100.0,62.5,70-80
4311,Curl2D.m,72.428,60,78.57,45,100.0,78.57,70-80
4312,CurlCurl2dNd0.m,77.028,80,74.14,75,100.0,56.0,70-80
4313,curlu3CR.m,79.334,60,100.0,45,100.0,91.67,70-80
4314,curlyhat.m,72.0,30,100.0,30,100.0,100.0,70-80
4315,curl_animation_Youtube.m,71.338,100,70.13,45,100.0,41.56,70-80
4316,currentlyOpenFiles.m,71.0,30,90.0,45,100.0,90.0,70-80
4317,curseDimensionality.m,74.75,60,87.5,45,100.0,81.25,70-80
4318,CursorDataPoint-1Point.m,70.0,30,87.5,45,100.0,87.5,70-80
4319,CursorDataPoint.m,70.556,30,88.89,45,100.0,88.89,70-80
4320,curvatureAnalysis_drive.m,74.672,80,75.36,75,100.0,43.0,70-80
4321,curvature_gaussian.m,74.0,60,75.0,60,100.0,75.0,70-80
4322,curvature_mean.m,71.768,60,76.92,45,100.0,76.92,70-80
4323,curvcalc_comparison.m,76.444,100,78.35,75,100.0,28.87,70-80
4324,CurvedCNS2D.m,74.702,100,59.46,60,100.0,54.05,70-80
4325,CurvedCNSDriver2D.m,75.2,100,72.0,60,100.0,44.0,70-80
4326,CurvedDGJump2D.m,72.42,60,73.68,60,100.0,68.42,70-80
4327,CurvedDGPenalty2D.m,72.8,60,76.0,60,100.0,68.0,70-80
4328,CurvedEuler2D.m,75.472,100,67.65,45,100.0,64.71,70-80
4329,CurvedEulerDriver2D.m,79.142,100,78.57,60,100.0,57.14,70-80
4330,CurvedEulerRHS2D.m,77.07,100,65.52,75,100.0,44.83,70-80
4331,CurvedINS2D.m,72.256,100,58.97,60,100.0,42.31,70-80
4332,CurvedINSDriver2D.m,74.086,100,82.98,30,100.0,57.45,70-80
4333,CurvedINSMatrixSystems2D.m,74.128,100,63.83,60,100.0,46.81,70-80
4334,CurvedPoissonIPDG2D.m,79.714,100,62.86,90,100.0,45.71,70-80
4335,curveFitting.m,70.0,60,95.0,30,100.0,65.0,70-80
4336,curveinterp.m,73.05,80,65.84,75,100.0,44.41,70-80
4337,curveLength.m,78.462,60,73.08,90,100.0,69.23,70-80
4338,curvemoments.m,79.696,80,68.05,100,100.0,50.43,70-80
4339,curvePathOrderFix.m,72.0,60,70.83,75,100.0,54.17,70-80
4340,curveToEdgeList.m,77.384,60,69.23,100,100.0,57.69,70-80
4341,curveToMesh.m,79.348,100,69.57,75,100.0,52.17,70-80
4342,curve_based_triangulation.m,73.762,70,56.19,100,100.0,42.62,70-80
4343,curve_ext_multi.m,73.474,60,78.95,60,100.0,68.42,70-80
4344,curve_ext_recon.m,75.764,60,82.35,60,100.0,76.47,70-80
4345,Curvilinear.m,75.606,80,61.8,100,100.0,36.23,70-80
4346,curvs_delFind.m,77.528,100,70.53,75,100.0,42.11,70-80
4347,curvs_plot.m,77.714,80,73.78,100,100.0,34.79,70-80
4348,custom.m,72.91,100,63.64,60,100.0,40.91,70-80
4349,CustomContainer.m,78.134,100,54.67,100,100.0,36.0,70-80
4350,CustomContainerTest.m,72.0,100,55.26,60,100.0,44.74,70-80
4351,CustomFiniteDiffsCalculationMethod.m,77.166,80,56.16,100,100.0,49.67,70-80
4352,CustomSequence.m,74.0,60,56.67,100,100.0,53.33,70-80
4353,customVisibilityCallback.m,78.284,60,85.71,60,100.0,85.71,70-80
4354,custom_cost.m,72.0,30,100.0,30,100.0,100.0,70-80
4355,custom_dataset_example.m,79.166,100,56.25,100,100.0,39.58,70-80
4356,custom_lla2flat.m,79.324,100,87.1,45,100.0,64.52,70-80
4357,Custom_OptionsGUI.m,72.776,70,49.02,100,100.0,44.86,70-80
4358,cutAtFirstFallingEdge.m,72.572,60,71.43,60,100.0,71.43,70-80
4359,cutBlocks.m,77.44,100,60.98,75,100.0,51.22,70-80
4360,cutBlocksNeural.m,78.93,100,67.86,75,100.0,51.79,70-80
4361,cutBlocksNeuralCascade.m,79.746,100,67.8,75,100.0,55.93,70-80
4362,CutDatFragment.m,73.358,80,61.29,75,100.0,50.5,70-80
4363,cutDetections.m,75.696,60,78.26,75,100.0,65.22,70-80
4364,CutEdgesComputer.m,74.364,100,61.9,75,100.0,34.92,70-80
4365,cutframe.m,77.668,60,91.67,45,100.0,91.67,70-80
4366,CutFunctionValuesComputer.m,79.178,100,63.24,90,100.0,42.65,70-80
4367,CutMesh.m,77.332,100,63.33,75,100.0,48.33,70-80
4368,cutMeshByPlane.m,78.074,100,59.04,100,100.0,31.33,70-80
4369,CutMeshComputerProvisional.m,75.42,70,65.2,100,100.0,41.9,70-80
4370,CutMeshProvisionalLine.m,76.364,100,68.18,75,100.0,38.64,70-80
4371,CutMeshProvisionalOthers.m,78.706,80,72.41,100,100.0,41.12,70-80
4372,CutMeshProvisionalQuadrilater.m,77.842,80,68.33,100,100.0,40.88,70-80
4373,cutMUAP.m,73.092,60,72.73,60,100.0,72.73,70-80
4374,CutPointsCalculator.m,76.182,80,65.62,90,100.0,45.29,70-80
4375,cutpolygon.m,73.458,70,60.56,100,100.0,36.73,70-80
4376,CutScene.m,78.262,100,68.42,90,100.0,32.89,70-80
4377,cutsdp.m,75.34,70,63.5,100,100.0,43.2,70-80
4378,cutSpectogramFrequency.m,72.666,60,83.33,45,100.0,75.0,70-80
4379,cut_diverging.m,73.182,60,100.0,15,100.0,90.91,70-80
4380,cut_edges.m,73.778,100,77.78,30,100.0,61.11,70-80
4381,cut_path.m,73.026,100,50.62,75,100.0,39.51,70-80
4382,cut_quantile.m,70.556,30,88.89,45,100.0,88.89,70-80
4383,cut_unnecessary_layers_for_SAC_policy.m,72.0,30,100.0,30,100.0,100.0,70-80
4384,CV.m,77.978,100,63.83,75,100.0,51.06,70-80
4385,CV2XMode4.m,79.962,80,64.93,100,100.0,54.88,70-80
4386,cvar_.m,75.94,70,65.31,100,100.0,44.39,70-80
4387,cvcompute.m,71.0,60,85.0,45,100.0,65.0,70-80
4388,cvEstimate.m,76.63,60,77.78,75,100.0,70.37,70-80
4389,cvfolds.m,77.41,80,61.38,100,100.0,45.67,70-80
4390,cvglmnet.m,78.39,80,63.58,100,100.0,48.37,70-80
4391,cvhmmmar.m,76.456,80,66.86,90,100.0,45.42,70-80
4392,CVinLSDR.m,75.938,80,67.86,75,100.0,56.83,70-80
4393,cvit.m,78.226,100,67.74,75,100.0,48.39,70-80
4394,cvMcd.m,74.934,80,59.38,90,100.0,45.29,70-80
4395,cvm_bjac.m,76.462,100,56.41,90,100.0,35.9,70-80
4396,cvm_djac.m,76.462,100,56.41,90,100.0,35.9,70-80
4397,cvm_gcom.m,76.378,100,54.05,90,100.0,37.84,70-80
4398,cvm_gloc.m,76.378,100,54.05,90,100.0,37.84,70-80
4399,cvm_jtv.m,77.046,100,59.52,90,100.0,35.71,70-80
4400,cvm_monitor.m,77.332,60,83.33,60,100.0,83.33,70-80
4401,cvm_pset.m,76.606,100,60.47,90,100.0,32.56,70-80
4402,cvm_psol.m,76.538,100,58.54,90,100.0,34.15,70-80
4403,cvm_rhs.m,76.378,100,54.05,90,100.0,37.84,70-80
4404,cvm_rhsQ.m,77.46,100,56.76,90,100.0,40.54,70-80
4405,cvm_rhsS.m,74.0,60,78.57,60,100.0,71.43,70-80
4406,cvm_root.m,73.556,30,88.89,60,100.0,88.89,70-80
4407,CVN.m,76.0,60,75.0,75,100.0,70.0,70-80
4408,CVodeMallocB.m,73.25,60,68.75,75,100.0,62.5,70-80
4409,CVodeSetOptions.m,79.542,80,77.84,100,100.0,39.87,70-80
4410,cvPart.m,75.532,80,60.34,100,100.0,37.32,70-80
4411,cvRobpca.m,74.894,80,53.9,100,100.0,40.57,70-80
4412,cvRpcr.m,72.958,70,52.78,100,100.0,42.01,70-80
4413,cvRsimpls.m,74.27,70,57.49,100,100.0,43.86,70-80
4414,cvsrch.m,76.49,80,65.8,100,100.0,36.65,70-80
4415,cvtIterate.m,76.182,100,52.27,90,100.0,38.64,70-80
4416,CvtPtsToVoxelFun.m,73.0,60,80.0,60,100.0,65.0,70-80
4417,cvtUpdate.m,77.488,100,53.85,90,100.0,43.59,70-80
4418,cvxaff.m,72.0,30,100.0,30,100.0,100.0,70-80
4419,cvxgen_ldp.m,71.91,60,81.82,45,100.0,72.73,70-80
4420,cvxobj.m,75.142,30,100.0,60,100.0,85.71,70-80
4421,cvxsolve.m,70.294,60,100.0,15,100.0,76.47,70-80
4422,cvx_accept_concave.m,77.0,60,83.33,75,100.0,66.67,70-80
4423,cvx_accept_convex.m,75.888,60,83.33,75,100.0,61.11,70-80
4424,cvx_basis.m,75.0,30,100.0,45,100.0,100.0,70-80
4425,cvx_begin.m,70.0,30,80.0,60,100.0,80.0,70-80
4426,cvx_begin_set.m,70.0,30,80.0,60,100.0,80.0,70-80
4427,cvx_binary_op.m,78.6,80,70.0,100,100.0,43.0,70-80
4428,cvx_blkdiag.m,78.922,60,76.92,100,100.0,57.69,70-80
4429,cvx_cd.m,79.308,60,84.62,75,100.0,76.92,70-80
4430,cvx_check_dimension.m,79.556,30,88.89,90,100.0,88.89,70-80
4431,cvx_classify.m,74.0,100,68.0,60,100.0,42.0,70-80
4432,cvx_cleanup_structure.m,70.668,60,76.67,60,100.0,56.67,70-80
4433,cvx_clear.m,72.0,30,100.0,30,100.0,100.0,70-80
4434,cvx_clearpath.m,79.412,60,82.35,90,100.0,64.71,70-80
4435,cvx_clearspath.m,77.332,60,83.33,60,100.0,83.33,70-80
4436,cvx_create_structure.m,78.262,80,70.8,100,100.0,40.51,70-80
4437,cvx_default_dimension.m,73.556,30,88.89,60,100.0,88.89,70-80
4438,cvx_ellipsoid.m,73.5,60,87.5,45,100.0,75.0,70-80
4439,cvx_end.m,77.728,80,59.91,100,100.0,48.73,70-80
4440,cvx_extract.m,77.0,70,73.0,100,100.0,42.0,70-80
4441,cvx_foopsi.m,75.72,100,67.44,60,100.0,51.16,70-80
4442,cvx_getlog.m,71.334,60,91.67,30,100.0,75.0,70-80
4443,cvx_glpk.m,78.302,80,76.44,100,100.0,35.07,70-80
4444,cvx_grbgetkey.m,74.804,70,50.62,100,100.0,53.4,70-80
4445,cvx_gurobi.m,79.08,80,74.07,100,100.0,41.33,70-80
4446,cvx_id.m,71.334,30,88.89,60,100.0,77.78,70-80
4447,cvx_ids.m,72.0,30,100.0,30,100.0,100.0,70-80
4448,cvx_lasterr.m,70.5,30,87.5,60,100.0,75.0,70-80
4449,cvx_matrix_op.m,76.658,80,64.47,100,100.0,38.82,70-80
4450,cvx_mosek.m,75.368,70,67.1,100,100.0,39.74,70-80
4451,cvx_opti.m,74.684,100,60.32,75,100.0,38.1,70-80
4452,cvx_pushcnstr.m,77.948,80,68.98,100,100.0,40.76,70-80
4453,cvx_pushcone.m,78.0,30,100.0,60,100.0,100.0,70-80
4454,cvx_r2c.m,74.828,60,68.97,90,100.0,55.17,70-80
4455,cvx_readlevel.m,72.0,30,100.0,30,100.0,100.0,70-80
4456,cvx_reduce_op.m,78.78,80,66.19,100,100.0,47.71,70-80
4457,cvx_reshape.m,77.668,100,71.67,75,100.0,41.67,70-80
4458,cvx_sdpt3.m,73.026,70,61.4,100,100.0,33.73,70-80
4459,cvx_sedumi.m,79.556,80,78.32,100,100.0,39.46,70-80
4460,cvx_setpath.m,76.412,60,82.35,75,100.0,64.71,70-80
4461,cvx_setup.m,77.736,70,67.27,100,100.0,51.41,70-80
4462,cvx_solve.m,75.39,70,66.41,100,100.0,40.54,70-80
4463,cvx_solver_settings.m,76.262,80,53.23,100,100.0,48.08,70-80
4464,cvx_solve_sdpt3.m,71.456,70,56.41,100,100.0,30.87,70-80
4465,cvx_subsasgn.m,72.0,30,100.0,30,100.0,100.0,70-80
4466,cvx_subsref.m,72.0,30,100.0,30,100.0,100.0,70-80
4467,cvx_subsref_check.m,76.09,60,77.27,75,100.0,68.18,70-80
4468,cvx_s_hermitian.m,70.286,60,89.29,45,100.0,57.14,70-80
4469,cvx_s_skew_symmetric.m,77.25,60,93.75,45,100.0,87.5,70-80
4470,cvx_s_symmetric.m,78.142,60,100.0,45,100.0,85.71,70-80
4471,cvx_s_symmetric_ut.m,79.572,60,100.0,45,100.0,92.86,70-80
4472,cvx_s_toeplitz.m,75.666,60,93.33,45,100.0,80.0,70-80
4473,cvx_throw.m,79.586,60,75.86,100,100.0,62.07,70-80
4474,cvx_tic.m,72.0,30,90.0,60,100.0,80.0,70-80
4475,cvx_unary_op.m,79.436,100,59.15,100,100.0,38.03,70-80
4476,cvx_use_sparse.m,78.666,60,74.07,100,100.0,59.26,70-80
4477,cvx_values.m,75.0,30,100.0,45,100.0,100.0,70-80
4478,cvx_verify.m,75.0,30,100.0,45,100.0,100.0,70-80
4479,cvx_version.m,77.04,70,70.13,100,100.0,45.07,70-80
4480,cvx_warn_strict.m,72.0,30,100.0,30,100.0,100.0,70-80
4481,cvx_where.m,78.57,60,80.95,90,100.0,61.9,70-80
4482,cvx_zeros.m,78.0,30,100.0,60,100.0,100.0,70-80
4483,cv_kd_OK.m,78.668,60,86.67,60,100.0,86.67,70-80
4484,CWM.m,74.28,80,65.41,90,100.0,35.99,70-80
4485,cwmr_stdev_run.m,75.26,100,61.04,75,100.0,40.26,70-80
4486,cwmr_var_run.m,72.54,100,59.46,60,100.0,43.24,70-80
4487,CWnormal_2D.m,72.0,30,100.0,30,100.0,100.0,70-80
4488,cwp2Fn.m,77.856,100,65.71,75,100.0,48.57,70-80
4489,cwpt2_interface.m,79.564,100,59.78,100,100.0,38.04,70-80
4490,cwr_demo.m,76.418,80,80.18,60,100.0,61.91,70-80
4491,cwr_em.m,78.49,80,70.07,90,100.0,52.38,70-80
4492,cwt_bd_loc.m,72.0,30,100.0,30,100.0,100.0,70-80
4493,cwt_freq_direct.m,75.0,30,100.0,45,100.0,100.0,70-80
4494,cwt_fw.m,77.334,100,66.67,75,100.0,45.0,70-80
4495,cwt_iw.m,75.076,100,69.23,60,100.0,46.15,70-80
4496,cx1.m,72.538,60,100.0,45,100.0,57.69,70-80
4497,cx2.m,72.112,60,100.0,45,100.0,55.56,70-80
4498,cx8.m,71.12,100,65.15,45,100.0,45.45,70-80
4499,cx9.m,71.424,100,65.15,45,100.0,46.97,70-80
4500,CycleGAN.m,79.328,80,78.21,100,100.0,38.43,70-80
4501,cycleSlip_dL.m,73.582,80,79.89,75,100.0,33.02,70-80
4502,cycle_graph.m,72.696,60,78.26,60,100.0,65.22,70-80
4503,CyclicLatticeTopology.m,79.534,100,55.81,100,100.0,41.86,70-80
4504,Cyclic_Coordinate_Method.m,75.148,60,81.48,75,100.0,59.26,70-80
4505,cyclic_prefix_sto_test.m,74.276,80,62.38,60,100.0,69.0,70-80
4506,cygpath.m,71.768,60,76.92,45,100.0,76.92,70-80
4507,cyl2cart.m,76.208,60,82.76,90,100.0,48.28,70-80
4508,cylinder.m,79.0,60,70.0,100,100.0,65.0,70-80
4509,cylinder2P.m,73.632,100,75.51,60,100.0,32.65,70-80
4510,cylinderMesh.m,78.296,100,81.48,60,100.0,50.0,70-80
4511,cylinders.m,74.468,70,61.52,100,100.0,40.82,70-80
4512,cylinder_im.m,74.556,70,60.22,100,100.0,42.56,70-80
4513,cylinder_proj.m,79.022,80,67.11,100,100.0,48.0,70-80
4514,CylNeumanLePerp_PGSE.m,70.666,100,70.83,45,100.0,37.5,70-80
4515,Cytokinesis.m,74.914,80,58.13,100,100.0,36.44,70-80
4516,D.m,72.058,100,50.0,75,100.0,35.29,70-80
4517,d19_DBTexample.m,70.57,100,77.14,30,100.0,45.71,70-80
4518,d2c.m,73.666,60,93.33,45,100.0,70.0,70-80
4519,d2f_m.m,72.0,30,100.0,30,100.0,100.0,70-80
4520,d2f_P_b.m,72.0,30,100.0,30,100.0,100.0,70-80
4521,d2Ibr_dV2.m,73.364,60,77.27,75,100.0,54.55,70-80
4522,d2Imis_dVdSg.m,79.242,100,75.76,75,100.0,45.45,70-80
4523,D2L2R2_cost.m,77.668,60,91.67,45,100.0,91.67,70-80
4524,D2L2R2_init.m,75.286,60,92.86,45,100.0,78.57,70-80
4525,D2L2R2_pred.m,75.118,60,94.12,45,100.0,76.47,70-80
4526,D2L2R2_updateD.m,75.118,60,88.24,45,100.0,82.35,70-80
4527,d2p.m,78.596,100,59.7,90,100.0,43.28,70-80
4528,d2Sbr_dV2.m,77.0,60,80.0,75,100.0,70.0,70-80
4529,d3EnergyGradient.m,73.562,70,88.44,90,100.0,19.37,70-80
4530,dAB.m,70.888,100,58.33,60,100.0,36.11,70-80
4531,dacefit.m,77.46,80,67.36,100,100.0,39.94,70-80
4532,dace_correxp.m,79.0,60,75.0,100,100.0,60.0,70-80
4533,dace_corrgauss.m,77.778,60,72.22,90,100.0,66.67,70-80
4534,dace_corrlin.m,78.666,60,71.43,100,100.0,61.9,70-80
4535,dace_fit.m,78.942,80,66.95,100,100.0,47.76,70-80
4536,dace_predvar.m,79.724,100,60.34,90,100.0,48.28,70-80
4537,dace_regpoly0.m,71.0,30,80.0,75,100.0,70.0,70-80
4538,dace_regpoly1.m,76.092,60,72.73,75,100.0,72.73,70-80
4539,dace_regpoly2.m,73.846,60,61.54,90,100.0,57.69,70-80
4540,DAEA.m,79.402,80,69.93,100,100.0,47.08,70-80
4541,dae_get_hidden.m,71.06,60,70.59,60,100.0,64.71,70-80
4542,DAGlearn2_DAGsearch_KPM.m,77.414,80,61.57,100,100.0,45.5,70-80
4543,dagMergeBatchNorm.m,78.23,100,78.69,60,100.0,52.46,70-80
4544,DagNN.m,75.56,80,63.6,100,100.0,34.2,70-80
4545,dagnn_3dmmasstn.m,75.798,100,73.42,60,100.0,45.57,70-80
4546,dagnn_3dmmasstn_init.m,70.25,100,72.5,30,100.0,48.75,70-80
4547,dagRemoveLayers.m,75.0,30,100.0,45,100.0,100.0,70-80
4548,dag_sp.m,74.0,60,75.0,60,100.0,75.0,70-80
4549,dag_subset_to.m,79.098,100,70.97,60,100.0,64.52,70-80
4550,dag_to_cpdag.m,77.77,100,65.52,90,100.0,33.33,70-80
4551,dag_to_cpdag1.m,77.13,100,63.04,90,100.0,32.61,70-80
4552,dag_to_essential_graph.m,72.37,100,51.32,75,100.0,35.53,70-80
4553,DAISY.m,74.944,100,48.61,90,100.0,36.11,70-80
4554,DamageHomogenizationFitter.m,78.0,100,55.93,90,100.0,44.07,70-80
4555,damint.m,74.076,60,88.46,45,100.0,76.92,70-80
4556,damp.m,79.68,100,70.21,75,100.0,53.19,70-80
4557,damped_pendulum_diff_b.m,76.918,100,72.13,60,100.0,52.46,70-80
4558,damped_pendulum_diff_r.m,76.062,100,68.75,60,100.0,51.56,70-80
4559,dampingErrorBased.m,76.842,80,59.29,100,100.0,44.92,70-80
4560,DAMP_oneIter.m,71.908,60,86.36,45,100.0,68.18,70-80
4561,DAMP_SE_Prediction.m,72.0,30,100.0,30,100.0,100.0,70-80
4562,dang.m,72.0,30,100.0,30,100.0,100.0,70-80
4563,Darcydata1.m,70.324,100,70.27,30,100.0,51.35,70-80
4564,DarcyRT0.m,79.974,80,72.2,100,100.0,47.67,70-80
4565,darkerremap.m,72.0,30,100.0,30,100.0,100.0,70-80
4566,dark_attack.m,78.244,100,67.57,75,100.0,48.65,70-80
4567,darwResults.m,70.308,100,80.77,15,100.0,55.77,70-80
4568,DashboardUtil.m,77.778,60,72.22,90,100.0,66.67,70-80
4569,dasp.m,76.728,60,81.82,60,100.0,81.82,70-80
4570,dat2cor.m,78.602,80,60.32,100,100.0,52.69,70-80
4571,dat2crossind.m,78.428,100,56.18,100,100.0,35.96,70-80
4572,dat2dspec.m,77.648,80,64.18,100,100.0,44.06,70-80
4573,dat2dtp.m,74.188,100,62.16,75,100.0,33.78,70-80
4574,dat2lc.m,74.588,60,82.35,60,100.0,70.59,70-80
4575,dat2rfm.m,72.434,100,56.52,60,100.0,45.65,70-80
4576,dat2spec.m,74.538,70,58.44,100,100.0,44.25,70-80
4577,dat2steep.m,79.758,80,73.11,100,100.0,45.68,70-80
4578,dat2tp.m,78.204,100,58.97,100,100.0,32.05,70-80
4579,dat2tr.m,78.73,80,68.67,100,100.0,44.98,70-80
4580,dat2wa.m,79.016,80,64.39,100,100.0,50.69,70-80
4581,data2batch.m,73.0,30,100.0,45,100.0,90.0,70-80
4582,data2bids.m,75.996,70,64.01,100,100.0,45.97,70-80
4583,data2dcmElement.m,76.28,80,60.14,100,100.0,41.26,70-80
4584,data2feats.m,78.0,30,100.0,60,100.0,100.0,70-80
4585,Data2Igram.m,78.654,80,66.94,100,100.0,46.33,70-80
4586,data2map.m,70.0,30,80.0,60,100.0,80.0,70-80
4587,data2model.m,77.98,80,62.88,100,100.0,47.02,70-80
4588,data2NonLinSys.m,71.0,80,65.55,60,100.0,49.45,70-80
4589,data2ParallelHA.m,75.178,70,54.89,100,100.0,51.0,70-80
4590,data2psiX.m,74.188,100,52.7,75,100.0,43.24,70-80
4591,data2raw.m,78.51,80,61.24,100,100.0,51.31,70-80
4592,data2struct.m,75.0,60,64.29,90,100.0,60.71,70-80
4593,Data2Timeseries.m,79.618,100,83.33,60,100.0,54.76,70-80
4594,data3d_boundary_mask_inner.m,72.572,60,71.43,60,100.0,71.43,70-80
4595,data3d_boundary_mask_outter_between.m,71.272,60,77.27,60,100.0,59.09,70-80
4596,data3d_calculate_boundary_masks.m,73.94,60,82.35,45,100.0,82.35,70-80
4597,data3d_interpolate.m,78.668,100,75.76,60,100.0,57.58,70-80
4598,data3d_interpolate_parallel.m,75.886,100,75.41,45,100.0,59.02,70-80
4599,data3d_interpolate_serial.m,77.666,100,73.33,60,100.0,55.0,70-80
4600,dataAcq.m,72.246,70,50.34,100,100.0,40.89,70-80
4601,dataAcquisition.m,76.88,100,75.76,45,100.0,63.64,70-80
4602,DataAssociatorX.m,79.85,100,63.64,75,100.0,60.61,70-80
4603,DataAugumentation_ForTest.m,75.94,80,63.7,90,100.0,46.0,70-80
4604,DataAugumentation_ForTrain.m,72.592,80,46.89,90,100.0,46.07,70-80
4605,DatabaseLogger.m,72.906,70,51.05,100,100.0,43.48,70-80
4606,DatabaseLogger_Test.m,74.978,80,48.89,100,100.0,46.0,70-80
4607,database_ids.m,72.0,30,100.0,30,100.0,100.0,70-80
4608,datadisp.m,79.334,100,56.67,100,100.0,40.0,70-80
4609,DataDistributedRVFL.m,75.402,80,57.26,100,100.0,39.75,70-80
4610,DataDivCurlLinear.m,71.5,60,75.0,60,100.0,62.5,70-80
4611,DataDivCurlSingularTorus.m,73.962,100,62.75,60,100.0,47.06,70-80
4612,DataDivCurlSmooth.m,71.826,60,73.91,60,100.0,65.22,70-80
4613,DataHash.m,76.876,80,61.51,100,100.0,42.87,70-80
4614,dataHasher.m,77.44,100,60.98,75,100.0,51.22,70-80
4615,dataim.m,78.668,60,66.67,100,100.0,66.67,70-80
4616,DataLoader.m,77.464,80,60.61,100,100.0,46.71,70-80
4617,datapath.m,76.728,60,81.82,60,100.0,81.82,70-80
4618,DataProcess.m,74.388,100,77.42,30,100.0,64.52,70-80
4619,dataReplay.m,78.668,100,81.67,45,100.0,66.67,70-80
4620,Dataset.m,76.666,100,53.33,90,100.0,40.0,70-80
4621,dataSet2D_create.m,72.926,60,74.07,75,100.0,55.56,70-80
4622,dataset2files.m,75.9,80,61.02,100,100.0,38.48,70-80
4623,dataSet3D_create.m,74.142,60,78.57,75,100.0,57.14,70-80
4624,datasets.m,77.036,70,66.35,100,100.0,48.83,70-80
4625,datasetstruct2GPSstruct.m,74.5,100,71.88,60,100.0,40.62,70-80
4626,datasetStructure.m,72.0,30,100.0,30,100.0,100.0,70-80
4627,datasetstructure2data.m,77.834,100,85.42,60,100.0,43.75,70-80
4628,datasetstructure2datastructure.m,74.476,60,90.48,60,100.0,61.9,70-80
4629,DatasetTest.m,72.634,100,58.73,60,100.0,44.44,70-80
4630,dataSource.m,78.476,70,68.27,100,100.0,54.11,70-80
4631,dataSourceDRF.m,78.774,70,71.6,100,100.0,52.27,70-80
4632,dataSourceFromDRFFolder.m,78.528,80,65.41,100,100.0,47.23,70-80
4633,dataSourceMoBI.m,79.872,80,68.3,100,100.0,51.06,70-80
4634,dataSourceXDF.m,76.58,70,62.43,100,100.0,50.47,70-80
4635,DataTermOpt.m,71.148,100,51.06,60,100.0,44.68,70-80
4636,datatip2event.m,71.406,60,74.07,60,100.0,62.96,70-80
4637,datatipWithSubscript.m,73.566,60,78.26,60,100.0,69.57,70-80
4638,datatreat.m,71.286,60,67.86,75,100.0,53.57,70-80
4639,DataTypeLabelValues.m,78.0,60,100.0,30,100.0,100.0,70-80
4640,Data_Analyzer.m,70.986,80,40.76,100,100.0,34.17,70-80
4641,data_argument.m,74.0,100,64.0,60,100.0,46.0,70-80
4642,data_aug.m,76.864,100,70.27,60,100.0,54.05,70-80
4643,data_calib.m,70.052,100,52.58,75,100.0,22.68,70-80
4644,data_calib_no_read.m,70.87,100,54.35,75,100.0,25.0,70-80
4645,DATA_COVID_US.m,79.52,100,67.09,90,100.0,40.51,70-80
4646,Data_deviding.m,73.022,100,74.73,75,100.0,15.38,70-80
4647,data_dir.m,72.0,30,100.0,30,100.0,100.0,70-80
4648,data_driven_reference_region_correction_fwhm.m,79.144,100,76.79,60,100.0,58.93,70-80
4649,Data_Export_LibSVM.m,75.25,60,87.5,60,100.0,68.75,70-80
4650,data_field.m,72.454,60,68.18,75,100.0,59.09,70-80
4651,data_formation.m,78.334,100,60.0,90,100.0,41.67,70-80
4652,Data_Generation.m,78.6,100,67.0,75,100.0,51.0,70-80
4653,Data_Generation_BZ_Main.m,73.788,80,66.67,75,100.0,47.27,70-80
4654,Data_Generation_WIN2.m,75.27,80,66.91,75,100.0,54.44,70-80
4655,data_model.m,75.002,70,60.3,100,100.0,44.71,70-80
4656,data_model_cpf.m,75.428,60,78.57,60,100.0,78.57,70-80
4657,data_model_node_test.m,77.848,60,84.62,60,100.0,84.62,70-80
4658,data_preprocessing_LT.m,72.214,100,66.07,45,100.0,50.0,70-80
4659,data_to_use.m,75.266,100,73.47,60,100.0,42.86,70-80
4660,data_viewer.m,79.098,80,76.83,100,100.0,38.66,70-80
4661,date2j.m,70.704,60,70.37,75,100.0,48.15,70-80
4662,dateOfEaster.m,70.874,100,65.62,45,100.0,43.75,70-80
4663,DatesCount.m,70.206,60,75.86,60,100.0,55.17,70-80
4664,DatesCreate.m,74.524,100,57.14,75,100.0,40.48,70-80
4665,DatesPlot.m,77.302,100,55.81,90,100.0,40.7,70-80
4666,dates_GT.m,71.918,80,50.62,90,100.0,38.97,70-80
4667,datetime.m,73.0,30,87.5,60,100.0,87.5,70-80
4668,datetime2str.m,74.142,60,78.57,75,100.0,57.14,70-80
4669,DateTimeDataClass.m,78.428,60,75.0,100,100.0,57.14,70-80
4670,DatetimeSelector.m,70.484,70,48.74,100,100.0,33.68,70-80
4671,date_.m,72.238,70,51.69,100,100.0,39.5,70-80
4672,date_convert.m,77.334,60,90.48,60,100.0,76.19,70-80
4673,datfilt.m,76.09,60,77.27,75,100.0,68.18,70-80
4674,datlim.m,73.0,30,87.5,60,100.0,87.5,70-80
4675,datread.m,71.412,100,58.82,60,100.0,38.24,70-80
4676,Datum.m,72.668,60,91.67,45,100.0,66.67,70-80
4677,datunif.m,79.144,60,71.43,100,100.0,64.29,70-80
4678,datwrite.m,70.154,60,69.23,60,100.0,61.54,70-80
4679,daub.m,74.626,100,53.01,90,100.0,30.12,70-80
4680,daubcqf.m,79.18,100,82.05,60,100.0,53.85,70-80
4681,daubf.m,70.704,60,70.37,75,100.0,48.15,70-80
4682,DAwrap.m,71.98,70,57.65,100,100.0,32.25,70-80
4683,dayOfWeek4Cal.m,72.0,30,100.0,30,100.0,100.0,70-80
4684,dayofyear.m,74.0,60,75.0,60,100.0,75.0,70-80
4685,dayOfYear2MonthDay.m,79.096,100,67.74,60,100.0,67.74,70-80
4686,db.m,77.0,60,75.0,75,100.0,75.0,70-80
4687,db2mag.m,71.0,30,75.0,75,100.0,75.0,70-80
4688,db2neper.m,72.284,30,85.71,60,100.0,85.71,70-80
4689,dba_coord_axes.m,76.632,60,94.74,60,100.0,68.42,70-80
4690,dba_get_model.m,77.26,100,52.05,100,100.0,34.25,70-80
4691,dbBase.m,77.398,80,55.66,100,100.0,51.33,70-80
4692,DBCreate.m,74.758,60,58.62,100,100.0,55.17,70-80
4693,DBCreateTables.m,77.714,60,66.67,100,100.0,61.9,70-80
4694,DBD.m,74.126,100,59.57,60,100.0,51.06,70-80
4695,DBDF.m,77.258,80,62.6,100,100.0,43.69,70-80
4696,dbdrop.m,78.662,100,70.42,75,100.0,47.89,70-80
4697,DBDuplicate.m,76.286,60,67.86,100,100.0,53.57,70-80
4698,DBEMTO.m,79.232,80,71.43,100,100.0,44.73,70-80
4699,DBExportGallery.m,77.378,80,62.75,100,100.0,44.14,70-80
4700,dbFnCompileLabeling.m,78.956,60,73.91,100,100.0,60.87,70-80
4701,dbFnCompileMatching.m,76.58,100,60.53,75,100.0,47.37,70-80
4702,dbFnComputeColorMatching.m,77.182,100,77.27,45,100.0,63.64,70-80
4703,dbFnComputeIlluminationDistance.m,77.902,100,72.13,60,100.0,57.38,70-80
4704,dbFnComputeMaskDistance.m,73.778,100,75.0,30,100.0,63.89,70-80
4705,dbFnComputeTextonMatching.m,72.582,100,77.08,15,100.0,70.83,70-80
4706,dbFnCoOccurences.m,78.61,100,70.83,75,100.0,47.22,70-80
4707,dbFnCoOccurencesHistoMarginals.m,74.832,80,61.59,90,100.0,42.57,70-80
4708,dbFnCoOccurencesTextonsObjBg.m,78.23,80,67.39,90,100.0,53.76,70-80
4709,dbFnEvaluateMatchingBgNN.m,73.746,80,61.08,90,100.0,37.65,70-80
4710,dbFnEvaluateMatchingBgNNTextons.m,79.932,100,75.34,75,100.0,49.32,70-80
4711,dbFnEvaluateMatchingHistoMarginals.m,74.802,80,62.2,90,100.0,41.81,70-80
4712,dbFnEvaluateMatchingLocal.m,74.958,80,64.02,90,100.0,40.77,70-80
4713,dbFnEvaluateMatchingLocalObjectDb.m,77.46,80,63.24,90,100.0,54.06,70-80
4714,dbFnEvaluateMatchingLocalTextons.m,79.834,80,66.67,90,100.0,62.5,70-80
4715,dbFnEvaluateMatchingLocalTextonsColor.m,79.492,80,66.67,90,100.0,60.79,70-80
4716,dbFnEvaluateMatchingTextons.m,78.928,80,70.97,90,100.0,53.67,70-80
4717,dbFnExtractObjectsFromLabelme.m,76.562,100,68.42,60,100.0,54.39,70-80
4718,dbFnGenerateRealImages.m,73.62,100,79.37,30,100.0,58.73,70-80
4719,dbFnGenerateSyntheticImages.m,78.68,80,65.52,90,100.0,57.88,70-80
4720,dbFnIlluminationContext.m,77.432,100,63.51,75,100.0,48.65,70-80
4721,dbFnManualLabelTestSet.m,75.8,100,72.0,45,100.0,62.0,70-80
4722,dbFnPhotoPopup.m,75.428,100,65.71,60,100.0,51.43,70-80
4723,dbFnPrecomputeHistoObjBg.m,77.814,80,67.16,90,100.0,51.91,70-80
4724,dbFnPrecomputeSignatures.m,78.562,100,69.86,75,100.0,47.95,70-80
4725,dbFnPrecomputeTextonsColorCombo.m,78.854,100,68.67,75,100.0,50.6,70-80
4726,dbFnPrecomputeUniversalTextons.m,75.154,100,73.08,45,100.0,57.69,70-80
4727,dbFnResizeLabelme.m,79.392,100,69.57,60,100.0,67.39,70-80
4728,dbFnTextonify.m,76.648,100,73.53,45,100.0,64.71,70-80
4729,dbinv.m,72.0,30,100.0,30,100.0,100.0,70-80
4730,Dblh2Dxyz.m,79.94,60,82.35,75,100.0,82.35,70-80
4731,DBList.m,77.06,60,70.59,90,100.0,64.71,70-80
4732,dbm2w.m,72.0,30,100.0,30,100.0,100.0,70-80
4733,DBMatchValues.m,78.554,100,73.33,75,100.0,44.44,70-80
4734,DBMerge.m,75.636,60,68.18,100,100.0,50.0,70-80
4735,dbm_energy.m,76.442,100,53.25,90,100.0,38.96,70-80
4736,dbm_entropy.m,72.572,60,71.43,60,100.0,71.43,70-80
4737,dbm_get_hidden_raw.m,70.164,100,45.05,75,100.0,30.77,70-80
4738,dbm_sample.m,76.144,100,54.29,75,100.0,51.43,70-80
4739,dbn.m,76.12,80,60.75,100,100.0,39.85,70-80
4740,dbnFit.m,73.4,100,54.0,75,100.0,38.0,70-80
4741,dbnunfoldtonn.m,77.91,60,81.82,75,100.0,72.73,70-80
4742,dbn_hmm_demo.m,75.144,100,82.86,30,100.0,62.86,70-80
4743,dbn_sample.m,76.952,100,60.98,75,100.0,48.78,70-80
4744,dbn_update_bel1.m,72.538,60,80.77,45,100.0,76.92,70-80
4745,dbpend_rhs_mapping.m,75.702,100,66.67,75,100.0,36.84,70-80
4746,dbPitts.m,72.964,60,59.26,90,100.0,55.56,70-80
4747,dbscan.m,76.018,100,71.19,75,100.0,33.9,70-80
4748,DBSCAN_AKmod.m,77.654,100,60.34,90,100.0,37.93,70-80
4749,dbTokyoTimeMachine.m,78.182,100,61.36,75,100.0,54.55,70-80
4750,DBUse.m,77.714,60,66.67,100,100.0,61.9,70-80
4751,dbVGG.m,77.112,80,64.29,90,100.0,51.27,70-80
4752,db_add.m,77.994,80,63.04,100,100.0,46.93,70-80
4753,db_add_data.m,76.134,80,56.67,100,100.0,44.0,70-80
4754,db_delete_studies.m,74.406,60,74.07,75,100.0,62.96,70-80
4755,db_delete_subjects.m,79.646,100,76.47,60,100.0,61.76,70-80
4756,db_edit_protocol.m,78.756,80,63.36,100,100.0,50.42,70-80
4757,db_edit_subject.m,77.6,80,62.5,100,100.0,45.5,70-80
4758,db_fix_protocol.m,78.244,80,59.33,100,100.0,51.89,70-80
4759,db_gt.m,75.796,80,61.06,90,100.0,47.92,70-80
4760,db_ids.m,72.0,30,100.0,30,100.0,100.0,70-80
4761,db_insert.m,79.272,100,56.36,100,100.0,40.0,70-80
4762,db_links.m,79.076,80,62.81,100,100.0,52.57,70-80
4763,db_parse_study.m,70.376,70,44.38,100,100.0,37.5,70-80
4764,db_parse_subject.m,77.546,80,62.89,100,100.0,44.84,70-80
4765,db_reload_studies.m,77.448,100,61.22,75,100.0,51.02,70-80
4766,db_rename_condition.m,77.8,80,53.33,100,100.0,55.67,70-80
4767,db_rename_protocol.m,79.444,100,62.96,75,100.0,59.26,70-80
4768,db_rename_subject.m,74.162,100,63.51,60,100.0,47.3,70-80
4769,db_root_dir.m,73.0,30,87.5,60,100.0,87.5,70-80
4770,db_select_blob.m,71.76,60,61.9,75,100.0,61.9,70-80
4771,db_show_sseg.m,72.0,30,100.0,30,100.0,100.0,70-80
4772,db_surface_default.m,74.48,100,59.74,75,100.0,37.66,70-80
4773,db_template.m,76.574,70,78.91,100,100.0,33.96,70-80
4774,db_update.m,76.592,70,61.69,100,100.0,51.27,70-80
4775,DC.m,77.0,60,85.0,75,100.0,65.0,70-80
4776,dc3d4.m,71.922,80,55.93,90,100.0,33.68,70-80
4777,DCA.m,73.942,60,88.24,45,100.0,76.47,70-80
4778,dcc.m,74.564,70,64.17,100,100.0,38.65,70-80
4779,DCCAtrain_SGD.m,79.878,80,67.43,100,100.0,51.96,70-80
4780,DCCA_grad.m,75.54,100,68.92,75,100.0,33.78,70-80
4781,dccnpath.m,78.58,80,67.32,100,100.0,45.58,70-80
4782,DCC_and_DFT_analyze_all.m,72.41,70,48.97,100,100.0,43.08,70-80
4783,dcc_gjrgarch.m,70.732,70,49.54,100,100.0,34.12,70-80
4784,dcc_inference_objective.m,76.082,100,69.39,60,100.0,51.02,70-80
4785,dcc_likelihood.m,78.08,80,66.4,90,100.0,54.0,70-80
4786,dcc_reconstruct_variance.m,73.5,60,87.5,45,100.0,75.0,70-80
4787,DCF.m,75.446,80,49.18,100,100.0,48.05,70-80
4788,dcfplot.m,77.206,100,79.49,45,100.0,61.54,70-80
4789,dcf_at_threshold.m,72.89,60,77.78,60,100.0,66.67,70-80
4790,dcgain.m,74.408,60,81.48,75,100.0,55.56,70-80
4791,DCGAN.m,77.272,80,76.11,90,100.0,40.25,70-80
4792,dCIOU.m,73.574,100,79.78,60,100.0,28.09,70-80
4793,dClambdadx.m,72.0,30,100.0,30,100.0,100.0,70-80
4794,dcm2euler_v000.m,72.0,30,100.0,30,100.0,100.0,70-80
4795,dcm2Lean.m,71.692,60,69.23,60,100.0,69.23,70-80
4796,dcm2llh_v000.m,74.334,60,91.67,45,100.0,75.0,70-80
4797,dcm2mat.m,78.31,100,56.34,100,100.0,35.21,70-80
4798,dcm2metaimage.m,79.746,100,60.76,100,100.0,37.97,70-80
4799,dcm2ml_Element.m,76.256,80,65.43,100,100.0,35.85,70-80
4800,dcm2quat.m,75.136,100,86.27,60,100.0,29.41,70-80
4801,DCM2RPY.m,72.666,60,83.33,45,100.0,75.0,70-80
4802,dcm2scimat.m,73.264,80,53.17,90,100.0,43.15,70-80
4803,dcm2vba.m,79.782,80,67.41,100,100.0,51.5,70-80
4804,DCM2YPR.m,72.666,60,83.33,45,100.0,75.0,70-80
4805,dcmdir_add.m,75.672,80,55.48,100,100.0,42.88,70-80
4806,dcmFolder2MATobject.m,74.492,70,58.24,100,100.0,44.22,70-80
4807,dcmGetFileFromDir.m,75.332,60,63.33,100,100.0,53.33,70-80
4808,DCMH_demo.m,74.882,100,76.47,45,100.0,52.94,70-80
4809,dcmReadFiles.m,75.0,60,75.0,75,100.0,65.0,70-80
4810,dcmStackImages.m,70.154,60,73.08,60,100.0,57.69,70-80
4811,dcm_anonymize_drive.m,73.79,60,94.74,30,100.0,84.21,70-80
4812,DCM_body_updat.m,78.444,60,88.89,60,100.0,83.33,70-80
4813,DCM_ERP_simulate_data.m,72.53,100,77.55,30,100.0,55.1,70-80
4814,dcm_fit_finger.m,78.226,100,74.19,75,100.0,41.94,70-80
4815,dcm_hhmmss.m,71.91,60,90.91,45,100.0,63.64,70-80
4816,DCM_PHASE_synth_demo.m,79.896,100,78.95,60,100.0,60.53,70-80
4817,DCNSGAIII.m,72.834,60,66.67,75,100.0,62.5,70-80
4818,dcost.m,76.566,60,78.26,75,100.0,69.57,70-80
4819,dcpf.m,71.0,60,70.0,60,100.0,65.0,70-80
4820,dct.m,78.422,60,78.95,90,100.0,63.16,70-80
4821,DCTBasis.m,74.526,60,84.21,60,100.0,68.42,70-80
4822,dctn.m,79.762,100,71.43,75,100.0,52.38,70-80
4823,dc_ofdm_ber_vs_clipping_ratio.m,79.946,80,68.09,100,100.0,51.64,70-80
4824,dc_ofdm_ber_vs_clipping_ratio_rx.m,78.786,80,60.61,100,100.0,53.32,70-80
4825,dc_wavelet.m,76.384,60,100.0,45,100.0,76.92,70-80
4826,DD.m,78.0,30,100.0,60,100.0,100.0,70-80
4827,ddcov.m,77.368,60,73.68,90,100.0,63.16,70-80
4828,dde23a.m,74.262,70,63.11,100,100.0,38.2,70-80
4829,ddeblank.m,71.368,60,73.68,60,100.0,63.16,70-80
4830,ddewhite.m,70.314,60,73.68,60,100.0,57.89,70-80
4831,ddgaussian.m,72.0,30,100.0,30,100.0,100.0,70-80
4832,dDIOU.m,72.706,100,77.65,60,100.0,25.88,70-80
4833,ddouble.m,71.006,70,52.28,100,100.0,32.75,70-80
4834,DDP.m,72.454,100,61.36,60,100.0,40.91,70-80
4835,ddplot.m,77.636,60,95.45,60,100.0,72.73,70-80
4836,ddrefinement.m,77.102,100,58.43,90,100.0,37.08,70-80
4837,ddres.m,77.714,80,64.19,100,100.0,44.38,70-80
4838,ddt.m,75.428,60,78.57,60,100.0,78.57,70-80
4839,dDTCWT.m,76.0,60,93.75,45,100.0,81.25,70-80
4840,ddt_v.m,75.428,60,78.57,60,100.0,78.57,70-80
4841,ddt_write_v.m,75.428,60,78.57,60,100.0,78.57,70-80
4842,ddz.m,79.936,100,70.97,90,100.0,38.71,70-80
4843,ddz2.m,78.0,100,72.97,90,100.0,27.03,70-80
4844,ddz4.m,72.714,60,76.19,75,100.0,52.38,70-80
4845,deal.m,75.078,60,61.54,100,100.0,53.85,70-80
4846,dealRobust.m,72.0,30,100.0,30,100.0,100.0,70-80
4847,deblank.m,72.714,60,75.0,75,100.0,53.57,70-80
4848,deblank2.m,75.626,100,59.38,75,100.0,43.75,70-80
4849,deblur.m,71.228,70,55.7,90,100.0,40.44,70-80
4850,Deblurr.m,76.692,100,86.54,45,100.0,51.92,70-80
4851,Deblurring_GSR.m,76.0,100,64.44,60,100.0,55.56,70-80
4852,Deblur_L1mL2smooth.m,72.22,100,61.54,60,100.0,39.56,70-80
4853,Deblur_L1mL2_SLaT.m,78.666,100,75.0,60,100.0,58.33,70-80
4854,deBruijn.m,75.928,100,75.0,60,100.0,44.64,70-80
4855,debruijn_sequence.m,73.144,70,96.15,90,100.0,9.57,70-80
4856,debugCouplingConstraints.m,75.0,100,54.67,75,100.0,45.33,70-80
4857,debugInfeasibleEntropyFBA.m,73.01,80,54.72,100,100.0,30.33,70-80
4858,debugModel.m,73.834,80,40.71,100,100.0,48.46,70-80
4859,debugXomicsToModel.m,70.874,80,57.14,75,100.0,42.23,70-80
4860,debug_nn_gradients.m,74.57,100,77.14,30,100.0,65.71,70-80
4861,debug_numerical_gradient.m,71.0,60,85.71,45,100.0,64.29,70-80
4862,debug_sparse.m,76.308,60,92.31,60,100.0,69.23,70-80
4863,dec2bin_comp.m,71.692,60,76.92,60,100.0,61.54,70-80
4864,dec2bin_logical.m,70.23,60,76.92,45,100.0,69.23,70-80
4865,dec2flag.m,73.166,60,75.0,60,100.0,70.83,70-80
4866,dec2tc.m,72.0,30,100.0,30,100.0,100.0,70-80
4867,decasteljau.m,70.076,60,57.69,75,100.0,57.69,70-80
4868,december.m,70.254,80,62.75,75,100.0,33.52,70-80
4869,decent.m,71.91,100,60.0,45,100.0,54.55,70-80
4870,decenter.m,78.018,100,69.81,75,100.0,45.28,70-80
4871,decenter2d.m,77.858,100,67.35,75,100.0,46.94,70-80
4872,decentr_sim.m,78.264,80,79.84,75,100.0,56.48,70-80
4873,DecideWavLen4XFrames.m,72.0,30,100.0,30,100.0,100.0,70-80
4874,decimatefields.m,78.414,100,73.17,75,100.0,43.9,70-80
4875,decimateNd.m,76.566,60,78.26,75,100.0,69.57,70-80
4876,decisionBoundaryLinearVSwiggly.m,73.0,100,75.56,45,100.0,44.44,70-80
4877,DecisionTree.m,75.516,80,58.02,100,100.0,39.56,70-80
4878,decodeBformat.m,76.112,100,59.26,75,100.0,46.3,70-80
4879,decodeCharacters.m,76.38,60,85.71,60,100.0,76.19,70-80
4880,DecodedMarginalsToChars.m,72.0,30,100.0,30,100.0,100.0,70-80
4881,decodef.m,76.23,60,76.92,75,100.0,69.23,70-80
4882,DecodeFun.m,72.0,30,100.0,30,100.0,100.0,70-80
4883,decodeHOA_N3D.m,76.51,100,60.38,75,100.0,47.17,70-80
4884,decode_beam.m,79.2,80,80.0,60,100.0,76.0,70-80
4885,decode_blqdata.m,77.826,60,78.26,90,100.0,60.87,70-80
4886,decode_eph.m,79.242,100,62.03,100,100.0,34.18,70-80
4887,decode_fif.m,76.152,80,55.26,100,100.0,45.5,70-80
4888,decode_greedy.m,78.764,100,79.41,60,100.0,54.41,70-80
4889,decode_hmm.m,76.33,80,57.23,100,100.0,44.42,70-80
4890,decode_loc_probs_to_bbox_targets.m,74.718,80,48.26,90,100.0,55.33,70-80
4891,decode_navh.m,77.638,80,60.19,100,100.0,48.0,70-80
4892,decode_nifti1.m,79.75,100,83.75,75,100.0,40.0,70-80
4893,decode_obsh.m,78.286,80,72.12,100,100.0,39.31,70-80
4894,decode_ofdm.m,73.736,100,65.79,45,100.0,57.89,70-80
4895,decode_ofdm2.m,73.21,100,65.79,45,100.0,55.26,70-80
4896,decode_qform0.m,74.262,100,68.42,45,100.0,57.89,70-80
4897,decode_reg_vals_to_bbox_targets.m,72.87,100,74.19,45,100.0,45.16,70-80
4898,decode_res4.m,76.0,100,68.57,60,100.0,51.43,70-80
4899,decode_sp3b.m,79.0,100,61.0,100,100.0,34.0,70-80
4900,decode_ys.m,71.91,60,90.91,45,100.0,63.64,70-80
4901,Decoding_ambulatory.m,72.83,100,78.05,30,100.0,56.1,70-80
4902,Decoding_ambulatory_CNN.m,74.098,100,68.63,45,100.0,56.86,70-80
4903,Decoding_ambulatory_ITR.m,72.818,100,75.0,30,100.0,59.09,70-80
4904,decom.m,73.214,80,49.66,100,100.0,36.41,70-80
4905,Decomp.m,73.938,80,62.5,75,100.0,52.19,70-80
4906,decomposeCam.m,73.244,100,69.7,45,100.0,51.52,70-80
4907,decomposecamera.m,72.158,100,73.68,45,100.0,42.11,70-80
4908,DecomposeConnMap.m,79.572,100,68.57,75,100.0,54.29,70-80
4909,decomposeLtDL.m,74.588,60,76.47,60,100.0,76.47,70-80
4910,decomposeP.m,70.714,60,60.71,90,100.0,42.86,70-80
4911,decomposeUncertain.m,76.016,70,62.48,100,100.0,47.6,70-80
4912,decompose_rotation.m,70.314,60,73.68,60,100.0,57.89,70-80
4913,decomposition.m,79.102,100,69.23,75,100.0,51.28,70-80
4914,DecompositionSelection.m,72.428,60,80.95,45,100.0,76.19,70-80
4915,decom_sig.m,71.828,60,65.52,75,100.0,58.62,70-80
4916,deconstruct.m,76.524,60,76.19,75,100.0,71.43,70-80
4917,deconv.m,75.082,100,52.08,90,100.0,33.33,70-80
4918,deconvCa.m,76.932,80,64.88,100,100.0,39.78,70-80
4919,deconvlucydenoiseNew.m,78.484,80,68.59,100,100.0,43.83,70-80
4920,deconvlucy_rotational.m,79.242,100,78.79,75,100.0,42.42,70-80
4921,deconvolutionClean.m,70.95,100,45.57,75,100.0,34.18,70-80
4922,deconvolutionCleanSC.m,71.044,100,47.25,75,100.0,32.97,70-80
4923,deconvolutionDAMAS.m,77.928,100,60.98,75,100.0,53.66,70-80
4924,deconvolution_standalone2.m,77.5,100,63.64,75,100.0,48.86,70-80
4925,Deconvolve.m,75.346,100,56.9,75,100.0,44.83,70-80
4926,deconvolveCa.m,78.654,80,67.06,100,100.0,46.21,70-80
4927,deconvTemporal.m,78.876,80,55.88,90,100.0,68.5,70-80
4928,deconv_new.m,71.588,60,76.47,45,100.0,76.47,70-80
4929,deconv_temporal.m,77.734,100,58.67,90,100.0,40.0,70-80
4930,deconv_z.m,77.91,60,81.82,75,100.0,72.73,70-80
4931,decorrel.m,78.888,100,58.33,100,100.0,36.11,70-80
4932,decorrelateDesignMatrix.m,77.848,60,84.62,60,100.0,84.62,70-80
4933,decorrTemporal.m,79.638,100,67.21,90,100.0,40.98,70-80
4934,decovm.m,79.5,100,77.5,60,100.0,60.0,70-80
4935,decreasing_except_at.m,78.0,30,100.0,60,100.0,100.0,70-80
4936,decrypt.m,74.37,60,81.48,60,100.0,70.37,70-80
4937,dectree.m,78.428,60,71.43,100,100.0,60.71,70-80
4938,dec_rules_constraints.m,75.666,100,86.27,45,100.0,47.06,70-80
4939,dec_tree.m,75.216,60,73.91,90,100.0,52.17,70-80
4940,ded.m,70.572,60,71.43,75,100.0,46.43,70-80
4941,DeDecompose.m,74.962,80,58.52,100,100.0,36.29,70-80
4942,deduceSliceWidths.m,74.666,60,80.0,60,100.0,73.33,70-80
4943,deduceVoxelThicknesses.m,78.606,100,48.84,100,100.0,44.19,70-80
4944,deduplicate_proposals.m,71.0,60,75.0,45,100.0,75.0,70-80
4945,DeDvKalman.m,74.856,100,68.57,60,100.0,45.71,70-80
4946,dEdX_gauss.m,72.0,30,100.0,30,100.0,100.0,70-80
4947,dEdX_rough.m,72.0,30,100.0,30,100.0,100.0,70-80
4948,deepBelNetClassifyDemo.m,76.482,100,72.41,60,100.0,50.0,70-80
4949,deepBelNetFit.m,79.244,100,66.67,75,100.0,54.55,70-80
4950,deepCopy.m,79.25,100,60.94,90,100.0,45.31,70-80
4951,deepdepends.m,78.428,60,85.71,75,100.0,71.43,70-80
4952,deepeaf_configure.m,78.272,60,100.0,45,100.0,86.36,70-80
4953,deepeaf_training.m,79.046,100,81.82,60,100.0,53.41,70-80
4954,deepESNv2_turbofan.m,71.414,80,44.73,100,100.0,32.34,70-80
4955,DeepFinder.m,74.764,70,55.18,100,100.0,48.64,70-80
4956,deepLearnSegGui.m,74.692,70,61.2,100,100.0,42.26,70-80
4957,DeepMIMO_Dataset_Generator.m,71.238,100,73.81,30,100.0,52.38,70-80
4958,DeepMIMO_generator.m,70.448,80,43.48,75,100.0,53.76,70-80
4959,deepnetfwd.m,75.366,80,56.0,100,100.0,40.83,70-80
4960,DeepSqueak.m,76.4,70,64.17,100,100.0,47.83,70-80
4961,DeepSTRCF_VOT_setting.m,79.214,100,77.05,60,100.0,59.02,70-80
4962,deep_bidirectional_nmf.m,71.782,80,45.26,100,100.0,33.65,70-80
4963,deep_latent.m,75.334,60,75.0,75,100.0,66.67,70-80
4964,deep_multiview_semi_nmf.m,71.936,80,51.14,90,100.0,38.54,70-80
4965,deep_ns_nmf.m,75.066,80,52.19,100,100.0,43.14,70-80
4966,deep_pyramid.m,78.896,100,72.73,75,100.0,46.75,70-80
4967,deep_pyramid_add_padding.m,74.618,60,76.19,75,100.0,61.9,70-80
4968,deep_pyramid_cache_wrapper.m,70.922,60,69.23,60,100.0,65.38,70-80
4969,deep_seminmf.m,75.164,80,53.24,100,100.0,42.58,70-80
4970,deep_seminmf_nonlinear.m,74.916,80,48.73,100,100.0,45.85,70-80
4971,deep_semi_nmf.m,74.148,80,52.82,100,100.0,37.92,70-80
4972,DefaultArgs.m,76.958,60,69.57,90,100.0,65.22,70-80
4973,defaultCFileList.m,77.774,100,64.04,90,100.0,34.83,70-80
4974,defaultDict.m,76.924,100,61.54,75,100.0,48.08,70-80
4975,defaultGeometry.m,77.734,100,60.0,90,100.0,38.67,70-80
4976,defaultGpsCovariance.m,77.768,60,76.92,75,100.0,76.92,70-80
4977,defaultId.m,78.666,60,73.33,100,100.0,60.0,70-80
4978,defaultLoader.m,72.0,30,100.0,30,100.0,100.0,70-80
4979,defaultPlotColor.m,71.144,60,71.43,60,100.0,64.29,70-80
4980,defaultps_bottomup.m,72.666,60,73.33,60,100.0,70.0,70-80
4981,defaultps_preprocess.m,71.274,60,72.73,60,100.0,63.64,70-80
4982,defaults.m,79.84,100,82.26,75,100.0,41.94,70-80
4983,DefaultVal.m,75.236,60,70.59,75,100.0,70.59,70-80
4984,defaultVideoIOPlugin.m,78.0,30,100.0,60,100.0,100.0,70-80
4985,default_amp_ticks_viewer.m,78.808,100,65.66,90,100.0,38.38,70-80
4986,default_concatenate_function.m,75.0,30,100.0,45,100.0,100.0,70-80
4987,default_config.m,74.768,60,76.92,60,100.0,76.92,70-80
4988,default_convnet.m,76.202,80,70.37,75,100.0,55.64,70-80
4989,default_dbm.m,76.286,100,78.57,60,100.0,42.86,70-80
4990,default_dbn.m,75.158,100,71.93,60,100.0,43.86,70-80
4991,default_gsn.m,78.824,100,73.53,75,100.0,45.59,70-80
4992,default_metrics.m,77.734,100,58.67,90,100.0,40.0,70-80
4993,default_mlp.m,74.046,100,69.32,60,100.0,40.91,70-80
4994,default_mosek_param.m,72.0,30,100.0,30,100.0,100.0,70-80
4995,default_options.m,72.058,100,83.53,45,100.0,31.76,70-80
4996,default_parameters.m,72.902,100,63.41,45,100.0,56.1,70-80
4997,default_rbm.m,70.08,100,84.69,30,100.0,35.71,70-80
4998,default_sdae.m,74.5,100,71.25,60,100.0,41.25,70-80
4999,default_SICD_description.m,76.082,100,66.33,60,100.0,54.08,70-80
5000,default_window_selection.m,74.174,100,65.22,60,100.0,45.65,70-80
5001,define.m,78.666,60,83.33,75,100.0,75.0,70-80
5002,defineAnonBeamgeometry.m,75.0,100,100.0,15,100.0,60.0,70-80
5003,defineAnonSeedgeometry.m,71.25,60,100.0,15,100.0,81.25,70-80
5004,defineAnonSegmentlabel.m,70.386,60,92.31,15,100.0,84.62,70-80
5005,defineAnonTexture.m,71.666,60,100.0,15,100.0,83.33,70-80
5006,defineCbf.m,70.308,60,92.31,30,100.0,69.23,70-80
5007,defineClf.m,77.364,60,100.0,45,100.0,81.82,70-80
5008,defineCutLinesProfiles.m,75.922,100,66.15,75,100.0,38.46,70-80
5009,definedOrDefault_long.m,73.0,30,87.5,60,100.0,87.5,70-80
5010,defineLaminateData.m,75.828,80,72.95,90,100.0,36.19,70-80
5011,definePanel.m,79.228,80,83.26,100,100.0,32.88,70-80
5012,definePitchAxis.m,75.452,80,68.14,75,100.0,54.12,70-80
5013,definePropulsionModel.m,76.0,60,70.0,90,100.0,60.0,70-80
5014,defineSystem.m,79.182,60,100.0,45,100.0,90.91,70-80
5015,defineTimechunksToKeep.m,79.316,100,68.29,60,100.0,68.29,70-80
5016,define_grid_coordinates.m,71.368,60,78.95,60,100.0,57.89,70-80
5017,define_mapping.m,72.926,60,74.07,75,100.0,55.56,70-80
5018,define_parameters.m,72.0,100,66.2,60,100.0,33.8,70-80
5019,define_wing_body.m,70.118,100,79.41,30,100.0,41.18,70-80
5020,deflate.m,70.808,60,61.9,75,100.0,57.14,70-80
5021,deflated_block_arnoldi.m,78.8,100,58.0,90,100.0,46.0,70-80
5022,deflationFun.m,72.4,60,60.0,90,100.0,52.0,70-80
5023,DeFleCT.m,78.716,100,74.29,75,100.0,44.29,70-80
5024,defMetrics.m,77.774,80,76.7,100,100.0,32.17,70-80
5025,deform.m,73.88,70,61.32,100,100.0,38.08,70-80
5026,Deformable.m,72.424,80,47.06,100,100.0,35.06,70-80
5027,DeformableSpring.m,73.756,80,56.61,100,100.0,32.17,70-80
5028,deformationTensor.m,72.0,30,100.0,30,100.0,100.0,70-80
5029,deformation_field_3d_analysis.m,73.102,100,74.36,45,100.0,46.15,70-80
5030,deform_skeleton.m,72.666,60,83.33,45,100.0,75.0,70-80
5031,defParam.m,78.572,60,78.57,90,100.0,64.29,70-80
5032,DefSynth.m,74.334,60,86.67,45,100.0,80.0,70-80
5033,def_filename.m,73.31,100,53.52,75,100.0,38.03,70-80
5034,deg180.m,77.0,60,80.77,75,100.0,69.23,70-80
5035,deg2DegMinSec.m,72.0,30,100.0,30,100.0,100.0,70-80
5036,DEGetTrialVector.m,74.166,100,61.11,75,100.0,34.72,70-80
5037,DEGetTrialVectorConstrained.m,79.756,100,63.41,100,100.0,35.37,70-80
5038,degreduce.m,75.182,60,72.73,75,100.0,68.18,70-80
5039,degree.m,75.546,60,90.91,45,100.0,81.82,70-80
5040,degunwrap.m,77.0,100,57.5,75,100.0,52.5,70-80
5041,deg_to_rad.m,72.0,30,100.0,30,100.0,100.0,70-80
5042,DehomogenisationMeshPrinter.m,75.0,100,58.0,75,100.0,42.0,70-80
5043,DehomogenisationOutputPrinter.m,75.556,100,55.56,75,100.0,47.22,70-80
5044,DehomogenisationPrinter.m,75.426,100,65.96,75,100.0,36.17,70-80
5045,DehomogenizationTestsSuite.m,71.692,60,69.23,60,100.0,69.23,70-80
5046,Dehomogenizer.m,78.416,100,65.62,90,100.0,36.46,70-80
5047,Dehomogenizing.m,73.194,80,66.9,75,100.0,44.07,70-80
5048,DehomogenizingExample.m,74.554,80,69.19,75,100.0,48.58,70-80
5049,DehomogenizingRadialExample.m,76.948,80,64.41,90,100.0,50.33,70-80
5050,DehomogenizingSeveralSingularitiesTest.m,77.1,80,74.81,90,100.0,40.69,70-80
5051,DehomogenizingSingularitiesTest.m,74.468,80,68.59,90,100.0,33.75,70-80
5052,deinterleaveBits.m,72.948,100,65.38,75,100.0,24.36,70-80
5053,deislands2d.m,77.0,100,65.0,75,100.0,45.0,70-80
5054,dejongsfcn.m,75.778,30,100.0,60,100.0,88.89,70-80
5055,DEKF_2V_2D.m,75.944,100,80.28,60,100.0,39.44,70-80
5056,DEKF_3V_2D.m,79.878,100,83.33,60,100.0,56.06,70-80
5057,DEKF_3V_2D_ETC.m,75.038,80,79.31,60,100.0,55.88,70-80
5058,DEKF_3V_2D_Event1.m,73.154,80,78.88,75,100.0,31.89,70-80
5059,DEKF_3V_2D_Event2.m,72.37,80,77.56,75,100.0,29.29,70-80
5060,DEKF_3V_3D.m,79.812,100,82.81,60,100.0,56.25,70-80
5061,DEKF_3V_3D_ETC.m,75.36,80,79.13,60,100.0,57.67,70-80
5062,DEKF_3V_3D_old.m,74.58,100,83.87,60,100.0,29.03,70-80
5063,delaunay2_demo.m,78.9,80,67.29,90,100.0,57.21,70-80
5064,delaunayZip.m,77.122,80,62.46,100,100.0,43.15,70-80
5065,delaunay_neighbors.m,78.0,100,70.0,75,100.0,45.0,70-80
5066,delay2spec.m,79.856,60,85.71,75,100.0,78.57,70-80
5067,delayline.m,79.814,80,66.12,100,100.0,52.95,70-80
5068,delay_signal.m,70.666,60,75.0,60,100.0,58.33,70-80
5069,DeleteBlockSingle.m,78.53,100,81.63,60,100.0,51.02,70-80
5070,deleteCurrentLine.m,75.0,60,80.0,60,100.0,75.0,70-80
5071,deleteInactivatedReactions.m,72.266,100,65.31,45,100.0,51.02,70-80
5072,deleteLostTracks.m,71.588,60,76.47,45,100.0,76.47,70-80
5073,deletemeshfile.m,79.858,60,92.86,75,100.0,71.43,70-80
5074,deleteModelGenes.m,75.924,100,63.08,75,100.0,41.54,70-80
5075,deleteObject.m,71.586,60,86.21,60,100.0,51.72,70-80
5076,deleteObjectPerm.m,71.694,60,84.62,60,100.0,53.85,70-80
5077,deleteProtons.m,72.556,100,61.11,60,100.0,41.67,70-80
5078,deleteRepeated.m,71.144,60,71.43,60,100.0,64.29,70-80
5079,deleteReplicateHyps.m,76.248,100,65.62,75,100.0,40.62,70-80
5080,deleteScan.m,77.078,60,84.62,60,100.0,80.77,70-80
5081,deleteSeedGapfilledReactions.m,79.946,80,73.2,100,100.0,46.53,70-80
5082,DeleteSegmentSingle.m,79.692,100,74.36,60,100.0,64.1,70-80
5083,deleteStructureSegments.m,79.318,100,55.68,100,100.0,40.91,70-80
5084,deleteUnusedGenes.m,78.182,100,65.91,75,100.0,50.0,70-80
5085,deletewithsemaphores.m,79.166,60,75.0,90,100.0,70.83,70-80
5086,delete_interpolate_line.m,76.572,60,100.0,30,100.0,92.86,70-80
5087,delete_option.m,74.616,60,61.54,90,100.0,61.54,70-80
5088,DeletingP1D.m,72.632,100,51.32,75,100.0,36.84,70-80
5089,delineate3D.m,77.392,80,56.44,100,100.0,50.52,70-80
5090,delineateP3D.m,77.198,70,61.19,100,100.0,54.8,70-80
5091,delmesh.m,77.714,60,82.14,75,100.0,71.43,70-80
5092,delta2se.m,70.25,60,68.75,60,100.0,62.5,70-80
5093,delta2static_ML.m,78.252,100,71.88,60,100.0,59.38,70-80
5094,delta2tform.m,71.144,60,71.43,60,100.0,64.29,70-80
5095,deltaE2000.m,79.0,100,100.0,45,100.0,50.0,70-80
5096,deltafun.m,72.966,80,48.91,100,100.0,35.92,70-80
5097,deltaG0concFluxConstraintBounds.m,73.348,70,59.01,100,100.0,37.73,70-80
5098,DeltaOperator.m,76.11,100,58.33,75,100.0,47.22,70-80
5099,DeltaP.m,76.728,60,81.82,60,100.0,81.82,70-80
5100,deltaVTypeEnum.m,78.284,60,85.71,60,100.0,85.71,70-80
5101,delta_capacity_lemma11.m,75.0,60,84.0,75,100.0,56.0,70-80
5102,delta_capacity_lemma9.m,75.89,60,77.78,75,100.0,66.67,70-80
5103,deltri2.m,73.724,80,53.97,100,100.0,34.65,70-80
5104,delUniformStr.m,76.416,80,53.18,100,100.0,48.9,70-80
5105,del_in_target.m,70.0,60,70.0,60,100.0,60.0,70-80
5106,del_outliers.m,70.666,60,75.0,60,100.0,58.33,70-80
5107,dem.m,73.288,70,57.02,100,100.0,39.42,70-80
5108,deMain.m,73.25,80,50.97,100,100.0,35.28,70-80
5109,demand.m,74.274,60,81.82,75,100.0,54.55,70-80
5110,demard.m,78.74,80,79.2,75,100.0,59.5,70-80
5111,demBarenco1.m,70.988,70,57.1,75,100.0,52.84,70-80
5112,demBarenco2.m,71.44,70,55.45,75,100.0,56.75,70-80
5113,demBarencoMap1.m,74.898,100,79.49,45,100.0,50.0,70-80
5114,demBarencoMap2.m,74.5,100,78.75,45,100.0,48.75,70-80
5115,demBarencoMap3.m,74.366,100,79.27,45,100.0,47.56,70-80
5116,demBarencoMap4.m,75.874,100,78.12,45,100.0,56.25,70-80
5117,demBarencoMap5.m,75.562,100,78.12,45,100.0,54.69,70-80
5118,demBarencoMap6.m,75.562,100,78.12,45,100.0,54.69,70-80
5119,demBarencoMap7.m,75.268,100,77.61,45,100.0,53.73,70-80
5120,demBarencoMap8.m,75.268,100,77.61,45,100.0,53.73,70-80
5121,demBarencoVariational1.m,75.026,100,76.71,45,100.0,53.42,70-80
5122,demBrendan1.m,73.026,100,70.27,30,100.0,64.86,70-80
5123,demBrendanFgplvm2.m,73.742,100,70.97,30,100.0,67.74,70-80
5124,demBrendanFgplvm4.m,73.742,100,70.97,30,100.0,67.74,70-80
5125,demcmap.m,70.55,70,43.95,100,100.0,38.8,70-80
5126,demCmu35Animate.m,75.862,100,73.86,60,100.0,45.45,70-80
5127,demCmu35gplvmReconstruct.m,73.742,100,80.65,30,100.0,58.06,70-80
5128,demCmu35gplvmReconstructTaylor.m,75.316,100,81.05,45,100.0,50.53,70-80
5129,demCmu35SequenceOptimise.m,77.926,100,74.07,60,100.0,55.56,70-80
5130,demEcoliMap1.m,75.336,80,73.77,60,100.0,62.91,70-80
5131,demev1.m,79.18,80,74.79,75,100.0,66.11,70-80
5132,demev2.m,78.784,80,75.25,90,100.0,48.67,70-80
5133,demev3.m,78.768,80,74.8,75,100.0,64.04,70-80
5134,demgauss.m,74.966,100,89.66,30,100.0,55.17,70-80
5135,demglm1.m,76.382,100,71.23,60,100.0,50.68,70-80
5136,demglm2.m,78.95,100,71.6,75,100.0,48.15,70-80
5137,demgmm1.m,72.816,80,61.59,75,100.0,47.49,70-80
5138,demgmm2.m,72.982,80,66.67,60,100.0,58.24,70-80
5139,demgmm3.m,71.636,80,69.13,60,100.0,49.05,70-80
5140,demgmm4.m,71.782,80,71.6,60,100.0,47.31,70-80
5141,demgmm5.m,75.072,80,77.36,45,100.0,73.0,70-80
5142,demgp.m,76.64,80,61.15,90,100.0,52.05,70-80
5143,demgpard.m,79.154,80,80.77,60,100.0,75.0,70-80
5144,demGpdisimMef2.m,75.168,80,71.68,75,100.0,49.16,70-80
5145,demgpot.m,71.0,60,83.33,45,100.0,66.67,70-80
5146,demGpSample.m,75.956,100,82.61,45,100.0,52.17,70-80
5147,demgtm2.m,71.926,80,68.64,60,100.0,50.99,70-80
5148,demhmc1.m,76.352,80,69.67,75,100.0,57.09,70-80
5149,demInterpolationGp.m,77.82,100,70.51,75,100.0,43.59,70-80
5150,demkmn1.m,75.17,100,67.07,60,100.0,48.78,70-80
5151,demknn1.m,77.078,100,66.23,75,100.0,44.16,70-80
5152,demmdn1.m,76.108,80,66.09,90,100.0,44.45,70-80
5153,demmlp1.m,74.0,100,68.75,45,100.0,56.25,70-80
5154,demMppca1.m,74.042,60,91.3,45,100.0,73.91,70-80
5155,demnlab.m,70.814,70,55.23,100,100.0,28.84,70-80
5156,demns1.m,72.872,100,73.12,45,100.0,46.24,70-80
5157,demo.m,76.17,100,75.47,45,100.0,60.38,70-80
5158,demo1_minimum_snap_simple.m,73.998,80,75.49,45,100.0,69.5,70-80
5159,demo1_radix2.m,72.452,100,70.97,30,100.0,61.29,70-80
5160,demo2DIntegratedDataAssociation.m,70.466,70,58.5,75,100.0,48.83,70-80
5161,demo2_minimum_snap_corridor.m,70.954,80,74.56,45,100.0,55.21,70-80
5162,demo3.m,72.818,100,75.0,30,100.0,59.09,70-80
5163,demo3_minimum_snap_close_form.m,78.158,100,75.79,75,100.0,40.0,70-80
5164,demo5.m,72.782,60,100.0,30,100.0,73.91,70-80
5165,DemoAll.m,74.2,100,78.0,45,100.0,48.0,70-80
5166,demoA_4a.m,75.648,60,100.0,30,100.0,88.24,70-80
5167,demoA_4b.m,76.666,60,100.0,30,100.0,93.33,70-80
5168,demoBallisticScenario.m,72.156,80,61.36,75,100.0,44.42,70-80
5169,DemoBayesCP_Image.m,79.888,100,84.51,60,100.0,54.93,70-80
5170,demoBlochCim.m,78.808,100,82.98,60,100.0,51.06,70-80
5171,demoboxyviolin.m,75.286,60,92.86,45,100.0,78.57,70-80
5172,demoBrowser.m,79.46,80,73.68,100,100.0,43.62,70-80
5173,democc_markmax.m,74.286,60,67.86,90,100.0,53.57,70-80
5174,democc_mmdef.m,79.5,60,81.25,75,100.0,81.25,70-80
5175,democc_rfcdef.m,77.666,100,64.0,75,100.0,49.33,70-80
5176,democlass.m,76.538,100,62.64,75,100.0,45.05,70-80
5177,demoClassification.m,76.12,80,70.43,60,100.0,70.17,70-80
5178,demoClassify.m,76.694,100,78.85,45,100.0,59.62,70-80
5179,demoCluster.m,78.074,60,92.59,60,100.0,77.78,70-80
5180,demoColorCompatibility.m,75.334,100,65.48,60,100.0,51.19,70-80
5181,democonfint.m,70.142,100,57.14,45,100.0,48.57,70-80
5182,demoCurvedEarthSimLevel.m,73.188,80,58.65,75,100.0,52.29,70-80
5183,demoCurvedEarthSimSpiral.m,77.196,100,72.73,60,100.0,53.25,70-80
5184,demoCustom.m,77.152,100,71.21,60,100.0,54.55,70-80
5185,demoDrawArrow3d.m,75.25,100,71.25,60,100.0,45.0,70-80
5186,demoDrawPoint3d.m,70.85,100,69.7,30,100.0,54.55,70-80
5187,demoDrawTubularMesh.m,70.462,100,51.28,60,100.0,41.03,70-80
5188,demoDRBM.m,71.162,100,72.58,30,100.0,53.23,70-80
5189,demodulate_in_frequency.m,72.25,60,81.25,45,100.0,75.0,70-80
5190,demodulate_in_frequency_combine.m,74.714,100,68.57,45,100.0,60.0,70-80
5191,demodulate_oqam.m,74.162,100,62.16,60,100.0,48.65,70-80
5192,demodulation.m,73.0,60,85.0,60,100.0,60.0,70-80
5193,demoFAemt.m,74.834,80,56.76,75,100.0,62.41,70-80
5194,demofitgenpar.m,79.596,100,77.03,75,100.0,45.95,70-80
5195,demoflow.m,70.186,100,72.09,30,100.0,48.84,70-80
5196,demoFP.m,75.142,100,80.0,30,100.0,65.71,70-80
5197,demofun.m,75.022,80,61.11,75,100.0,59.0,70-80
5198,demoGenData.m,76.568,100,86.49,45,100.0,51.35,70-80
5199,demoGeodesicCylinder.m,73.334,100,61.67,60,100.0,45.0,70-80
5200,DemoGravCode.m,72.25,80,64.04,60,100.0,57.21,70-80
5201,DemoGravCodeMoonModel.m,75.116,100,67.53,60,100.0,48.05,70-80
5202,demoGrid.m,72.112,60,88.89,45,100.0,66.67,70-80
5203,DemoHRT.m,78.086,100,73.91,60,100.0,56.52,70-80
5204,demOil1.m,73.5,100,68.75,30,100.0,68.75,70-80
5205,demOil100Test.m,72.842,100,73.68,30,100.0,60.53,70-80
5206,demOil2.m,75.092,100,72.73,30,100.0,72.73,70-80
5207,demOil3.m,72.874,100,68.75,30,100.0,65.62,70-80
5208,demOil4.m,74.486,100,72.73,30,100.0,69.7,70-80
5209,demOil5.m,73.5,100,68.75,30,100.0,68.75,70-80
5210,demOil6.m,75.092,100,72.73,30,100.0,72.73,70-80
5211,demOil7.m,74.752,100,71.88,30,100.0,71.88,70-80
5212,demOilFgplvm2.m,74.388,100,70.97,30,100.0,70.97,70-80
5213,demOilFgplvm4.m,74.388,100,70.97,30,100.0,70.97,70-80
5214,demOilFgplvm6.m,74.388,100,70.97,30,100.0,70.97,70-80
5215,demOilFgplvm8.m,75.376,100,75.0,30,100.0,71.88,70-80
5216,demOilTest.m,74.0,100,71.88,45,100.0,53.12,70-80
5217,demoImRAG.m,73.252,100,59.38,60,100.0,46.88,70-80
5218,demoIntersectPlaneMesh.m,70.29,100,58.06,45,100.0,48.39,70-80
5219,demoIntervalArithmetic.m,76.186,100,82.81,45,100.0,53.12,70-80
5220,demolgd1.m,79.268,100,73.03,75,100.0,48.31,70-80
5221,demoMagneticCode.m,73.906,100,65.48,60,100.0,44.05,70-80
5222,demoMCRBM.m,70.556,100,86.11,0,100.0,66.67,70-80
5223,demoMertonModel.m,76.966,80,67.54,75,100.0,62.29,70-80
5224,demomulticlass.m,72.582,100,83.33,15,100.0,64.58,70-80
5225,demoMultipleModelFiltering.m,73.048,70,57.27,90,100.0,47.97,70-80
5226,DemoMultiScaleEntropy.m,77.666,100,70.0,60,100.0,58.33,70-80
5227,DemoMV.m,78.0,60,100.0,30,100.0,100.0,70-80
5228,demoNcutImage.m,77.572,100,74.29,45,100.0,68.57,70-80
5229,demon_matching.m,73.478,80,61.39,60,100.0,66.0,70-80
5230,demoOnionPeeling.m,73.748,100,53.12,75,100.0,40.62,70-80
5231,demopanel1.m,71.286,100,63.1,60,100.0,33.33,70-80
5232,demopanel2.m,71.356,100,54.84,60,100.0,41.94,70-80
5233,demopanelI.m,77.916,100,68.75,75,100.0,45.83,70-80
5234,demopanel_minihist.m,76.806,100,56.72,90,100.0,37.31,70-80
5235,demoPascal2007.m,76.382,100,72.62,45,100.0,64.29,70-80
5236,demopt1.m,78.124,80,58.62,100,100.0,52.0,70-80
5237,demOptimiseGp.m,72.02,80,59.43,60,100.0,60.67,70-80
5238,demOptimiseGpTutorial.m,73.43,100,68.37,60,100.0,38.78,70-80
5239,DemoPVC.m,77.956,100,70.21,60,100.0,59.57,70-80
5240,demoQuadMesh.m,70.182,60,100.0,0,100.0,90.91,70-80
5241,DemoRawDataAF.m,74.964,100,68.52,60,100.0,46.3,70-80
5242,DemoRawDataICU.m,74.532,100,65.82,60,100.0,46.84,70-80
5243,demoRegression.m,70.834,80,59.44,60,100.0,54.73,70-80
5244,demoRetrieval.m,74.07,100,52.33,75,100.0,43.02,70-80
5245,demoRevolutionSurface.m,76.636,100,52.27,90,100.0,40.91,70-80
5246,demoRosenHighDim.m,74.648,100,81.08,30,100.0,62.16,70-80
5247,demosig.m,70.364,60,68.18,60,100.0,63.64,70-80
5248,demospec.m,73.332,60,73.33,60,100.0,73.33,70-80
5249,DemoStandardizedData.m,76.5,100,65.0,60,100.0,57.5,70-80
5250,demoStarTrails.m,77.936,100,76.56,60,100.0,53.12,70-80
5251,demoSunLocation.m,76.302,100,68.35,60,100.0,53.16,70-80
5252,demos_pHRIWARE.m,78.286,60,90.48,60,100.0,80.95,70-80
5253,demotest.m,71.0,30,90.0,45,100.0,90.0,70-80
5254,DemoVideos.m,73.92,80,71.93,60,100.0,57.67,70-80
5255,demoWP.m,79.692,100,76.92,60,100.0,61.54,70-80
5256,demo_1.m,77.842,60,94.74,45,100.0,89.47,70-80
5257,demo_1p.m,76.668,80,70.34,75,100.0,58.0,70-80
5258,Demo_1_Database_details.m,70.0,100,87.5,30,100.0,32.5,70-80
5259,demo_2.m,73.666,100,88.33,15,100.0,65.0,70-80
5260,demo_2Dlin.m,77.092,100,74.55,60,100.0,50.91,70-80
5261,demo_300W.m,74.684,60,89.47,45,100.0,78.95,70-80
5262,Demo_4_Classification.m,74.346,60,82.76,60,100.0,68.97,70-80
5263,DEMO_4_Order_vs_Accuracy.m,71.396,100,82.54,30,100.0,44.44,70-80
5264,DEMO_7_Order_vs_Accuracy_ODE_solve.m,72.72,100,80.23,45,100.0,38.37,70-80
5265,DEMO_8_integral.m,70.368,100,81.58,15,100.0,55.26,70-80
5266,DEMO_abaqus_0001_cube_uniaxial.m,76.698,70,62.65,100,100.0,50.84,70-80
5267,DEMO_abaqus_0002_blob_shear_contact.m,75.082,80,73.13,75,100.0,47.28,70-80
5268,DEMO_additional_colormaps.m,78.142,100,80.0,45,100.0,65.71,70-80
5269,demo_additive.m,71.098,100,68.63,30,100.0,56.86,70-80
5270,demo_airport_video.m,70.634,100,63.27,45,100.0,44.9,70-80
5271,demo_all.m,74.184,100,74.07,45,100.0,51.85,70-80
5272,demo_analysis_ERD_MotorImagery.m,78.2,100,82.0,45,100.0,64.0,70-80
5273,demo_analysis_ERPs.m,77.148,100,81.48,45,100.0,59.26,70-80
5274,demo_analysis_ga_ERPs.m,72.41,100,74.36,30,100.0,57.69,70-80
5275,demo_audiocompression.m,70.324,100,70.27,30,100.0,51.35,70-80
5276,demo_audscales.m,70.0,60,80.0,30,100.0,80.0,70-80
5277,demo_AVL_recog.m,78.066,80,67.5,100,100.0,42.83,70-80
5278,Demo_AWGN_Color.m,72.808,100,61.62,60,100.0,42.42,70-80
5279,Demo_AWGN_Color_Clip.m,72.612,100,61.22,60,100.0,41.84,70-80
5280,Demo_AWGN_Gray.m,72.404,100,62.63,60,100.0,39.39,70-80
5281,Demo_AWGN_Gray_Clip.m,73.042,100,63.54,60,100.0,41.67,70-80
5282,Demo_AWGN_spatially_variant_noise.m,73.292,100,64.52,60,100.0,41.94,70-80
5283,DEMO_BAYES_FACTORS.m,74.65,100,71.08,60,100.0,42.17,70-80
5284,demo_blockproc_basicloop.m,79.714,100,62.86,90,100.0,45.71,70-80
5285,demo_blockproc_effects.m,75.088,80,55.16,100,100.0,40.28,70-80
5286,demo_blockproc_paramequalizer.m,75.336,80,57.53,100,100.0,39.15,70-80
5287,demo_bpdn.m,71.766,80,67.33,45,100.0,66.5,70-80
5288,demo_bpdndl.m,71.2,100,76.0,30,100.0,50.0,70-80
5289,demo_bpdnjnt.m,71.418,100,79.17,30,100.0,47.92,70-80
5290,demo_bpframemul.m,72.324,80,63.89,75,100.0,42.73,70-80
5291,demo_bt_ranking.m,78.426,100,63.83,90,100.0,38.3,70-80
5292,demo_build_hdr.m,77.0,100,77.14,45,100.0,62.86,70-80
5293,demo_build_hdr_sift_alignment.m,74.582,100,69.77,45,100.0,58.14,70-80
5294,demo_build_hdr_ward_alignment.m,77.572,100,76.19,45,100.0,66.67,70-80
5295,demo_caffe.m,76.768,100,82.05,30,100.0,71.79,70-80
5296,demo_cbpdn.m,73.068,100,71.19,45,100.0,49.15,70-80
5297,demo_cbpdndl.m,71.958,100,76.6,30,100.0,53.19,70-80
5298,demo_cbpdndlcns.m,71.958,100,76.6,30,100.0,53.19,70-80
5299,demo_cbpdngr.m,71.318,100,73.91,45,100.0,37.68,70-80
5300,demo_cbpdnjnt.m,73.128,100,73.02,45,100.0,47.62,70-80
5301,demo_cbpdnmd.m,71.28,100,70.89,45,100.0,40.51,70-80
5302,demo_cbpdnms.m,71.308,100,70.51,45,100.0,41.03,70-80
5303,demo_celnet.m,71.318,100,73.91,45,100.0,37.68,70-80
5304,demo_classification.m,72.846,100,76.92,45,100.0,42.31,70-80
5305,DEMO_color_image.m,74.152,100,74.24,45,100.0,51.52,70-80
5306,demo_compute_VIDEVAL_feats.m,79.352,100,76.47,60,100.0,60.29,70-80
5307,demo_compute_VIDEVAL_light_feats.m,79.742,100,77.42,60,100.0,61.29,70-80
5308,demo_convert_ERPSpeller.m,73.318,100,78.05,30,100.0,58.54,70-80
5309,demo_convert_MotorImagery.m,73.096,100,74.19,30,100.0,61.29,70-80
5310,demo_core.m,79.59,100,68.85,75,100.0,54.1,70-80
5311,demo_crf_test.m,70.6,60,80.0,45,100.0,68.0,70-80
5312,demo_CSHL2017_SueAnn.m,76.466,80,70.0,75,100.0,57.33,70-80
5313,demo_custom_sirt.m,71.282,100,75.47,30,100.0,50.94,70-80
5314,demo_cva_params.m,70.08,100,72.97,45,100.0,32.43,70-80
5315,DEMO_CVA_RSA.m,70.094,80,55.78,75,100.0,39.69,70-80
5316,Demo_DagNN_Merge_Bnorm.m,72.602,80,64.29,75,100.0,43.72,70-80
5317,demo_dataset_correlation.m,73.948,100,50.88,75,100.0,43.86,70-80
5318,demo_db4_noisdopp_wavedec_per.m,72.062,100,69.7,30,100.0,60.61,70-80
5319,demo_db4_wavelet_basis.m,71.2,100,70.0,30,100.0,56.0,70-80
5320,demo_dcmonline.m,78.052,80,73.18,90,100.0,47.08,70-80
5321,demo_dcm_motorPremotor.m,71.974,80,61.29,60,100.0,58.58,70-80
5322,DEMO_DCM_PEB.m,73.128,70,60.08,100,100.0,35.56,70-80
5323,DEMO_DCM_PEB_FIT.m,74.724,80,60.27,100,100.0,33.35,70-80
5324,DEMO_DCM_PEB_REC.m,74.684,80,68.68,90,100.0,34.74,70-80
5325,Demo_deblur.m,77.108,80,72.95,75,100.0,57.59,70-80
5326,Demo_deblur_real_application.m,77.834,80,66.67,90,100.0,52.5,70-80
5327,demo_deep_pyramid.m,76.894,100,68.42,75,100.0,41.05,70-80
5328,Demo_degradation_direct_SRMD.m,75.684,80,70.64,75,100.0,52.78,70-80
5329,Demo_degradation_direct_SRMDNF.m,77.83,80,71.15,75,100.0,63.0,70-80
5330,demo_dendritic.m,79.21,100,68.42,75,100.0,52.63,70-80
5331,demo_denoising.m,77.888,100,80.0,45,100.0,64.44,70-80
5332,Demo_denoising_and_deblurring_color_SRMD.m,78.31,80,65.22,90,100.0,56.33,70-80
5333,Demo_denoising_and_deblurring_gray_SRMD.m,78.75,80,64.96,90,100.0,58.79,70-80
5334,Demo_denoising_color.m,71.892,100,69.88,45,100.0,44.58,70-80
5335,Demo_denoising_gray.m,71.65,100,69.88,45,100.0,43.37,70-80
5336,demo_denoising_traffic.m,79.81,100,83.78,45,100.0,70.27,70-80
5337,Demo_depth_denoising_and_completion_Cityscapes.m,72.36,70,60.31,90,100.0,41.49,70-80
5338,demo_derivativeobs.m,71.274,100,67.05,45,100.0,44.32,70-80
5339,demo_designOptimization.m,77.618,80,59.26,100,100.0,48.83,70-80
5340,demo_dgt.m,72.436,100,61.96,60,100.0,40.22,70-80
5341,demo_dgt_parametrize.m,70.118,100,67.65,30,100.0,52.94,70-80
5342,demo_directplc_ex1.m,78.666,100,75.0,60,100.0,58.33,70-80
5343,demo_discounting.m,72.896,100,84.48,30,100.0,50.0,70-80
5344,demo_doubleWell.m,78.706,100,68.24,90,100.0,35.29,70-80
5345,demo_DP.m,72.25,100,75.0,30,100.0,56.25,70-80
5346,demo_dynamicalSystem.m,77.48,80,66.18,100,100.0,41.22,70-80
5347,demo_dynLearningRate.m,76.778,80,77.86,75,100.0,51.03,70-80
5348,demo_elevatorVideo.m,70.858,60,92.86,30,100.0,71.43,70-80
5349,demo_ellipse_creation.m,79.0,100,62.5,75,100.0,57.5,70-80
5350,demo_Elogsig.m,70.632,60,94.74,30,100.0,68.42,70-80
5351,demo_empl.m,73.324,80,70.08,60,100.0,56.54,70-80
5352,demo_endoscope.m,79.274,80,64.48,100,100.0,51.89,70-80
5353,demo_escalatorVideo.m,72.088,100,76.09,30,100.0,54.35,70-80
5354,demo_eval.m,70.568,100,58.82,45,100.0,49.02,70-80
5355,demo_evaluate_saved_prediction_voc.m,73.274,100,69.7,30,100.0,66.67,70-80
5356,demo_eval_clsloc.m,77.124,100,75.0,45,100.0,65.62,70-80
5357,demo_example_gp_data.m,71.306,100,75.51,30,100.0,51.02,70-80
5358,demo_example_gp_training.m,70.892,100,60.81,45,100.0,48.65,70-80
5359,demo_example_lmgp_data.m,79.25,100,66.25,90,100.0,40.0,70-80
5360,demo_example_lmgp_training.m,77.308,100,64.1,75,100.0,47.44,70-80
5361,demo_example_present.m,73.614,100,71.79,45,100.0,51.28,70-80
5362,demo_ext.m,70.286,100,64.29,30,100.0,57.14,70-80
5363,demo_face_online.m,70.866,100,67.57,30,100.0,56.76,70-80
5364,demo_face_with_outlier_online.m,71.116,100,67.44,30,100.0,58.14,70-80
5365,demo_FastEMD3.m,74.0,100,77.78,45,100.0,47.22,70-80
5366,Demo_FDnCNN_Color.m,73.928,100,63.86,60,100.0,45.78,70-80
5367,Demo_FDnCNN_Color_Clip.m,73.95,100,63.41,60,100.0,46.34,70-80
5368,Demo_FDnCNN_Gray.m,74.47,100,66.67,60,100.0,45.68,70-80
5369,Demo_FDnCNN_Gray_Clip.m,75.0,100,66.25,60,100.0,48.75,70-80
5370,DEMO_febio_0001_cube_uniaxial.m,75.35,70,63.99,100,100.0,42.76,70-80
5371,DEMO_febio_0002_beam_force.m,79.554,80,69.77,100,100.0,48.0,70-80
5372,DEMO_febio_0003_beam_bending.m,75.946,80,70.04,75,100.0,54.69,70-80
5373,DEMO_febio_0004_beam_twist.m,77.822,80,71.37,90,100.0,47.74,70-80
5374,DEMO_febio_0005_cube_tension_compression_shear.m,70.412,70,70.82,75,100.0,36.24,70-80
5375,DEMO_febio_0006_sphere_indentation.m,71.12,70,67.2,75,100.0,43.4,70-80
5376,DEMO_febio_0007_sphere_sliding.m,78.232,70,72.06,100,100.0,49.1,70-80
5377,DEMO_febio_0009_cube_discrete_springs.m,79.652,80,69.69,100,100.0,48.57,70-80
5378,DEMO_febio_0010_trabeculae_compression.m,74.556,70,57.04,100,100.0,45.74,70-80
5379,DEMO_febio_0011_cube_multi_generation.m,77.392,70,72.83,100,100.0,44.13,70-80
5380,DEMO_febio_0012_disc_pressure.m,77.586,80,65.82,100,100.0,42.11,70-80
5381,DEMO_febio_0013_disc_pressure_varying.m,75.184,70,61.88,100,100.0,44.04,70-80
5382,DEMO_febio_0014_cube_varying_material.m,79.222,80,70.36,100,100.0,45.75,70-80
5383,DEMO_febio_0015_cube_fibers_transiso.m,75.516,70,65.33,100,100.0,42.25,70-80
5384,DEMO_febio_0016_cube_viscoelastic_ramp_hold.m,76.948,70,64.34,100,100.0,50.4,70-80
5385,DEMO_febio_0017_cube_viscoelastic_load_unload.m,74.838,70,65.62,100,100.0,38.57,70-80
5386,DEMO_febio_0018_cube_poroelastic_ramp_hold.m,77.472,70,67.16,100,100.0,50.2,70-80
5387,DEMO_febio_0019_vessel_pressure_inflate.m,72.748,80,66.91,75,100.0,41.83,70-80
5388,DEMO_febio_0021_bone_three_point_bending.m,71.406,70,71.61,75,100.0,40.42,70-80
5389,DEMO_febio_0022_multigen_interface_band.m,70.516,70,64.07,75,100.0,43.51,70-80
5390,DEMO_febio_0023_beam_gravity_body_load.m,76.38,80,70.64,75,100.0,56.26,70-80
5391,DEMO_febio_0024_active_contraction_tongue.m,75.778,80,68.47,75,100.0,55.42,70-80
5392,DEMO_febio_0025_cube_uniaxial_stiffness_analysis.m,75.904,70,64.96,100,100.0,44.56,70-80
5393,DEMO_febio_0026_hexlattice_compression.m,75.06,70,65.31,100,100.0,39.99,70-80
5394,DEMO_febio_0027_layer_spatially_varying_material.m,74.364,80,70.12,75,100.0,46.7,70-80
5395,DEMO_febio_0028_sphere_indentation_friction_twist.m,71.222,70,68.56,75,100.0,42.55,70-80
5396,DEMO_febio_0029_contact_friction_benchmark_boxes.m,77.026,70,67.55,100,100.0,47.58,70-80
5397,DEMO_febio_0030_block_varying_nodal_forces.m,75.528,80,70.59,75,100.0,52.05,70-80
5398,DEMO_febio_0031_blob_shear_contact.m,71.338,70,70.11,75,100.0,41.58,70-80
5399,DEMO_febio_0032_sphere_tube_slide.m,77.16,70,71.47,100,100.0,44.33,70-80
5400,DEMO_febio_0033_sphere_tube_slide_body_force.m,77.81,70,72.78,100,100.0,46.27,70-80
5401,DEMO_febio_0034_sphere_cone_slide_body_force.m,71.79,70,69.71,75,100.0,44.24,70-80
5402,DEMO_febio_0035_blob_shear_contact_hex8.m,74.718,70,71.85,90,100.0,41.74,70-80
5403,DEMO_febio_0036_sphere_branches_slide_body_force.m,77.538,70,67.86,100,100.0,49.83,70-80
5404,DEMO_febio_0038_cube_uniaxial_HGO.m,77.322,70,64.71,100,100.0,51.9,70-80
5405,DEMO_febio_0039_nut_bolt_ring.m,71.388,70,72.65,75,100.0,39.29,70-80
5406,DEMO_febio_0040_propeller_contact.m,71.242,70,69.61,75,100.0,41.6,70-80
5407,DEMO_febio_0041_beam_L_force.m,71.222,70,66.67,75,100.0,44.44,70-80
5408,DEMO_febio_0042_inverse_FEA_cube_uniaxial.m,76.166,70,61.94,100,100.0,48.89,70-80
5409,DEMO_febio_0043_pyra5_element.m,74.334,80,69.87,75,100.0,46.8,70-80
5410,DEMO_febio_0058_face_tube_loading.m,72.202,70,69.61,75,100.0,46.4,70-80
5411,DEMO_febio_0059_face_mask_loading.m,75.104,70,61.34,100,100.0,44.18,70-80
5412,DEMO_febio_0065_clamp_tension_test.m,71.162,70,71.26,75,100.0,39.55,70-80
5413,DEMO_febio_0066_clamp_tension_test_friction.m,74.976,70,67.15,100,100.0,37.73,70-80
5414,DEMO_febio_0069_must_points_export.m,79.436,80,71.96,100,100.0,45.22,70-80
5415,DEMO_febio_0087_inverse_FEA_cube_uniaxial_viscoelastic.m,74.716,70,62.41,100,100.0,41.17,70-80
5416,DEMO_febio_0091_beam_twist_F.m,77.904,80,69.01,90,100.0,50.51,70-80
5417,demo_figure6.m,74.026,100,63.29,60,100.0,46.84,70-80
5418,demo_fit.m,77.668,60,91.67,45,100.0,91.67,70-80
5419,demo_fitzhugh.m,70.59,100,77.05,30,100.0,45.9,70-80
5420,demo_FreeFieldHRIR.m,74.57,100,80.95,30,100.0,61.9,70-80
5421,demo_FreeFieldHRTF.m,72.76,80,62.82,75,100.0,45.98,70-80
5422,demo_fusion_deghosting.m,76.43,100,74.29,45,100.0,62.86,70-80
5423,demo_FWT.m,78.024,100,69.77,75,100.0,45.35,70-80
5424,demo_gammatone.m,76.0,100,78.12,30,100.0,71.88,70-80
5425,demo_gaussian.m,76.968,100,87.1,30,100.0,67.74,70-80
5426,demo_GeneralFIR.m,74.838,100,81.4,30,100.0,62.79,70-80
5427,demo_GeneralFIR_E.m,74.374,100,81.4,30,100.0,60.47,70-80
5428,demo_generalizability.m,73.332,100,83.33,30,100.0,53.33,70-80
5429,demo_generative_models_geometric.m,72.342,100,82.93,30,100.0,48.78,70-80
5430,demo_generative_models_neighbors.m,73.806,100,82.93,30,100.0,56.1,70-80
5431,DEMO_geodesic_remeshing.m,72.654,80,47.9,90,100.0,45.37,70-80
5432,demo_geom2d_iris.m,71.352,100,58.82,45,100.0,52.94,70-80
5433,demo_ge_contourf.m,74.834,100,72.92,45,100.0,56.25,70-80
5434,demo_ge_imagesc_old.m,70.274,100,78.79,15,100.0,57.58,70-80
5435,demo_ge_point.m,70.572,100,74.29,30,100.0,48.57,70-80
5436,demo_GLM_missingData.m,70.0,100,85.29,0,100.0,64.71,70-80
5437,demo_GMM.m,77.0,100,80.77,60,100.0,44.23,70-80
5438,demo_graph_clustering.m,75.852,60,88.89,60,100.0,70.37,70-80
5439,demo_groupbtw.m,74.846,80,83.97,60,100.0,50.26,70-80
5440,DEMO_GROUP_PEB.m,71.196,80,62.33,75,100.0,38.65,70-80
5441,demo_GUI.m,70.54,80,34.86,100,100.0,37.84,70-80
5442,demo_Henon.m,73.178,100,64.71,60,100.0,41.18,70-80
5443,demo_HodgkinHuxley.m,70.792,100,68.66,45,100.0,40.3,70-80
5444,demo_HRF_dummy.m,70.374,100,76.56,30,100.0,45.31,70-80
5445,Demo_IDDBM3D.m,76.904,80,69.23,100,100.0,35.29,70-80
5446,demo_IdealInvariantScale1D.m,78.078,100,64.62,75,100.0,50.77,70-80
5447,demo_image_based_lighting.m,70.894,100,81.58,15,100.0,57.89,70-80
5448,demo_image_deblurring.m,76.256,100,82.05,30,100.0,69.23,70-80
5449,Demo_Image_Denoising.m,76.578,100,69.88,60,100.0,53.01,70-80
5450,demo_imNormalizeBackground_rice.m,72.0,60,100.0,0,100.0,100.0,70-80
5451,demo_improvemarginals.m,72.538,80,67.86,45,100.0,69.83,70-80
5452,DEMO_imx_levelset_surface_compare.m,73.214,80,65.56,75,100.0,45.51,70-80
5453,demo_influenceLearning.m,77.112,100,88.89,30,100.0,66.67,70-80
5454,Demo_inpaint.m,71.99,80,60.95,60,100.0,59.0,70-80
5455,demo_insert_nodes.m,71.806,100,70.97,30,100.0,58.06,70-80
5456,DEMO_JOSS_logo.m,73.212,100,67.11,45,100.0,53.95,70-80
5457,Demo_JPEG_Image_Artifacts_Removal.m,75.488,100,69.77,60,100.0,47.67,70-80
5458,demo_Kalman4bandits.m,79.71,80,67.12,100,100.0,51.43,70-80
5459,demo_kde_1.m,71.75,60,87.5,30,100.0,81.25,70-80
5460,demo_kde_3.m,72.852,60,88.89,45,100.0,70.37,70-80
5461,demo_KF_track.m,71.0,100,65.0,30,100.0,60.0,70-80
5462,demo_label_sizing.m,77.5,100,70.0,60,100.0,57.5,70-80
5463,demo_LapSRN.m,71.556,100,72.22,30,100.0,55.56,70-80
5464,demo_large_data_1p.m,77.916,80,71.2,90,100.0,48.38,70-80
5465,demo_large_data_2p.m,78.826,80,72.3,90,100.0,51.83,70-80
5466,demo_lgcp.m,72.386,100,85.71,15,100.0,61.22,70-80
5467,DEMO_Lindley_paradox.m,77.996,80,69.29,90,100.0,50.69,70-80
5468,demo_lmsvd.m,75.032,100,79.37,45,100.0,50.79,70-80
5469,demo_load_GUI.m,76.386,60,92.31,45,100.0,84.62,70-80
5470,demo_lobby_video.m,70.962,100,64.71,45,100.0,45.1,70-80
5471,demo_Lorenz.m,72.158,100,73.68,45,100.0,42.11,70-80
5472,demo_LPAICI_1D.m,74.656,80,54.04,100,100.0,39.24,70-80
5473,demo_ltsvd.m,71.832,100,77.08,30,100.0,52.08,70-80
5474,demo_LV2D.m,76.21,100,71.93,60,100.0,49.12,70-80
5475,demo_MARAartefactrejection.m,71.0,60,80.77,45,100.0,69.23,70-80
5476,demo_MatrixCompletion.m,73.428,100,71.43,30,100.0,65.71,70-80
5477,DEMO_MDP_maze.m,74.106,70,62.07,100,100.0,38.46,70-80
5478,DEMO_MDP_maze_X.m,77.968,80,66.99,100,100.0,42.85,70-80
5479,DEMO_MDP_questions.m,73.624,70,53.29,100,100.0,44.83,70-80
5480,DEMO_MDP_Stroop.m,73.322,70,60.85,100,100.0,35.76,70-80
5481,DEMO_MDP_Understanding.m,72.084,70,53.88,100,100.0,36.54,70-80
5482,DEMO_MDP_voice.m,72.764,70,58.46,100,100.0,35.36,70-80
5483,demo_MedianICI_1D.m,70.786,80,55.6,75,100.0,43.33,70-80
5484,DEMO_mesh_bifurcation_cut_loft_branch.m,77.562,80,62.84,100,100.0,44.97,70-80
5485,demo_MFT.m,72.666,60,93.33,30,100.0,80.0,70-80
5486,demo_modelComparison.m,72.0,100,62.69,60,100.0,37.31,70-80
5487,DEMO_model_reduction_ERP.m,74.21,80,65.97,90,100.0,35.08,70-80
5488,demo_monotonic.m,77.124,100,78.12,45,100.0,62.5,70-80
5489,demo_MRCNN_with_Iterative_Localization.m,79.416,100,70.13,75,100.0,51.95,70-80
5490,demo_MRCNN_with_SCNN_and_Iterative_Localization.m,79.0,100,70.0,75,100.0,50.0,70-80
5491,demo_MSLapSRN.m,71.2,100,70.0,30,100.0,56.0,70-80
5492,demo_multiclass_nested_ep.m,70.368,100,77.19,15,100.0,59.65,70-80
5493,demo_multilateration_algo.m,71.008,80,67.97,60,100.0,47.07,70-80
5494,demo_multisession.m,73.508,100,56.6,60,100.0,50.94,70-80
5495,Demo_multivariate_Gaussian_noise.m,75.346,80,61.87,90,100.0,44.86,70-80
5496,demo_multi_dy.m,70.256,100,74.47,30,100.0,46.81,70-80
5497,demo_multi_sta.m,71.714,100,76.19,30,100.0,52.38,70-80
5498,demo_negfeedback.m,78.776,80,65.38,100,100.0,48.5,70-80
5499,demo_new_images.m,71.586,80,71.43,45,100.0,61.5,70-80
5500,DEMO_niche_construction.m,73.196,70,57.02,100,100.0,38.96,70-80
5501,demo_NLSTF.m,77.764,100,85.29,30,100.0,73.53,70-80
5502,demo_NLSTF_SMBF.m,77.516,100,84.85,30,100.0,72.73,70-80
5503,demo_nmf_online.m,70.864,100,64.86,30,100.0,59.46,70-80
5504,demo_normalized_random_walk.m,71.15,100,69.89,45,100.0,40.86,70-80
5505,demo_normalizeMatchingW.m,75.668,100,77.78,45,100.0,55.56,70-80
5506,demo_nsdgt.m,70.428,100,62.5,45,100.0,44.64,70-80
5507,demo_ntd.m,70.63,60,89.47,30,100.0,73.68,70-80
5508,DEMO_obj_resample_texture.m,78.076,100,69.23,75,100.0,46.15,70-80
5509,demo_olcdl_sgd.m,71.262,100,71.05,30,100.0,55.26,70-80
5510,demo_olcdl_surfnc.m,71.456,100,72.73,30,100.0,54.55,70-80
5511,demo_opt.m,70.38,100,59.77,45,100.0,47.13,70-80
5512,demo_optimize_stock.m,73.88,100,81.82,30,100.0,57.58,70-80
5513,demo_Oscillatory.m,76.918,100,77.05,60,100.0,47.54,70-80
5514,demo_paper.m,78.562,100,68.49,75,100.0,49.32,70-80
5515,demo_parameter_estimation_lorenz.m,78.25,100,72.92,60,100.0,58.33,70-80
5516,demo_passgp.m,75.122,100,84.21,30,100.0,61.4,70-80
5517,demo_pca.m,73.466,80,70.0,60,100.0,57.33,70-80
5518,demo_PCA1.m,78.18,100,70.45,75,100.0,45.45,70-80
5519,demo_PCA2.m,73.446,100,80.56,45,100.0,41.67,70-80
5520,demo_photometricstereo.m,71.0,100,77.14,15,100.0,62.86,70-80
5521,demo_PlaySound.m,73.462,60,100.0,15,100.0,92.31,70-80
5522,demo_plot.m,74.75,100,72.5,60,100.0,41.25,70-80
5523,demo_pointsets_on_line.m,74.636,60,90.91,45,100.0,77.27,70-80
5524,demo_prediction.m,74.334,60,86.67,45,100.0,80.0,70-80
5525,demo_prediction_kstep.m,72.966,60,75.86,60,100.0,68.97,70-80
5526,demo_prediction_kstep_split.m,77.106,100,70.21,60,100.0,55.32,70-80
5527,demo_prediction_mackey_glass.m,77.714,100,76.19,60,100.0,52.38,70-80
5528,demo_prodsig.m,70.406,100,79.66,30,100.0,42.37,70-80
5529,demo_QlearningAsymmetric.m,79.934,80,70.0,100,100.0,49.67,70-80
5530,demo_QlearningSimulation.m,70.796,100,79.66,15,100.0,59.32,70-80
5531,demo_random_matrix_rank.m,77.0,60,93.33,45,100.0,86.67,70-80
5532,demo_random_subspaces.m,71.89,100,88.89,15,100.0,55.56,70-80
5533,Demo_real_application_denoising_and_deblurring_color.m,76.546,80,60.17,90,100.0,52.56,70-80
5534,Demo_real_application_denoising_and_deblurring_gray.m,78.578,80,63.39,90,100.0,59.5,70-80
5535,Demo_real_application_SRMD.m,77.178,80,61.54,90,100.0,54.35,70-80
5536,Demo_REAL_Color.m,71.112,100,57.78,60,100.0,37.78,70-80
5537,Demo_REAL_Gray.m,71.326,100,59.55,60,100.0,37.08,70-80
5538,demo_recon_MATLAB.m,79.0,100,81.25,45,100.0,68.75,70-80
5539,demo_recon_parasweep_matlab.m,78.666,100,78.57,60,100.0,54.76,70-80
5540,demo_redundancy.m,72.208,100,86.21,30,100.0,44.83,70-80
5541,demo_refinenet_test_example_egohands.m,74.6,100,57.0,75,100.0,41.0,70-80
5542,demo_refinenet_test_example_eyth.m,71.276,80,55.88,75,100.0,45.5,70-80
5543,demo_refinenet_test_example_gtea.m,70.99,100,55.56,60,100.0,39.39,70-80
5544,demo_refinenet_test_example_hof.m,70.98,100,56.12,60,100.0,38.78,70-80
5545,demo_registration_ex1.m,74.09,100,59.7,60,100.0,50.75,70-80
5546,demo_regress.m,74.666,60,94.44,30,100.0,88.89,70-80
5547,demo_regression_additive1.m,75.856,80,63.49,90,100.0,45.79,70-80
5548,demo_regression_meanf.m,70.778,100,72.22,15,100.0,66.67,70-80
5549,demo_regression_sparse1.m,73.736,80,41.35,90,100.0,57.33,70-80
5550,demo_resolution_noise_tradeoff.m,77.096,80,71.74,90,100.0,43.74,70-80
5551,demo_RFT_GLM.m,77.68,100,84.91,45,100.0,58.49,70-80
5552,demo_RFX.m,72.528,100,78.82,45,100.0,38.82,70-80
5553,demo_rle.m,75.142,60,100.0,30,100.0,85.71,70-80
5554,demo_RoPS_Extraction_Mesh.m,78.222,100,83.33,30,100.0,77.78,70-80
5555,demo_RoPS_Extraction_Pointcloud.m,73.304,100,84.85,15,100.0,66.67,70-80
5556,demo_RoPS_FeatureMatching_Mesh.m,75.2,100,69.33,60,100.0,46.67,70-80
5557,demo_sds_benchmark.m,71.914,60,86.96,30,100.0,82.61,70-80
5558,demo_seg.m,70.75,100,72.5,30,100.0,51.25,70-80
5559,demo_shadedErrorBar.m,71.954,80,43.52,90,100.0,46.25,70-80
5560,demo_SHC.m,72.334,100,75.0,45,100.0,41.67,70-80
5561,demo_sigstar.m,76.378,80,61.39,75,100.0,65.5,70-80
5562,demo_sim.m,71.102,80,72.54,60,100.0,42.97,70-80
5563,demo_sinc_all.m,78.0,100,75.71,60,100.0,54.29,70-80
5564,demo_sinewave_lin_reg.m,72.428,100,68.57,45,100.0,48.57,70-80
5565,demo_SingleRoomMIMOSRIR.m,76.938,100,79.37,45,100.0,60.32,70-80
5566,demo_sinusoid_lin_reg_poly_degrees.m,79.588,100,82.35,45,100.0,70.59,70-80
5567,demo_sinusoid_lin_reg_poly_degree_rmse.m,79.5,100,82.5,45,100.0,70.0,70-80
5568,Demo_SISR.m,75.768,80,66.34,60,100.0,72.5,70-80
5569,Demo_SISR_direct_downsampler_real_application.m,74.18,80,66.19,75,100.0,49.71,70-80
5570,Demo_SISR_direct_downsampler_RGB.m,71.342,80,65.64,60,100.0,51.07,70-80
5571,Demo_SISR_direct_downsampler_YCbCr.m,73.316,80,70.39,60,100.0,56.19,70-80
5572,Demo_SISR_RGB.m,71.418,80,72.95,45,100.0,59.14,70-80
5573,Demo_SISR_YCbCr.m,74.508,80,73.68,60,100.0,58.86,70-80
5574,demo_SOFAresample.m,70.908,100,81.4,15,100.0,58.14,70-80
5575,demo_SOFAstrings.m,79.408,100,77.78,60,100.0,59.26,70-80
5576,demo_sources.m,74.574,100,59.57,75,100.0,38.3,70-80
5577,demo_sparse_gaussian.m,70.182,60,100.0,0,100.0,90.91,70-80
5578,demo_sparse_rademacher.m,70.182,60,100.0,0,100.0,90.91,70-80
5579,demo_sparsityPrior.m,78.652,80,68.14,90,100.0,55.12,70-80
5580,demo_spr.m,71.902,100,74.19,45,100.0,40.32,70-80
5581,demo_SRCF.m,77.116,100,72.09,60,100.0,53.49,70-80
5582,Demo_SR_Conv.m,75.19,100,69.57,60,100.0,46.38,70-80
5583,demo_ssc_bp_random_subspaces.m,77.358,100,86.57,45,100.0,55.22,70-80
5584,demo_ssc_omp.m,70.414,100,61.62,45,100.0,45.45,70-80
5585,demo_stability_HRF.m,70.104,80,63.64,75,100.0,31.88,70-80
5586,demo_staticModel.m,71.94,100,58.82,45,100.0,55.88,70-80
5587,DEMO_stent_hexahedral_sweeping.m,72.164,80,61.54,75,100.0,44.28,70-80
5588,Demo_STLib.m,71.858,100,69.05,45,100.0,45.24,70-80
5589,demo_stoprules.m,75.616,100,84.62,30,100.0,63.46,70-80
5590,demo_STRCF.m,71.0,60,85.0,30,100.0,80.0,70-80
5591,demo_svg_water.m,76.8,100,100.0,30,100.0,54.0,70-80
5592,demo_svi_classific.m,74.978,100,85.71,30,100.0,59.18,70-80
5593,demo_svi_regression.m,75.354,100,91.18,15,100.0,70.59,70-80
5594,demo_synthetic_data.m,73.754,100,64.91,60,100.0,43.86,70-80
5595,demo_template_prediction.m,75.078,100,61.54,60,100.0,53.85,70-80
5596,demo_template_system_identification.m,76.864,100,70.27,60,100.0,54.05,70-80
5597,demo_tensor_completion.m,72.364,100,84.09,30,100.0,47.73,70-80
5598,Demo_test_CDnCNN_Specific.m,71.0,100,63.33,45,100.0,46.67,70-80
5599,Demo_test_DnCNN.m,70.876,100,62.5,45,100.0,46.88,70-80
5600,Demo_test_DnCNN_C.m,70.38,100,62.07,45,100.0,44.83,70-80
5601,Demo_Test_FFDNet_gray.m,72.6,100,63.0,60,100.0,40.0,70-80
5602,Demo_Test_model_64_25_Res_Bnorm_Adam.m,71.09,100,62.69,45,100.0,47.76,70-80
5603,demo_test_simple_city.m,72.404,100,63.83,45,100.0,53.19,70-80
5604,demo_test_simple_voc.m,71.978,100,63.83,45,100.0,51.06,70-80
5605,Demo_Test_SRMD_x3.m,77.06,80,71.09,75,100.0,59.21,70-80
5606,demo_tfjigsawsep.m,79.774,100,66.29,100,100.0,32.58,70-80
5607,demo_tmp.m,74.6,100,70.0,45,100.0,58.0,70-80
5608,demo_ToMgames.m,78.312,80,67.55,100,100.0,44.01,70-80
5609,demo_toy.m,75.224,100,75.56,45,100.0,55.56,70-80
5610,Demo_Train.m,72.428,100,78.57,30,100.0,53.57,70-80
5611,demo_training.m,70.568,100,79.73,15,100.0,58.11,70-80
5612,Demo_Train_model_64_25_Res_Bnorm_Adam.m,71.108,100,81.08,15,100.0,59.46,70-80
5613,demo_trilateration_algo.m,70.418,80,66.92,60,100.0,45.17,70-80
5614,DEMO_tvec_csd_sim.m,74.718,70,62.72,100,100.0,40.87,70-80
5615,DEMO_tvec_erp_mmn.m,76.15,70,61.75,100,100.0,49.0,70-80
5616,DEMO_tvec_erp_sim.m,75.614,70,63.61,100,100.0,44.46,70-80
5617,demo_uav_formation.m,73.928,100,69.88,60,100.0,39.76,70-80
5618,demo_uav_formation2.m,71.41,100,74.7,45,100.0,37.35,70-80
5619,demo_UKF_algo.m,73.33,80,72.32,60,100.0,54.33,70-80
5620,demo_unmixinig_hyperimage.m,71.726,100,61.64,60,100.0,36.99,70-80
5621,demo_VanDerPol.m,71.034,100,69.49,45,100.0,40.68,70-80
5622,demo_VBfree.m,75.334,100,75.0,45,100.0,56.67,70-80
5623,demo_vol2mesh_ex3.m,76.866,100,67.57,60,100.0,56.76,70-80
5624,demo_volatileVB.m,70.302,100,79.37,15,100.0,57.14,70-80
5625,demo_VolterraKernels.m,76.112,100,75.56,45,100.0,60.0,70-80
5626,DEMO_volumetric_SED_eval.m,70.852,70,63.93,90,100.0,30.33,70-80
5627,demo_waveletfilters.m,72.066,80,64.61,75,100.0,40.72,70-80
5628,demo_WB_color_augmentation.m,77.946,100,70.27,60,100.0,59.46,70-80
5629,Demo_XQDA.m,70.334,100,70.0,30,100.0,51.67,70-80
5630,demo_yinyang.m,71.5,100,67.5,45,100.0,45.0,70-80
5631,demo_ziloggaussian.m,76.0,100,82.5,30,100.0,67.5,70-80
5632,demPlotMef2Models.m,70.524,60,80.95,45,100.0,66.67,70-80
5633,demprgp.m,72.716,70,57.09,100,100.0,36.49,70-80
5634,demprior.m,70.194,70,49.86,100,100.0,31.11,70-80
5635,demprofile.m,71.364,100,49.09,75,100.0,32.73,70-80
5636,DEMR.m,71.162,100,77.42,30,100.0,48.39,70-80
5637,demrbf1.m,73.032,80,69.16,45,100.0,71.0,70-80
5638,demRegression1.m,70.51,100,58.49,45,100.0,49.06,70-80
5639,demRegressionGp.m,72.728,80,56.31,75,100.0,52.33,70-80
5640,demRegressionOneIvm1.m,70.886,100,58.49,45,100.0,50.94,70-80
5641,demRegressionTwoIvm.m,70.538,100,57.69,45,100.0,50.0,70-80
5642,demRegressionTwoIvm1.m,70.922,100,57.69,45,100.0,51.92,70-80
5643,demRobotWirelessFgplvm3.m,72.286,100,68.57,30,100.0,62.86,70-80
5644,demRobotWirelessFgplvm4.m,73.026,100,70.27,30,100.0,64.86,70-80
5645,demRobotWirelessNavigate.m,74.806,100,70.97,45,100.0,58.06,70-80
5646,demRunRankings.m,76.176,100,72.53,60,100.0,48.35,70-80
5647,demSilhouettePlot.m,76.0,60,87.5,45,100.0,87.5,70-80
5648,demSilhouettePlotTrue.m,75.284,60,85.71,45,100.0,85.71,70-80
5649,demsom1.m,75.404,100,73.4,60,100.0,43.62,70-80
5650,demSpgp1dKlDiv.m,71.334,60,100.0,30,100.0,66.67,70-80
5651,demSpgp1dPlot.m,72.538,60,88.46,45,100.0,69.23,70-80
5652,demStickFgplvm2.m,74.236,100,73.53,30,100.0,67.65,70-80
5653,demStickFgplvm3.m,74.486,100,72.73,30,100.0,69.7,70-80
5654,demStickFgplvm5.m,74.824,100,73.53,30,100.0,70.59,70-80
5655,demStickGp1.m,78.78,100,77.97,60,100.0,55.93,70-80
5656,demsvml1.m,73.646,100,76.47,30,100.0,61.76,70-80
5657,demSwissRollFullLle3.m,70.728,60,81.82,30,100.0,81.82,70-80
5658,demSwissRollFullLle4.m,70.728,60,81.82,30,100.0,81.82,70-80
5659,demSwissRollLle1.m,70.728,60,81.82,30,100.0,81.82,70-80
5660,demSwissRollLle2.m,70.728,60,81.82,30,100.0,81.82,70-80
5661,demSwissRollLle3.m,70.728,60,81.82,30,100.0,81.82,70-80
5662,demSwissRollLle4.m,70.728,60,81.82,30,100.0,81.82,70-80
5663,demSwissRollLle5.m,71.848,60,84.62,30,100.0,84.62,70-80
5664,demThreeFiveResults.m,71.842,60,100.0,15,100.0,84.21,70-80
5665,demToyProblem1.m,75.77,80,64.18,75,100.0,59.67,70-80
5666,demToyProblem2.m,76.426,80,70.27,75,100.0,56.86,70-80
5667,demToyProblem3.m,73.906,80,67.2,75,100.0,47.33,70-80
5668,demToyProblem5.m,70.894,100,76.6,30,100.0,47.87,70-80
5669,demToyProblem7.m,75.046,80,62.56,75,100.0,57.67,70-80
5670,demToyProblem8.m,76.776,80,68.91,75,100.0,59.97,70-80
5671,demToyProblemModified.m,75.77,80,64.18,75,100.0,59.67,70-80
5672,demtrain.m,73.95,70,59.08,100,100.0,40.67,70-80
5673,demUnlabelledIvm2.m,71.294,100,67.21,45,100.0,44.26,70-80
5674,demUnlabelledOneIvm1.m,71.456,100,66.67,45,100.0,45.61,70-80
5675,demUnlabelledOneIvm2.m,71.294,100,67.21,45,100.0,44.26,70-80
5676,demUspsIvm1.m,73.058,100,76.47,30,100.0,58.82,70-80
5677,demUspsIvm2.m,73.058,100,76.47,30,100.0,58.82,70-80
5678,demUspsIvm3.m,72.874,100,78.12,30,100.0,56.25,70-80
5679,demVowels1.m,74.486,100,72.73,30,100.0,69.7,70-80
5680,demVowels2.m,73.742,100,70.97,30,100.0,67.74,70-80
5681,demVowels3.m,74.824,100,73.53,30,100.0,70.59,70-80
5682,demVowelsFgplvm1.m,74.388,100,70.97,30,100.0,70.97,70-80
5683,demVowelsFgplvm3.m,74.752,100,71.88,30,100.0,71.88,70-80
5684,DEM_birdsong.m,73.714,100,70.0,60,100.0,38.57,70-80
5685,DEM_cells.m,77.544,80,66.67,100,100.0,41.05,70-80
5686,DEM_cells_cells.m,76.752,80,61.24,100,100.0,42.52,70-80
5687,DEM_CLIMATE_India.m,76.974,80,64.06,100,100.0,40.81,70-80
5688,DEM_COVID.m,73.948,70,58.74,100,100.0,41.0,70-80
5689,DEM_COVID_AGE.m,76.324,80,67.43,90,100.0,44.19,70-80
5690,DEM_COVID_COUNTRY.m,77.952,80,65.85,100,100.0,43.91,70-80
5691,DEM_COVID_I.m,77.692,70,65.46,100,100.0,53.0,70-80
5692,DEM_COVID_LTLA.m,72.958,70,57.22,100,100.0,37.57,70-80
5693,DEM_COVID_S.m,78.962,80,72.48,90,100.0,52.33,70-80
5694,DEM_COVID_T.m,73.244,70,65.68,90,100.0,40.54,70-80
5695,DEM_COVID_UK.m,76.808,70,75.96,100,100.0,38.08,70-80
5696,DEM_COVID_UK4.m,75.164,70,72.05,100,100.0,33.77,70-80
5697,DEM_COVID_UTLA.m,77.166,70,66.43,100,100.0,49.4,70-80
5698,DEM_COVID_WID.m,73.23,70,59.98,100,100.0,36.17,70-80
5699,DEM_COVID_X.m,78.022,70,63.61,100,100.0,56.5,70-80
5700,DEM_demo.m,71.556,70,60.58,100,100.0,27.2,70-80
5701,DEM_demo_Bayesian_Model_Reduction.m,72.0,100,68.13,60,100.0,31.87,70-80
5702,DEM_demo_CM_Lorenz.m,73.262,80,68.22,75,100.0,43.09,70-80
5703,DEM_demo_connectivity_fMRI.m,71.044,70,53.73,100,100.0,31.49,70-80
5704,DEM_demo_contact_lens.m,75.846,80,62.73,75,100.0,61.5,70-80
5705,DEM_demo_convolution.m,75.124,80,56.98,100,100.0,38.64,70-80
5706,DEM_demo_convolution_LAP.m,77.206,100,82.19,60,100.0,43.84,70-80
5707,DEM_demo_Cornsweet.m,71.174,70,59.78,90,100.0,36.09,70-80
5708,DEM_demo_DCM_LAP.m,74.602,80,65.82,90,100.0,37.19,70-80
5709,DEM_demo_dendrite.m,74.79,80,58.76,100,100.0,35.19,70-80
5710,DEM_demo_doublewell_LAP.m,75.0,100,80.0,45,100.0,50.0,70-80
5711,DEM_demo_duet.m,72.306,70,57.1,100,100.0,34.43,70-80
5712,DEM_demo_EM.m,78.574,80,67.77,90,100.0,55.1,70-80
5713,DEM_demo_face_inference.m,71.106,100,68.42,45,100.0,42.11,70-80
5714,DEM_demo_filtering.m,75.23,100,66.67,75,100.0,34.48,70-80
5715,DEM_demo_fMRI_HMM.m,72.768,80,67.98,75,100.0,40.86,70-80
5716,DEM_demo_fMRI_PEB.m,74.406,80,66.67,75,100.0,50.36,70-80
5717,DEM_demo_GF_and_KF.m,74.026,80,54.86,90,100.0,45.27,70-80
5718,DEM_demo_hdm.m,79.856,100,75.71,75,100.0,48.57,70-80
5719,DEM_demo_hdm_LAP.m,73.764,80,63.23,90,100.0,35.59,70-80
5720,DEM_demo_hdm_SCK.m,74.066,80,73.83,45,100.0,71.5,70-80
5721,DEM_demo_induced_fMRI.m,71.564,80,63.96,60,100.0,53.86,70-80
5722,DEM_demo_Lagrangian.m,72.0,100,62.32,60,100.0,37.68,70-80
5723,DEM_demo_Lagrangian_flow.m,70.2,100,59.0,60,100.0,32.0,70-80
5724,DEM_demo_LAP.m,72.654,80,64.91,60,100.0,58.36,70-80
5725,DEM_demo_Laplace.m,76.17,100,83.02,45,100.0,52.83,70-80
5726,DEM_demo_large_fMRI.m,73.96,80,65.47,75,100.0,49.33,70-80
5727,DEM_demo_Lorenz.m,75.146,80,56.73,75,100.0,64.0,70-80
5728,DEM_demo_lorenz_LAP.m,72.908,100,75.86,45,100.0,43.68,70-80
5729,DEM_demo_MDP_DEM.m,73.556,70,59.14,100,100.0,38.64,70-80
5730,DEM_demo_MDP_fit.m,70.972,80,66.89,60,100.0,47.97,70-80
5731,DEM_demo_MDP_fit_fields.m,75.848,80,62.71,100,100.0,36.53,70-80
5732,DEM_demo_MDP_habits.m,76.316,80,62.44,90,100.0,49.14,70-80
5733,DEM_demo_MDP_maze.m,73.262,80,58.78,90,100.0,37.53,70-80
5734,DEM_demo_MDP_reading.m,71.588,70,55.53,100,100.0,32.41,70-80
5735,DEM_demo_MDP_rule.m,73.16,70,57.6,100,100.0,38.2,70-80
5736,DEM_demo_MDP_search.m,72.276,70,55.44,100,100.0,35.94,70-80
5737,DEM_demo_MMN.m,77.014,80,65.22,100,100.0,39.85,70-80
5738,DEM_demo_MMN_deviance.m,70.336,80,50.93,60,100.0,60.75,70-80
5739,DEM_demo_MMN_gen.m,70.144,100,61.43,45,100.0,44.29,70-80
5740,DEM_demo_modes_fMRI.m,72.926,70,54.72,100,100.0,39.91,70-80
5741,DEM_demo_ontology.m,74.158,80,63.98,90,100.0,36.81,70-80
5742,DEM_demo_PEB.m,77.516,100,81.03,60,100.0,46.55,70-80
5743,DEM_demo_Posner.m,73.622,80,56.44,75,100.0,56.67,70-80
5744,DEM_demo_psychosis.m,75.578,80,68.98,90,100.0,38.91,70-80
5745,DEM_demo_SOC.m,72.24,80,52.6,90,100.0,38.6,70-80
5746,DEM_demo_song_inference.m,75.282,100,60.56,75,100.0,40.85,70-80
5747,DEM_demo_texture.m,74.366,80,58.02,90,100.0,43.81,70-80
5748,DEM_Dispatches.m,75.0,100,56.6,75,100.0,43.4,70-80
5749,DEM_dSprites.m,71.662,70,54.55,100,100.0,33.76,70-80
5750,DEM_evidence_accumulation.m,72.0,100,65.0,45,100.0,50.0,70-80
5751,DEM_get_faces.m,79.778,100,62.22,90,100.0,46.67,70-80
5752,DEM_HB_and_LE.m,79.354,80,67.36,100,100.0,49.41,70-80
5753,DEM_Immune.m,72.696,100,68.6,60,100.0,34.88,70-80
5754,DEM_MDP_decision.m,77.508,80,65.81,100,100.0,41.73,70-80
5755,DEM_morphogenesis.m,74.726,70,59.05,100,100.0,44.58,70-80
5756,DEM_psychophysics.m,73.124,80,60.67,90,100.0,34.95,70-80
5757,DEM_SARS_I.m,77.726,70,65.13,100,100.0,53.5,70-80
5758,DEM_self_entropy.m,77.518,80,63.79,100,100.0,43.8,70-80
5759,DEM_sharing.m,73.146,70,55.73,100,100.0,40.0,70-80
5760,DEM_spatial_deconvolution.m,79.38,80,71.23,100,100.0,45.67,70-80
5761,DEM_surveillance.m,72.814,70,57.3,100,100.0,36.77,70-80
5762,den2.m,70.0,30,87.5,45,100.0,87.5,70-80
5763,den2d_block.m,75.87,100,65.22,75,100.0,39.13,70-80
5764,deNaN_dataset.m,74.19,100,45.24,90,100.0,35.71,70-80
5765,denC2D.m,72.578,60,84.21,45,100.0,73.68,70-80
5766,dendrogram_struct.m,75.068,80,58.99,100,100.0,36.35,70-80
5767,deneme.m,77.444,100,77.78,45,100.0,64.44,70-80
5768,denoise_avg.m,79.8,100,70.0,75,100.0,54.0,70-80
5769,denoise_avg2.m,76.104,70,64.88,100,100.0,45.64,70-80
5770,denoise_configure.m,78.272,60,100.0,45,100.0,86.36,70-80
5771,denoise_dct.m,73.5,60,87.5,45,100.0,75.0,70-80
5772,denoise_energy.m,77.77,100,69.23,60,100.0,59.62,70-80
5773,denoise_fica_gauss.m,70.232,60,84.62,45,100.0,61.54,70-80
5774,denoise_fica_kurtosis.m,72.766,60,88.24,45,100.0,70.59,70-80
5775,denoise_fica_skew.m,72.766,60,88.24,45,100.0,70.59,70-80
5776,denoise_fica_tanh.m,70.566,60,82.61,45,100.0,65.22,70-80
5777,denoise_filter2.m,75.444,80,52.22,100,100.0,45.0,70-80
5778,denoise_foe.m,77.414,100,62.07,75,100.0,50.0,70-80
5779,denoise_hilbert.m,75.57,80,53.07,100,100.0,44.78,70-80
5780,denoise_mask.m,74.0,60,86.36,60,100.0,63.64,70-80
5781,denoise_pow3.m,71.0,60,83.33,45,100.0,66.67,70-80
5782,denoise_shearlet_example.m,78.0,100,61.36,90,100.0,38.64,70-80
5783,denoise_tanh.m,71.59,60,88.24,45,100.0,64.71,70-80
5784,denoise_test_demo.m,73.948,60,100.0,15,100.0,94.74,70-80
5785,denoise_threshold_test.m,75.382,100,72.34,45,100.0,59.57,70-80
5786,denoise_train_demo.m,79.38,100,82.14,60,100.0,54.76,70-80
5787,denoise_verification.m,78.714,100,82.86,45,100.0,65.71,70-80
5788,DenoisingProblem.m,75.106,80,68.13,90,100.0,37.4,70-80
5789,denoising_dtdwt.m,76.444,100,70.37,60,100.0,51.85,70-80
5790,denoising_dwt.m,70.464,100,58.54,45,100.0,48.78,70-80
5791,denoi_BLS_GSM.m,76.662,80,59.39,100,100.0,43.92,70-80
5792,denoi_BLS_GSM_band.m,76.204,80,63.91,90,100.0,47.11,70-80
5793,denoi_demo.m,71.096,100,76.19,15,100.0,64.29,70-80
5794,denR2D.m,71.666,60,80.0,45,100.0,73.33,70-80
5795,denS2D.m,71.0,60,83.33,45,100.0,66.67,70-80
5796,dense.m,74.806,100,67.74,45,100.0,61.29,70-80
5797,denseSolve.m,75.656,80,56.72,100,100.0,41.56,70-80
5798,dense_depth_map.m,73.85,100,72.73,45,100.0,51.52,70-80
5799,dense_sdp_relax.m,78.4,80,69.33,100,100.0,42.67,70-80
5800,densify.m,75.0,60,80.0,75,100.0,60.0,70-80
5801,Density.m,76.694,100,52.17,90,100.0,41.3,70-80
5802,DensityAndBound.m,73.868,100,54.72,75,100.0,39.62,70-80
5803,DensityEstimate.m,70.308,60,84.62,30,100.0,76.92,70-80
5804,DensityGaussResultsPrinter.m,75.526,100,52.63,75,100.0,50.0,70-80
5805,DensityPlotterForPerimeter.m,77.812,100,68.75,75,100.0,45.31,70-80
5806,DensityPrinterForPerimeter.m,78.076,100,69.23,75,100.0,46.15,70-80
5807,densityremap.m,72.0,30,100.0,30,100.0,100.0,70-80
5808,density_cal.m,72.0,100,64.29,60,100.0,35.71,70-80
5809,denss.m,77.666,100,73.33,60,100.0,55.0,70-80
5810,DeOblique.m,78.334,80,60.0,100,100.0,51.67,70-80
5811,deopt.m,78.442,80,69.9,100,100.0,42.31,70-80
5812,departureTargetMissDistance.m,75.064,100,84.38,30,100.0,60.94,70-80
5813,DependentSamplingMCVolumesClusterCDT1.m,77.106,100,70.53,75,100.0,40.0,70-80
5814,DependentSamplingMCVolumesClusterCDT2.m,77.082,100,70.83,75,100.0,39.58,70-80
5815,DependentSamplingMCVolumesVoxel.m,76.556,100,68.89,75,100.0,38.89,70-80
5816,dependentTerms.m,72.902,100,68.29,45,100.0,51.22,70-80
5817,depfunFast.m,77.642,100,64.15,75,100.0,49.06,70-80
5818,depixellise.m,78.428,100,71.43,75,100.0,45.71,70-80
5819,depixelliseOmniCam.m,78.384,100,63.46,90,100.0,38.46,70-80
5820,deploy_each_dagnet.m,75.0,30,100.0,45,100.0,100.0,70-80
5821,depth.m,75.414,100,65.85,60,100.0,51.22,70-80
5822,depth2cloud.m,70.728,60,81.82,30,100.0,81.82,70-80
5823,depth4RGB.m,75.6,100,65.0,75,100.0,38.0,70-80
5824,DepthConcatenationLayer.m,72.996,80,50.52,100,100.0,34.46,70-80
5825,depthFeatures.m,72.46,100,75.38,30,100.0,56.92,70-80
5826,DepthFromGradient.m,76.118,100,70.59,60,100.0,50.0,70-80
5827,DepthGradient2.m,74.058,100,62.35,75,100.0,32.94,70-80
5828,depth_darken.m,78.034,60,82.76,75,100.0,72.41,70-80
5829,depth_in_meters_cityscapes_stereoscopic_inpainting.m,79.218,80,69.43,100,100.0,46.66,70-80
5830,deptoolbox.m,77.494,80,64.1,100,100.0,43.37,70-80
5831,dep_add.m,72.0,60,73.33,60,100.0,66.67,70-80
5832,deres.m,74.0,30,100.0,60,100.0,80.0,70-80
5833,dering_test_demo.m,73.948,60,100.0,15,100.0,94.74,70-80
5834,deriv.m,75.572,60,67.86,100,100.0,50.0,70-80
5835,deriv2.m,72.0,100,65.79,60,100.0,34.21,70-80
5836,deriv2D.m,76.842,100,65.79,75,100.0,43.42,70-80
5837,derivaeeg.m,72.832,60,70.83,75,100.0,58.33,70-80
5838,derivatives.m,75.112,60,77.78,60,100.0,77.78,70-80
5839,derivative_calc.m,76.048,80,69.23,90,100.0,41.01,70-80
5840,derivative_phi.m,72.284,30,85.71,60,100.0,85.71,70-80
5841,derivative_sigm_j.m,72.0,30,100.0,30,100.0,100.0,70-80
5842,derivdropdown.m,78.546,60,100.0,60,100.0,72.73,70-80
5843,derive.m,79.362,80,62.24,100,100.0,54.57,70-80
5844,deriveBasis.m,78.334,60,100.0,45,100.0,86.67,70-80
5845,derivebinaryfeat.m,71.224,80,48.43,90,100.0,37.69,70-80
5846,DeriveCVIs.m,71.372,100,79.07,15,100.0,62.79,70-80
5847,derivedualBounds.m,76.702,80,61.95,100,100.0,41.56,70-80
5848,DeriveDynamicsDP.m,77.728,100,69.32,75,100.0,44.32,70-80
5849,derived_sicd_fields.m,76.502,70,69.69,100,100.0,42.82,70-80
5850,deriveGpsSatClockT.m,73.0,30,90.0,75,100.0,70.0,70-80
5851,deriveGpsSatOrbitTk.m,75.0,30,90.0,75,100.0,80.0,70-80
5852,deriveGpsSatPosVel.m,72.334,100,73.08,45,100.0,43.59,70-80
5853,deriveProstateCTVfromPTV.m,79.538,100,56.92,90,100.0,50.77,70-80
5854,deriveSagnacPrCorr.m,70.0,30,87.5,45,100.0,87.5,70-80
5855,derivest.m,73.402,70,57.55,100,100.0,39.46,70-80
5856,DERIVEstFiniteDiffsCalculationMethod.m,74.474,100,50.0,75,100.0,47.37,70-80
5857,DeriveVexityFromInflection.m,75.186,60,66.67,90,100.0,59.26,70-80
5858,Derive_pwPoly5.m,72.666,100,80.0,30,100.0,53.33,70-80
5859,derivs_Callback.m,79.0,60,95.0,60,100.0,80.0,70-80
5860,deriv_sparse.m,76.286,60,78.57,75,100.0,67.86,70-80
5861,deri_cross_entropy.m,72.0,30,100.0,30,100.0,100.0,70-80
5862,deri_inherit.m,75.0,30,100.0,45,100.0,100.0,70-80
5863,deri_L2_norm.m,72.0,30,100.0,30,100.0,100.0,70-80
5864,deri_nonlinearity_nil.m,75.0,30,100.0,45,100.0,100.0,70-80
5865,deri_relu.m,72.0,30,100.0,30,100.0,100.0,70-80
5866,deri_sigmoid.m,72.0,30,100.0,30,100.0,100.0,70-80
5867,deri_softmax.m,75.0,30,100.0,45,100.0,100.0,70-80
5868,deri_tanh.m,75.0,30,100.0,45,100.0,100.0,70-80
5869,dermatpoly.m,70.0,30,87.5,45,100.0,87.5,70-80
5870,derotated_dtcwt.m,75.666,60,93.33,45,100.0,80.0,70-80
5871,derX.m,72.0,30,100.0,30,100.0,100.0,70-80
5872,descCoCluster.m,72.0,30,100.0,30,100.0,100.0,70-80
5873,DescendingNodeTermCondition.m,74.13,100,52.17,75,100.0,43.48,70-80
5874,descFileRead.m,73.63,60,77.78,60,100.0,70.37,70-80
5875,describe_matrix.m,75.0,30,100.0,45,100.0,100.0,70-80
5876,DescriptorExtractor.m,78.77,100,52.31,100,100.0,41.54,70-80
5877,DescriptorMatcher.m,77.722,100,51.9,100,100.0,36.71,70-80
5878,desense.m,76.73,80,58.65,75,100.0,70.0,70-80
5879,designAnalysis.m,79.796,80,68.97,100,100.0,50.01,70-80
5880,DesignCapturerOfMaterialDesignExperiment.m,77.104,100,53.73,90,100.0,41.79,70-80
5881,DesignImagVariable.m,74.512,100,53.66,75,100.0,43.9,70-80
5882,designing_operation_points.m,72.096,100,66.67,45,100.0,48.81,70-80
5883,Designmatrix_code_doppler_ZD.m,72.472,80,76.36,45,100.0,61.0,70-80
5884,Designmatrix_code_ZD.m,73.884,100,79.07,45,100.0,45.35,70-80
5885,Designmatrix_DCM.m,73.028,80,77.57,60,100.0,47.57,70-80
5886,Designmatrix_doppler_ZD.m,75.47,100,79.41,45,100.0,52.94,70-80
5887,Designmatrix_ZD.m,73.542,80,76.64,60,100.0,51.07,70-80
5888,DesignVariable.m,76.644,100,55.93,90,100.0,37.29,70-80
5889,DesignVariableAcademic.m,75.542,100,56.76,75,100.0,45.95,70-80
5890,DesignVariableAndMeshSaverFromRes.m,77.506,100,61.73,90,100.0,35.8,70-80
5891,DesignVariableCreatorSettings.m,76.47,100,61.76,75,100.0,45.59,70-80
5892,DesignVariableStorerFromRes.m,76.948,100,56.14,90,100.0,38.6,70-80
5893,DesignVarMonitor_Abstract.m,74.438,80,57.69,90,100.0,44.5,70-80
5894,DesignVarMonitor_AreaColumn.m,77.138,100,58.06,90,100.0,37.63,70-80
5895,DesignVarMonitor_Density.m,79.112,100,58.89,100,100.0,36.67,70-80
5896,DesignVarMonitor_LevelSet.m,76.49,100,50.94,90,100.0,41.51,70-80
5897,DesignVarMonitor_Null.m,73.636,100,47.73,75,100.0,45.45,70-80
5898,design_filter.m,75.906,80,56.2,100,100.0,43.33,70-80
5899,design_space_analysis.m,74.948,70,55.9,100,100.0,48.84,70-80
5900,desingularizationfactory.m,76.802,80,65.44,90,100.0,48.57,70-80
5901,deskewmem.m,76.524,60,76.19,75,100.0,71.43,70-80
5902,deskewparams.m,76.286,60,82.14,75,100.0,64.29,70-80
5903,destroyDummyModel.m,78.48,100,68.67,90,100.0,33.73,70-80
5904,desugar.m,73.668,60,77.78,75,100.0,55.56,70-80
5905,desview.m,76.334,100,64.0,75,100.0,42.67,70-80
5906,det2keypointsImg.m,74.226,80,58.13,90,100.0,43.0,70-80
5907,det2keypointsImgDPM.m,75.52,80,58.82,90,100.0,48.78,70-80
5908,det2keypointsImgMulticutBBoxMulti.m,78.942,80,61.54,100,100.0,53.17,70-80
5909,det2keypointsImgMulticutBBoxMultiPoses.m,79.898,80,67.74,100,100.0,51.75,70-80
5910,det2keypointsImgMulticutMulti.m,77.418,80,61.15,100,100.0,45.94,70-80
5911,det2keypointsImgMulticutUnaries.m,79.582,100,57.29,100,100.0,40.62,70-80
5912,det2keypointsImgMulticut_old.m,78.832,80,65.31,100,100.0,48.85,70-80
5913,det2keypointsImgROI.m,73.316,100,56.84,75,100.0,34.74,70-80
5914,det2keypointsMulti.m,74.75,60,87.5,45,100.0,81.25,70-80
5915,det2MM.m,74.144,100,82.86,45,100.0,42.86,70-80
5916,det2x2.m,79.63,60,89.47,75,100.0,73.68,70-80
5917,det3x3.m,74.668,60,86.67,60,100.0,66.67,70-80
5918,detachfiles.m,78.088,60,65.22,100,100.0,65.22,70-80
5919,detBG.m,73.728,60,81.82,45,100.0,81.82,70-80
5920,detBGTG.m,70.232,60,84.62,45,100.0,61.54,70-80
5921,detect.m,79.666,100,84.44,45,100.0,68.89,70-80
5922,detect3x3SymmetryGroups.m,77.942,100,67.65,75,100.0,47.06,70-80
5923,detectAndMatchFeatures.m,78.968,100,62.9,90,100.0,41.94,70-80
5924,detectAreaBorders.m,75.0,30,100.0,45,100.0,100.0,70-80
5925,detectAtMost.m,75.852,60,85.19,60,100.0,74.07,70-80
5926,detectChange.m,71.0,60,81.25,45,100.0,68.75,70-80
5927,detectDuplicateRxns.m,76.266,100,62.03,75,100.0,44.3,70-80
5928,detectEdge.m,75.976,100,76.74,45,100.0,58.14,70-80
5929,detectFace.m,76.222,60,83.33,60,100.0,77.78,70-80
5930,detectGridSiteWise.m,70.334,60,50.0,100,100.0,41.67,70-80
5931,detectInImage.m,74.172,100,72.41,45,100.0,53.45,70-80
5932,detection.m,70.738,80,43.85,100,100.0,29.84,70-80
5933,detectionEvent.m,77.884,60,64.71,100,100.0,64.71,70-80
5934,DetectionEventHandle.m,78.154,60,69.23,100,100.0,61.54,70-80
5935,DetectionEventsPlotter.m,74.342,70,58.79,100,100.0,42.92,70-80
5936,DetectionEventsPlotterUI.m,79.31,100,50.0,100,100.0,46.55,70-80
5937,DetectionResultsComputer.m,77.916,80,61.07,100,100.0,48.51,70-80
5938,Detections.m,78.03,100,68.18,75,100.0,46.97,70-80
5939,detectionToTrackAssignment.m,74.586,60,72.41,75,100.0,65.52,70-80
5940,Detection_Recognition_Annotation_script.m,76.726,100,77.27,45,100.0,61.36,70-80
5941,detectkey.m,79.386,60,92.31,60,100.0,84.62,70-80
5942,detectkeydown.m,71.778,60,72.22,60,100.0,66.67,70-80
5943,detectMonotoneSDPObjective.m,71.406,60,74.07,60,100.0,62.96,70-80
5944,detectmuscle.m,77.444,100,59.72,90,100.0,37.5,70-80
5945,detector_wiggle_from_iou_score.m,72.0,30,100.0,30,100.0,100.0,70-80
5946,detect_blob_demo.m,73.186,100,77.91,45,100.0,43.02,70-80
5947,detect_diagold.m,79.4,100,72.0,90,100.0,35.0,70-80
5948,detect_duplicate_walks.m,71.0,60,75.0,45,100.0,75.0,70-80
5949,detect_face.m,76.578,80,68.75,90,100.0,44.14,70-80
5950,detect_faces.m,77.222,100,64.44,75,100.0,46.67,70-80
5951,detect_hiddendelayedconvex_sdp.m,78.956,100,84.78,60,100.0,50.0,70-80
5952,detect_img.m,71.0,60,75.0,45,100.0,75.0,70-80
5953,detect_knapsack.m,79.382,80,72.58,90,100.0,54.33,70-80
5954,detect_lblk.m,77.294,80,78.64,75,100.0,52.83,70-80
5955,detect_negated_binary.m,76.788,60,89.47,45,100.0,89.47,70-80
5956,detect_objects_in_image.m,77.582,100,67.44,60,100.0,60.47,70-80
5957,detect_poselets.m,76.96,80,59.8,100,100.0,45.0,70-80
5958,detect_quadratic_disjoints.m,73.09,60,77.27,60,100.0,68.18,70-80
5959,detect_special_str.m,76.668,60,66.67,90,100.0,66.67,70-80
5960,detect_spikes_bursts.m,79.066,80,73.42,100,100.0,41.91,70-80
5961,detect_swr.m,74.682,70,62.5,100,100.0,40.91,70-80
5962,det_internal.m,79.0,60,75.0,90,100.0,70.0,70-80
5963,det_regularization_v1.m,76.37,100,68.49,75,100.0,38.36,70-80
5964,det_rootn.m,77.272,100,59.09,75,100.0,52.27,70-80
5965,det_surf.m,72.0,30,100.0,30,100.0,100.0,70-80
5966,de_ftab.m,75.924,80,62.46,100,100.0,37.16,70-80
5967,de_ftab_build.m,74.4,70,62.5,100,100.0,39.5,70-80
5968,de_ftab_curv.m,74.47,70,60.92,100,100.0,41.43,70-80
5969,de_ftab_fit.m,72.738,70,55.65,100,100.0,38.04,70-80
5970,de_ftab_fit_exp3.m,72.932,70,55.69,100,100.0,38.97,70-80
5971,de_ftab_fit_sprad.m,76.858,60,89.29,60,100.0,75.0,70-80
5972,de_ftab_inv1.m,77.628,80,64.41,100,100.0,43.73,70-80
5973,de_ftab_invert.m,77.496,80,60.65,100,100.0,46.83,70-80
5974,de_ftab_plot_jac.m,73.706,100,74.51,45,100.0,49.02,70-80
5975,de_ftab_sls.m,78.26,100,53.62,100,100.0,37.68,70-80
5976,de_ftab_s_iter.m,78.214,80,66.31,100,100.0,44.76,70-80
5977,de_pl_denom.m,77.0,60,75.0,75,100.0,75.0,70-80
5978,de_pl_obj.m,78.83,100,70.21,75,100.0,48.94,70-80
5979,de_pl_osps.m,79.252,100,71.88,90,100.0,34.38,70-80
5980,de_poly_eval.m,78.932,80,66.1,100,100.0,48.56,70-80
5981,DE_rand_1.m,75.0,60,75.0,75,100.0,65.0,70-80
5982,DE_rand_2.m,74.272,60,77.27,75,100.0,59.09,70-80
5983,DE_transfer.m,70.244,100,66.67,30,100.0,54.55,70-80
5984,de_wls_dercurv.m,79.08,100,60.92,100,100.0,34.48,70-80
5985,d_ct_profRadio.m,72.714,60,71.43,75,100.0,57.14,70-80
5986,d_func.m,75.142,30,100.0,60,100.0,85.71,70-80
5987,D_ktensor_doc.m,78.582,100,98.39,30,100.0,64.52,70-80
5988,D_local.m,76.53,100,79.25,60,100.0,43.4,70-80
5989,D_Regularization.m,70.08,100,63.51,45,100.0,41.89,70-80
5990,d_star.m,74.008,80,50.19,100,100.0,39.85,70-80
5991,D_TranslatePatches.m,72.252,100,71.88,30,100.0,59.38,70-80
5992,compute_longer.m,65.632,100,65.79,15,100.0,47.37,61-70
5993,count.m,65.666,30,100.0,15,100.0,83.33,61-70
5994,demo_MultiSpeakerBRIR.m,64.728,60,90.91,0,100.0,72.73,61-70
5995,demo_subplot_tight.m,69.666,60,87.5,30,100.0,70.83,61-70
5996,configImgsIR.m,64.286,60,92.86,15,100.0,53.57,61-70
5997,convert_dataset.m,68.756,80,52.78,75,100.0,36.0,61-70
5998,CSPGqaShoreline.m,69.0,30,100.0,15,100.0,100.0,61-70
5999,create_cen_experts_gen.m,67.164,80,60.75,45,100.0,50.07,61-70
6000,dcm2Lie.m,66.428,30,85.71,45,100.0,71.43,61-70
6001,coef_Jacob4_qt_pTop_func_new.m,65.106,100,100.0,15,100.0,10.53,61-70
6002,demCmu35gplvmFgplvm2.m,68.838,100,81.4,0,100.0,62.79,61-70
6003,demCmu35gplvmFgplvm1.m,68.838,100,81.4,0,100.0,62.79,61-70
6004,ComplianceGradientFunction.m,66.668,100,30.56,75,100.0,27.78,61-70
6005,Create_data_train.m,64.2,70,48.75,60,100.0,42.25,61-70
6006,compute_hash_function.m,67.75,60,62.5,60,100.0,56.25,61-70
6007,computeTSResStd.m,68.8,100,64.0,30,100.0,50.0,61-70
6008,compute_llk.m,69.0,30,100.0,15,100.0,100.0,61-70
6009,demoGaussianRBM_Faces.m,62.436,60,82.61,0,100.0,69.57,61-70
6010,create_folder_map.m,64.314,60,73.68,30,100.0,57.89,61-70
6011,colon_operators.m,66.0,30,100.0,0,100.0,100.0,61-70
6012,d2r.m,68.332,30,83.33,45,100.0,83.33,61-70
6013,ComputeIntersectionPoints.m,65.0,60,83.33,15,100.0,66.67,61-70
6014,CylBC2D.m,69.53,100,67.65,30,100.0,50.0,61-70
6015,compass_plot.m,62.0,30,100.0,0,100.0,80.0,61-70
6016,delete_path.m,68.334,30,88.89,45,100.0,77.78,61-70
6017,config_contDynamics_conform.m,69.6,100,76.0,30,100.0,42.0,61-70
6018,composePolys.m,66.0,60,70.0,45,100.0,55.0,61-70
6019,compressShape_mat.m,61.668,30,66.67,45,100.0,66.67,61-70
6020,descent_performance.m,69.004,80,63.85,45,100.0,56.17,61-70
6021,complainif_toomanyargs.m,63.89,30,77.78,45,100.0,66.67,61-70
6022,CreateMatrixFromPrimaries_xy.m,61.636,60,72.73,30,100.0,45.45,61-70
6023,delta2tr.m,69.0,30,100.0,15,100.0,100.0,61-70
6024,create_data_noisy_L2.m,69.0,30,100.0,15,100.0,100.0,61-70
6025,datasetconv.m,68.332,30,83.33,45,100.0,83.33,61-70
6026,demo_code.m,69.298,100,72.53,30,100.0,43.96,61-70
6027,deepBelNetDemo.m,65.77,60,80.77,15,100.0,73.08,61-70
6028,dbDivision.m,61.892,100,78.38,0,100.0,31.08,61-70
6029,costgen.m,64.668,60,66.67,30,100.0,66.67,61-70
6030,Demo_Train_SRMD_x3.m,62.856,60,78.57,15,100.0,60.71,61-70
6031,colorMatchFcn.m,69.606,70,98.63,75,100.0,4.4,61-70
6032,create3DModels.m,67.08,100,62.16,30,100.0,43.24,61-70
6033,demOilLle4.m,67.23,60,76.92,30,100.0,69.23,61-70
6034,cplxdual2D_plots.m,62.344,60,100.0,0,100.0,51.72,61-70
6035,comp_idgt_fac.m,64.554,100,38.3,60,100.0,24.47,61-70
6036,constDhDataOf7R800.m,66.284,30,85.71,30,100.0,85.71,61-70
6037,demo_allMethods.m,68.966,80,67.33,60,100.0,37.5,61-70
6038,cx4.m,69.0,100,62.71,45,100.0,37.29,61-70
6039,convertTXTToStruct.m,68.224,80,62.41,60,100.0,38.71,61-70
6040,demo_BM3DSAPCA.m,69.25,60,81.25,30,100.0,75.0,61-70
6041,ComputeTestExamples.m,62.0,30,75.0,30,100.0,75.0,61-70
6042,cuboid_prm2pts.m,67.0,60,93.33,15,100.0,66.67,61-70
6043,cprintd.m,67.154,60,76.92,45,100.0,53.85,61-70
6044,demo_SOFAvariables.m,67.334,60,80.0,30,100.0,66.67,61-70
6045,d2d.m,69.0,30,100.0,15,100.0,100.0,61-70
6046,CreateLidVelocity.m,69.456,60,63.64,60,100.0,63.64,61-70
6047,Demo_move_CachingFolder_Path.m,68.364,60,90.91,0,100.0,90.91,61-70
6048,decodeAISPosReports2Mat.m,67.0,30,80.0,45,100.0,80.0,61-70
6049,createIntImg.m,64.75,60,62.5,45,100.0,56.25,61-70
6050,DeJong_f3.m,69.0,30,100.0,15,100.0,100.0,61-70
6051,DegradeBlocks.m,65.0,30,100.0,15,100.0,80.0,61-70
6052,crand.m,69.0,30,100.0,15,100.0,100.0,61-70
6053,demo_rcnn.m,61.0,30,100.0,0,100.0,75.0,61-70
6054,dcti.m,61.74,60,59.26,45,100.0,44.44,61-70
6055,demopanel_callback.m,67.092,60,72.73,30,100.0,72.73,61-70
6056,covcma.m,69.0,60,66.67,60,100.0,58.33,61-70
6057,convectionTermSpherical1D.m,63.57,60,82.14,15,100.0,60.71,61-70
6058,covcond.m,63.716,60,64.29,30,100.0,64.29,61-70
6059,custom_current_profile.m,67.272,80,59.65,45,100.0,51.71,61-70
6060,compute_comparison_matrix.m,64.636,60,68.18,45,100.0,50.0,61-70
6061,computeDegVisAngle_gui.m,61.898,60,68.97,15,100.0,65.52,61-70
6062,dem_box_cal.m,66.036,100,47.37,60,100.0,22.81,61-70
6063,CreateBadge.m,69.696,60,82.61,45,100.0,60.87,61-70
6064,compilePyrTools.m,62.0,30,100.0,0,100.0,80.0,61-70
6065,cvx_s_complex.m,69.5,30,100.0,30,100.0,87.5,61-70
6066,constructPathwayFromCelldesigner.m,64.068,70,47.35,75,100.0,27.99,61-70
6067,compare_five_algorithms_dynamic_large_sclae_LOS_scenario.m,64.734,100,56.96,30,100.0,36.71,61-70
6068,ctd_cleanup2.m,64.622,100,72.97,15,100.0,35.14,61-70
6069,denoise_bm3d.m,64.25,60,68.75,30,100.0,62.5,61-70
6070,curvature_test.m,61.23,60,76.92,0,100.0,69.23,61-70
6071,columnize.m,69.0,30,100.0,15,100.0,100.0,61-70
6072,coef_f_q_sym_hand_eye_func_new.m,65.874,80,100.0,30,100.0,19.37,61-70
6073,Cost_DataTermAL.m,69.0,30,100.0,15,100.0,100.0,61-70
6074,contrast_filter_thresh_Callback.m,69.0,30,100.0,15,100.0,100.0,61-70
6075,connectivity_features_ALL.m,65.562,80,67.16,45,100.0,35.65,61-70
6076,conKnlGphMiss.m,68.986,80,43.28,90,100.0,31.65,61-70
6077,cprintdn.m,65.614,60,76.92,45,100.0,46.15,61-70
6078,DE_current_to_rand_1.m,64.428,60,71.43,30,100.0,60.71,61-70
6079,demo_SVM.m,67.508,100,74.65,15,100.0,47.89,61-70
6080,deg2dim.m,64.0,30,80.0,30,100.0,80.0,61-70
6081,demo_Taylor_series_algo.m,68.912,80,65.36,60,100.0,39.2,61-70
6082,demo_BMM.m,65.714,100,76.19,0,100.0,52.38,61-70
6083,createHypotrochoid.m,63.856,60,61.9,45,100.0,52.38,61-70
6084,comp_gabmixdual_fac.m,61.572,60,71.43,30,100.0,46.43,61-70
6085,demo_refinenet_train_reduce_learning_rate.m,64.952,80,48.03,60,100.0,36.73,61-70
6086,demo_ge_folder.m,66.742,100,62.9,45,100.0,25.81,61-70
6087,create_HS.m,63.714,60,66.67,30,100.0,61.9,61-70
6088,DEMO_febio_0020_vessel_balloon_inflate.m,69.712,70,65.56,75,100.0,38.0,61-70
6089,defineAnonDvh.m,65.4,60,100.0,15,100.0,52.0,61-70
6090,create_system.m,68.276,80,61.07,60,100.0,40.31,61-70
6091,demoProjPointOnCircle3d.m,68.368,60,73.68,45,100.0,63.16,61-70
6092,demo_edges.m,69.836,100,69.86,30,100.0,49.32,61-70
6093,curateMitochMembraneComp.m,69.91,80,63.58,60,100.0,45.97,61-70
6094,convertBb_Y1X1Y2X2_to_X1Y1WH.m,66.334,60,75.0,30,100.0,66.67,61-70
6095,CPD_to_CPT.m,69.0,30,100.0,15,100.0,100.0,61-70
6096,DEMO_pwPoly2.m,62.778,60,77.78,15,100.0,61.11,61-70
6097,config_controllers_hsv.m,63.45,80,47.42,60,100.0,29.83,61-70
6098,demo_profiler_prediction_lorenz.m,63.232,100,62.79,15,100.0,38.37,61-70
6099,demo_kpca_knn.m,63.818,60,86.36,0,100.0,72.73,61-70
6100,compute_AP_multiCam_multi.m,69.412,100,50.59,60,100.0,36.47,61-70
6101,demo_mediation.m,61.666,60,75.0,15,100.0,58.33,61-70
6102,dB2w.m,69.0,30,100.0,15,100.0,100.0,61-70
6103,delayDopplerPlotNBPulseDop.m,69.35,100,61.4,45,100.0,40.35,61-70
6104,d02_SampleData.m,61.0,30,87.5,0,100.0,87.5,61-70
6105,createTreeView.m,61.75,60,62.5,30,100.0,56.25,61-70
6106,Date2Cell.m,68.428,60,60.71,75,100.0,46.43,61-70
6107,data_dir_base.m,64.0,30,80.0,30,100.0,80.0,61-70
6108,corners.m,68.666,30,100.0,30,100.0,83.33,61-70
6109,defaultColorCD.m,69.716,60,64.29,60,100.0,64.29,61-70
6110,cummErrorCurve.m,63.5,60,56.25,45,100.0,56.25,61-70
6111,connectivityEvidence.m,65.692,60,69.23,30,100.0,69.23,61-70
6112,define_biff.m,62.264,100,86.79,0,100.0,24.53,61-70
6113,Cu.m,69.216,80,72.39,75,100.0,18.69,61-70
6114,coupledVanDerPol1.m,63.456,60,72.73,30,100.0,54.55,61-70
6115,composeAffine.m,69.666,60,83.33,30,100.0,75.0,61-70
6116,crbf_warp_pts.m,69.0,30,100.0,15,100.0,100.0,61-70
6117,curateRxnAssoc.m,62.77,60,84.62,0,100.0,69.23,61-70
6118,demo7.m,63.966,60,79.31,15,100.0,65.52,61-70
6119,dct2.m,69.0,30,100.0,15,100.0,100.0,61-70
6120,compare_startup.m,61.232,60,73.08,0,100.0,73.08,61-70
6121,conjugate_dir_gausspts_till_6moment_scheme2.m,66.918,80,47.66,75,100.0,31.93,61-70
6122,cr_train_list.m,67.764,100,61.76,30,100.0,47.06,61-70
6123,compile_cpp_files.m,69.0,30,100.0,15,100.0,100.0,61-70
6124,dcopf.m,62.332,30,83.33,15,100.0,83.33,61-70
6125,ColorCorrection.m,63.0,60,55.0,45,100.0,55.0,61-70
6126,compile_all.m,66.0,100,53.23,30,100.0,46.77,61-70
6127,demRobotWirelessFgplvm1.m,65.692,60,69.23,30,100.0,69.23,61-70
6128,curateModelSubsystems.m,66.0,60,76.0,30,100.0,64.0,61-70
6129,compare_ch.m,67.302,80,59.44,45,100.0,52.07,61-70
6130,ConvLDRvtoLDRi.m,63.0,30,70.0,45,100.0,70.0,61-70
6131,create_2d_image_downsample_matrix.m,63.714,60,71.43,30,100.0,57.14,61-70
6132,copyStruct.m,69.284,30,85.71,45,100.0,85.71,61-70
6133,demo_noiseAR1.m,69.52,100,64.94,45,100.0,37.66,61-70
6134,demo_lin2D.m,64.57,100,77.14,0,100.0,45.71,61-70
6135,comp_distortion_oulu.m,65.38,60,62.07,60,100.0,44.83,61-70
6136,Correlated_Normalisation.m,64.528,60,58.82,45,100.0,58.82,61-70
6137,createIcosahedron.m,69.0,100,72.5,30,100.0,42.5,61-70
6138,dblquadvec.m,65.616,60,61.54,45,100.0,61.54,61-70
6139,data_paths.m,66.546,60,90.91,0,100.0,81.82,61-70
6140,cotmatrix_embedded.m,67.556,30,100.0,30,100.0,77.78,61-70
6141,demo4.m,64.856,60,85.71,0,100.0,78.57,61-70
6142,deconvlucy_intens.m,68.692,60,69.23,45,100.0,69.23,61-70
6143,create_restrictions_and_markov_chains0.m,65.826,60,95.65,30,100.0,43.48,61-70
6144,compute_state_deriv.m,64.154,60,69.23,30,100.0,61.54,61-70
6145,constructheaderstring.m,69.328,80,48.53,75,100.0,43.11,61-70
6146,default_psd_estimator.m,65.332,30,83.33,30,100.0,83.33,61-70
6147,cReconBW.m,67.666,60,75.0,45,100.0,58.33,61-70
6148,compute_centroids.m,66.112,30,77.78,45,100.0,77.78,61-70
6149,Demo_fog_simulation_Cityscapes.m,66.2,100,62.0,30,100.0,39.0,61-70
6150,convert_lsc_map_to_linelet_set.m,62.0,30,75.0,30,100.0,75.0,61-70
6151,cycprob.m,64.81,60,71.43,45,100.0,47.62,61-70
6152,demo_trainTest.m,67.014,80,67.74,45,100.0,42.33,61-70
6153,convert_N3D_SN3D.m,69.306,60,65.38,75,100.0,46.15,61-70
6154,create_random_qp.m,63.408,100,57.41,30,100.0,29.63,61-70
6155,CS4300_A2_report.m,68.39,100,51.39,60,100.0,30.56,61-70
6156,delta_kernel.m,65.616,60,61.54,45,100.0,61.54,61-70
6157,DEM_demo_Gabor.m,68.118,100,63.24,45,100.0,32.35,61-70
6158,computeEMLoglik.m,67.092,60,72.73,30,100.0,72.73,61-70
6159,compile_debug_vacuity.m,66.0,30,100.0,0,100.0,100.0,61-70
6160,ctf_read.m,69.758,60,62.07,75,100.0,51.72,61-70
6161,computeAllModelChoice_HN.m,68.526,60,84.21,30,100.0,68.42,61-70
6162,corn_kernel_q.m,64.0,30,80.0,30,100.0,80.0,61-70
6163,computeImagesGui.m,69.0,60,66.67,60,100.0,58.33,61-70
6164,delta.m,64.5,30,87.5,30,100.0,75.0,61-70
6165,demo_regression1.m,66.346,80,64.19,45,100.0,42.54,61-70
6166,daizu1.m,64.308,60,84.62,0,100.0,76.92,61-70
6167,derivchoice_Callback.m,66.5,30,100.0,15,100.0,87.5,61-70
6168,Demo_demosaiking.m,69.828,80,63.64,45,100.0,60.5,61-70
6169,cplexlsqnonnegqcp.m,69.0,30,100.0,15,100.0,100.0,61-70
6170,demoPolygonCentroids.m,62.274,60,72.73,15,100.0,63.64,61-70
6171,demo_figure3.m,61.57,100,66.67,0,100.0,41.18,61-70
6172,component_selection.m,64.0,30,80.0,30,100.0,80.0,61-70
6173,computeModelCoefficients_Aerts.m,69.764,60,82.35,30,100.0,76.47,61-70
6174,default_method_config.m,65.692,60,69.23,30,100.0,69.23,61-70
6175,createGraphicsStructures.m,61.668,60,66.67,15,100.0,66.67,61-70
6176,comp_gabreassign.m,68.58,100,67.74,30,100.0,45.16,61-70
6177,convnfft_install.m,68.334,30,88.89,45,100.0,77.78,61-70
6178,codingConventions.m,66.0,30,100.0,0,100.0,100.0,61-70
6179,config_preset_group_cell.m,69.004,70,40.91,100,100.0,34.11,61-70
6180,ComplianceDescriptor.m,65.82,60,54.55,60,100.0,54.55,61-70
6181,comp_distortion.m,62.6,60,56.0,45,100.0,52.0,61-70
6182,defineAnonStructurearray.m,69.0,30,100.0,15,100.0,100.0,61-70
6183,demo_tracking.m,62.778,60,72.22,15,100.0,66.67,61-70
6184,decomposeFloat.m,68.298,100,56.14,45,100.0,40.35,61-70
6185,crossJ.m,66.232,60,53.85,75,100.0,42.31,61-70
6186,compute_A_and_b_Gauss_Newton.m,63.758,60,75.86,45,100.0,37.93,61-70
6187,demo_ge_point_new.m,64.538,100,65.38,15,100.0,42.31,61-70
6188,defopt_erps.m,68.334,60,91.67,15,100.0,75.0,61-70
6189,ComplexRadiationPatternUV.m,69.284,30,85.71,45,100.0,85.71,61-70
6190,delete_all_Callback.m,66.5,30,100.0,15,100.0,87.5,61-70
6191,count_10_cycles_V.m,69.096,100,62.9,60,100.0,22.58,61-70
6192,deg2dms.m,68.694,60,84.62,45,100.0,53.85,61-70
6193,compensate_headphone.m,69.832,60,70.83,60,100.0,58.33,61-70
6194,compute_cmc.m,66.284,30,85.71,30,100.0,85.71,61-70
6195,compose_motion.m,61.644,100,57.63,15,100.0,35.59,61-70
6196,ComputingTopOpt.m,67.412,60,76.47,30,100.0,70.59,61-70
6197,convert_line_segment2BoType.m,62.21,60,73.68,30,100.0,47.37,61-70
6198,createNewHumanBiomassRxn.m,68.136,80,61.06,45,100.0,54.62,61-70
6199,Convertion.m,69.112,30,77.78,60,100.0,77.78,61-70
6200,data_embedding.m,64.0,60,80.0,0,100.0,80.0,61-70
6201,defineAnonImportlog.m,69.0,30,100.0,15,100.0,100.0,61-70
6202,dBm2Watt.m,69.0,30,100.0,15,100.0,100.0,61-70
6203,computeSum.m,68.332,30,83.33,45,100.0,83.33,61-70
6204,CTRNN_Cartpole_reach_short.m,67.174,60,86.96,15,100.0,73.91,61-70
6205,convectionTerm1D.m,63.148,60,81.48,15,100.0,59.26,61-70
6206,complexNormalAngle.m,69.886,80,37.9,100,100.0,31.53,61-70
6207,colbasis.m,61.0,30,80.0,15,100.0,80.0,61-70
6208,demo_rot.m,63.428,60,85.71,0,100.0,71.43,61-70
6209,compute_extrinsic.m,67.952,100,51.19,60,100.0,28.57,61-70
6210,current_dipole.m,64.0,60,65.0,45,100.0,50.0,61-70
6211,contourf.m,66.572,30,71.43,60,100.0,71.43,61-70
6212,criteria4momentarybci.m,69.54,80,53.7,60,100.0,54.0,61-70
6213,demFourWalks1.m,69.474,100,78.95,0,100.0,68.42,61-70
6214,colorbars.m,67.092,60,81.82,30,100.0,63.64,61-70
6215,compute_crossover.m,65.5,100,50.0,45,100.0,32.5,61-70
6216,cvecrep.m,65.54,60,53.85,60,100.0,53.85,61-70
6217,CTRNN_Cartpole_reach.m,67.174,60,86.96,15,100.0,73.91,61-70
6218,create_2d_bilinear_interp_matrix.m,69.742,100,53.23,60,100.0,35.48,61-70
6219,convertLineImg23D.m,69.0,30,100.0,15,100.0,100.0,61-70
6220,create_pattern_fcn.m,69.43,60,92.86,30,100.0,64.29,61-70
6221,demo_olcdl_sgd_msk.m,69.332,100,72.22,30,100.0,44.44,61-70
6222,convectionTerm3D.m,68.454,100,92.42,15,100.0,34.85,61-70
6223,cp_grayFusion.m,69.142,30,100.0,30,100.0,85.71,61-70
6224,d18_ArbitraryAxisOfRotation.m,64.0,100,65.0,15,100.0,40.0,61-70
6225,countTestOutcomes.m,69.0,30,100.0,15,100.0,100.0,61-70
6226,CstDefineHfieldMonitor.m,68.0,60,81.25,30,100.0,68.75,61-70
6227,contour_edges.m,63.334,60,66.67,30,100.0,60.0,61-70
6228,corrmap_plot_v1.m,69.314,70,41.31,100,100.0,35.26,61-70
6229,deselect.m,61.668,30,66.67,45,100.0,66.67,61-70
6230,cos4.m,64.0,60,70.0,30,100.0,60.0,61-70
6231,compute_F1.m,65.058,60,76.47,30,100.0,58.82,61-70
6232,dehaze.m,69.0,100,55.88,45,100.0,44.12,61-70
6233,demo8.m,65.5,100,77.5,0,100.0,50.0,61-70
6234,demo_poselets.m,69.538,60,80.77,30,100.0,76.92,61-70
6235,convertKaldiNetworks2Mat.m,69.75,60,75.0,45,100.0,68.75,61-70
6236,configSeqs.m,68.614,100,94.74,15,100.0,33.33,61-70
6237,demo_mlm_priors.m,68.728,100,65.91,30,100.0,47.73,61-70
6238,compute_much_longer.m,65.354,100,64.71,15,100.0,47.06,61-70
6239,detectHighlyTransparent.m,64.154,60,76.92,30,100.0,53.85,61-70
6240,demo_sinewave2.m,64.23,60,80.77,15,100.0,65.38,61-70
6241,compute_boundingbox.m,65.272,60,90.91,30,100.0,45.45,61-70
6242,compute_extrinsic_init_fisheye.m,67.852,80,52.1,75,100.0,32.16,61-70
6243,datasetsToolboxes.m,66.0,30,100.0,0,100.0,100.0,61-70
6244,ctestfun.m,65.91,60,81.82,15,100.0,72.73,61-70
6245,CPH_learn.m,62.6,60,60.0,45,100.0,48.0,61-70
6246,dataLength.m,64.0,30,80.0,30,100.0,80.0,61-70
6247,config_tracker.m,69.244,100,100.0,30,100.0,16.22,61-70
6248,demo_build_hdr_raw.m,62.0,60,79.17,0,100.0,70.83,61-70
6249,demClassificationTwoIvm1.m,69.87,100,58.7,45,100.0,45.65,61-70
6250,combine_2filt_v001.m,68.556,100,75.0,15,100.0,52.78,61-70
6251,demCmu35gplvm4.m,68.57,100,83.67,0,100.0,59.18,61-70
6252,compute_angle_dist.m,66.234,60,82.35,30,100.0,58.82,61-70
6253,count_10_cycles_I.m,69.096,100,62.9,60,100.0,22.58,61-70
6254,copy_proc_das.m,69.58,60,78.95,30,100.0,78.95,61-70
6255,costwfixed.m,63.0,100,59.52,15,100.0,40.48,61-70
6256,compressMF.m,62.332,30,83.33,15,100.0,83.33,61-70
6257,create_body_model.m,67.764,80,71.32,45,100.0,42.5,61-70
6258,computeTCircFromMultipleScans.m,68.5,60,75.0,45,100.0,62.5,61-70
6259,compute_GD_feat.m,63.068,60,58.62,45,100.0,51.72,61-70
6260,compactSigmoid.m,65.0,30,75.0,45,100.0,75.0,61-70
6261,DEMO_abaqus_0003_cylinder_inflate.m,68.112,70,55.56,75,100.0,40.0,61-70
6262,creat_points.m,66.0,30,100.0,0,100.0,100.0,61-70
6263,delayDopplerRateCRLBLFMApprox.m,69.0,100,58.62,45,100.0,41.38,61-70
6264,Constant_LineSearchInitiator.m,67.952,60,52.38,75,100.0,52.38,61-70
6265,convertIndexList.m,69.0,30,100.0,15,100.0,100.0,61-70
6266,demopanel9.m,64.836,80,47.46,60,100.0,36.72,61-70
6267,dbm2vpp.m,68.332,30,83.33,45,100.0,83.33,61-70
6268,coef_Jacob2_qt_pnp_func_new.m,65.352,100,100.0,15,100.0,11.76,61-70
6269,col2diag.m,63.716,60,64.29,30,100.0,64.29,61-70
6270,DEMO_6_ODE_solve.m,66.548,100,77.42,15,100.0,40.32,61-70
6271,coef_Jacob2_qt_hand_eye_func_new.m,68.564,100,100.0,30,100.0,12.82,61-70
6272,demCmu35gplvm3.m,68.57,100,83.67,0,100.0,59.18,61-70
6273,demGpTwoSampleLifsh.m,61.53,60,70.59,30,100.0,47.06,61-70
6274,demo_significance_test.m,68.77,100,59.77,45,100.0,39.08,61-70
6275,ConvertRGBtosRGB.m,65.778,60,72.22,30,100.0,66.67,61-70
6276,colourNode.m,67.154,70,37.25,100,100.0,28.52,61-70
6277,demo_audio_separation.m,69.414,100,68.29,30,100.0,48.78,61-70
6278,demo_bter_comparison.m,67.166,60,83.33,30,100.0,62.5,61-70
6279,computeLvlhCurviPos.m,69.158,100,64.91,30,100.0,50.88,61-70
6280,CurvedCNSRHS2D.m,69.314,80,71.57,30,100.0,65.0,61-70
6281,config_sift.m,67.94,60,82.35,15,100.0,82.35,61-70
6282,create_clinician_policy.m,63.856,60,57.14,45,100.0,57.14,61-70
6283,config_preset.m,69.938,70,39.36,100,100.0,40.33,61-70
6284,denormdata.m,69.284,30,85.71,45,100.0,85.71,61-70
6285,curateATPmetabolism.m,68.332,100,52.22,45,100.0,44.44,61-70
6286,create_cen_experts_sparse.m,66.704,80,64.93,45,100.0,43.59,61-70
6287,copy2figure.m,69.926,60,77.78,60,100.0,51.85,61-70
6288,demo_sds.m,67.6,60,80.0,30,100.0,68.0,61-70
6289,cp2s2f.m,64.29,100,67.74,15,100.0,38.71,61-70
6290,demo_face.m,61.57,60,60.71,30,100.0,57.14,61-70
6291,demoGeom3d.m,65.676,100,62.9,30,100.0,35.48,61-70
6292,demo_General.m,65.332,60,85.71,0,100.0,80.95,61-70
6293,CopyCluster.m,62.0,30,80.0,30,100.0,70.0,61-70
6294,complexSpec2wav.m,66.0,30,90.0,30,100.0,80.0,61-70
6295,colfunc.m,69.0,30,100.0,15,100.0,100.0,61-70
6296,datasetPlot.m,67.222,60,83.33,15,100.0,77.78,61-70
6297,config_linespecs.m,62.0,60,93.33,30,100.0,26.67,61-70
6298,Collect_JANUS_imgs.m,69.572,100,62.86,45,100.0,40.0,61-70
6299,demOilFgplvm9.m,69.666,60,73.33,45,100.0,70.0,61-70
6300,demo_predict_mscale_cityscapes.m,69.128,80,50.8,75,100.0,39.84,61-70
6301,compute_epipole.m,66.308,100,50.0,45,100.0,36.54,61-70
6302,demCmu35gplvmFgplvm3.m,68.838,100,81.4,0,100.0,62.79,61-70
6303,comp_col2diag.m,64.0,30,80.0,30,100.0,80.0,61-70
6304,demo_ge_plot.m,61.956,60,78.26,15,100.0,56.52,61-70
6305,countFrequency.m,64.156,60,57.89,45,100.0,57.89,61-70
6306,comment.m,66.0,30,100.0,0,100.0,100.0,61-70
6307,demo_predict_mscale_person_parts.m,69.028,80,50.8,75,100.0,39.34,61-70
6308,DesignVarMonitor_LevelSet_3D.m,65.0,30,75.0,45,100.0,75.0,61-70
6309,comp_dgt_fb.m,64.334,100,47.92,30,100.0,43.75,61-70
6310,demo_gen_twa_ecg.m,63.0,30,90.0,15,100.0,80.0,61-70
6311,conKnlGphKD.m,62.692,60,76.92,15,100.0,61.54,61-70
6312,corr_vech.m,68.334,30,88.89,45,100.0,77.78,61-70
6313,default_finish_function.m,69.0,30,100.0,15,100.0,100.0,61-70
6314,defopt_scalp_erp.m,68.044,60,95.65,15,100.0,69.57,61-70
6315,coef_Jacob3_qt_hand_eye_func_new.m,68.564,100,100.0,30,100.0,12.82,61-70
6316,createGenericFaceModel.m,65.054,80,36.27,45,100.0,64.0,61-70
6317,delaunay_sphere.m,67.364,60,68.18,45,100.0,63.64,61-70
6318,demo_FastEMD_compute.m,61.668,60,66.67,15,100.0,66.67,61-70
6319,CurvedDGDiv2D.m,68.828,60,68.97,60,100.0,55.17,61-70
6320,demRobotWireless4.m,67.222,100,69.44,0,100.0,66.67,61-70
6321,convert_im_scale_to_rgb.m,63.106,60,68.42,45,100.0,42.11,61-70
6322,cropShoulder.m,69.0,30,100.0,15,100.0,100.0,61-70
6323,definecreationtime.m,69.0,30,100.0,15,100.0,100.0,61-70
6324,computeADOP.m,65.332,30,83.33,30,100.0,83.33,61-70
6325,daizu3.m,63.778,30,100.0,0,100.0,88.89,61-70
6326,convexhullGeneral.m,67.63,60,89.47,15,100.0,73.68,61-70
6327,detectmult.m,67.0,60,54.17,75,100.0,45.83,61-70
6328,computeVelCoeffsMtx.m,66.216,60,73.91,45,100.0,52.17,61-70
6329,comp_dgt_long.m,61.154,60,69.23,15,100.0,61.54,61-70
6330,Deconvolue.m,63.858,60,66.67,45,100.0,47.62,61-70
6331,ConfigPath2.m,65.144,60,71.43,30,100.0,64.29,61-70
6332,ComputeUnconditionedPairFeatures.m,68.446,60,66.67,60,100.0,55.56,61-70
6333,demo2DDataAssociation.m,67.024,80,56.58,60,100.0,38.54,61-70
6334,computeGrad.m,69.25,60,87.5,30,100.0,68.75,61-70
6335,dat2gaus.m,69.0,30,100.0,15,100.0,100.0,61-70
6336,demopanelK.m,66.784,100,46.38,60,100.0,27.54,61-70
6337,csi2batch.m,67.092,60,72.73,30,100.0,72.73,61-70
6338,computeApogeePerigee.m,67.0,30,100.0,30,100.0,75.0,61-70
6339,copy.m,64.092,60,90.91,15,100.0,54.55,61-70
6340,demOilLle3.m,67.23,60,76.92,30,100.0,69.23,61-70
6341,demoImageGraphs.m,62.274,60,72.73,15,100.0,63.64,61-70
6342,create_restrictions_and_markov_chains4.m,64.0,30,80.0,30,100.0,80.0,61-70
6343,detCGTG.m,69.8,60,84.0,45,100.0,60.0,61-70
6344,d01_CreateGeometry.m,68.582,100,70.97,30,100.0,41.94,61-70
6345,compile_kernels.m,63.456,60,63.64,30,100.0,63.64,61-70
6346,comp_idgtreal_fac.m,65.196,100,39.18,60,100.0,26.8,61-70
6347,conditionalEntropy.m,63.182,60,86.36,15,100.0,54.55,61-70
6348,cooper_yoo.m,67.036,100,65.52,30,100.0,39.66,61-70
6349,compute_normalize.m,68.91,60,81.82,30,100.0,72.73,61-70
6350,CollisionTest.m,66.384,60,80.77,45,100.0,46.15,61-70
6351,conv_layer_1d.m,68.964,80,53.04,75,100.0,36.78,61-70
6352,demoConjugatePriorEstimation.m,66.23,80,67.38,30,100.0,53.77,61-70
6353,copy_object.m,69.446,100,41.67,75,100.0,30.56,61-70
6354,ColorMapsShow.m,69.754,100,69.81,45,100.0,33.96,61-70
6355,computeJGConstraints.m,65.0,60,70.0,45,100.0,50.0,61-70
6356,curvelet_fuse.m,68.586,60,79.31,45,100.0,58.62,61-70
6357,computeR1.m,63.112,30,77.78,30,100.0,77.78,61-70
6358,ComputeAdj.m,61.0,60,63.16,45,100.0,36.84,61-70
6359,coraApp.m,65.51,70,31.15,100,100.0,26.4,61-70
6360,DemoGrad.m,64.128,100,66.2,15,100.0,39.44,61-70
6361,ConvolutionLeastSquaresGradientAnalysis.m,61.114,100,52.83,15,100.0,37.74,61-70
6362,demo_astra_2d.m,66.524,80,67.62,15,100.0,70.0,61-70
6363,demStickFgplvm1.m,66.148,60,70.37,30,100.0,70.37,61-70
6364,demo_ssc_mc_omp.m,68.0,60,100.0,0,100.0,80.0,61-70
6365,ctf_channel2eeglab.m,66.332,60,70.83,30,100.0,70.83,61-70
6366,DEM_SOC_paper.m,68.0,60,86.36,30,100.0,63.64,61-70
6367,demo_HRF.m,66.556,100,77.78,15,100.0,40.0,61-70
6368,compile_debug_Boolean2DNF.m,66.0,30,100.0,0,100.0,100.0,61-70
6369,demo_fusion_from_stack.m,64.572,100,71.43,0,100.0,51.43,61-70
6370,demo_SingleRoomSRIR.m,69.724,60,82.76,30,100.0,75.86,61-70
6371,default_name.m,66.608,60,56.52,60,100.0,56.52,61-70
6372,create2dbf.m,63.858,60,71.43,45,100.0,42.86,61-70
6373,detect_obb_collision.m,65.666,100,48.33,60,100.0,20.0,61-70
6374,demSwissRollFullLle2.m,68.91,60,81.82,30,100.0,72.73,61-70
6375,covConst.m,67.704,60,70.37,60,100.0,48.15,61-70
6376,demo_regression_additive2.m,62.308,80,41.54,45,100.0,45.0,61-70
6377,ctf_mri2brainstorm.m,65.636,100,58.18,30,100.0,40.0,61-70
6378,codegen.m,68.222,100,68.52,30,100.0,42.59,61-70
6379,compute_r1_multiCam.m,68.922,100,49.23,60,100.0,35.38,61-70
6380,ctd_correction2.m,69.848,80,57.79,75,100.0,36.45,61-70
6381,delaunayGraph.m,67.25,60,68.75,45,100.0,62.5,61-70
6382,ctf_regions.m,67.684,80,57.06,75,100.0,26.36,61-70
6383,cplexlsqqcp.m,69.0,30,100.0,15,100.0,100.0,61-70
6384,DEMO_bezierFunction.m,63.75,60,75.0,15,100.0,68.75,61-70
6385,comp_irdgt.m,63.714,60,71.43,30,100.0,57.14,61-70
6386,collect_train_subset.m,68.286,60,67.86,60,100.0,53.57,61-70
6387,compute_MAP.m,68.452,100,60.27,45,100.0,36.99,61-70
6388,computeStatistics.m,67.088,60,65.22,45,100.0,65.22,61-70
6389,demo_FastEMD2.m,69.5,100,72.5,30,100.0,45.0,61-70
6390,convert_wavelets2list.m,67.098,80,44.26,75,100.0,36.23,61-70
6391,convolveNN.m,68.2,60,72.0,45,100.0,64.0,61-70
6392,compareobliquemerc.m,63.572,60,71.43,15,100.0,71.43,61-70
6393,CS4300_A_star_Man.m,69.0,30,100.0,15,100.0,100.0,61-70
6394,cplexlsqnonnegmiqcp.m,69.0,30,100.0,15,100.0,100.0,61-70
6395,create_input.m,67.894,100,84.21,0,100.0,55.26,61-70
6396,conv2p.m,69.0,30,100.0,15,100.0,100.0,61-70
6397,compile_FastEMD.m,66.0,30,100.0,0,100.0,100.0,61-70
6398,configure_FNSimple3D.m,61.5,30,100.0,15,100.0,62.5,61-70
6399,CstExportSparametersTXT.m,66.0,30,90.0,30,100.0,80.0,61-70
6400,cplexlsqmilp.m,69.0,30,100.0,15,100.0,100.0,61-70
6401,computeBodyAxesFromAeroAngles.m,65.692,60,76.92,30,100.0,61.54,61-70
6402,demo_UDT.m,69.11,60,83.33,30,100.0,72.22,61-70
6403,correlatedGaussianNoise.m,69.606,100,57.58,45,100.0,45.45,61-70
6404,comp_wfac.m,66.816,100,48.15,60,100.0,25.93,61-70
6405,config_linearSys_reach.m,68.286,100,68.57,30,100.0,42.86,61-70
6406,Compute_Surrogate_Prior.m,64.556,30,88.89,15,100.0,88.89,61-70
6407,ConvertXYZtoYxy.m,66.0,60,67.86,45,100.0,57.14,61-70
6408,create_text_file.m,63.112,30,77.78,30,100.0,77.78,61-70
6409,ConvertRGBtoYUV.m,62.0,60,66.67,30,100.0,53.33,61-70
6410,convexFnHand.m,69.224,100,62.92,45,100.0,38.2,61-70
6411,demoCopulae.m,61.93,80,57.42,45,100.0,27.23,61-70
6412,computeMultiFlyByParameters.m,66.462,60,80.77,30,100.0,61.54,61-70
6413,completeMARxnids.m,68.0,60,70.0,45,100.0,65.0,61-70
6414,ConvertCorrToBestRegRows.m,68.334,30,88.89,45,100.0,77.78,61-70
6415,columnJofN_fh.m,69.0,100,57.14,45,100.0,42.86,61-70
6416,code_MOC.m,69.0,60,73.33,45,100.0,66.67,61-70
6417,CSM.m,66.964,60,59.26,60,100.0,55.56,61-70
6418,defineAnonDeform.m,66.778,30,100.0,15,100.0,88.89,61-70
6419,demoRemoveMeshFaces.m,62.052,100,56.41,0,100.0,53.85,61-70
6420,Connections2Graph.m,61.666,60,71.43,15,100.0,61.9,61-70
6421,demSwissRollFullLle5.m,66.0,30,100.0,0,100.0,100.0,61-70
6422,demo_bbcionline_matlab_feedback.m,62.372,60,85.19,0,100.0,66.67,61-70
6423,costwbfixed.m,63.0,100,54.55,15,100.0,45.45,61-70
6424,ComparingSymmetry.m,68.666,100,68.89,30,100.0,44.44,61-70
6425,computeAccuracyGTEA.m,69.83,100,61.7,30,100.0,57.45,61-70
6426,compute_tranks.m,66.884,60,64.71,45,100.0,64.71,61-70
6427,demo_principal_angles.m,61.6,60,88.0,0,100.0,60.0,61-70
6428,ctf_channel_bad.m,62.21,60,63.16,30,100.0,57.89,61-70
6429,default_psd_plotter.m,67.332,60,73.33,30,100.0,73.33,61-70
6430,demo_sfm.m,62.828,60,68.97,30,100.0,55.17,61-70
6431,cubic_split.m,64.0,30,100.0,30,100.0,60.0,61-70
6432,create_plots.m,67.896,80,77.99,45,100.0,36.49,61-70
6433,colprintf.m,69.6,60,76.0,60,100.0,52.0,61-70
6434,demo_cgalmesher.m,67.904,100,59.52,30,100.0,50.0,61-70
6435,cycleSlip_articifial.m,69.384,60,65.38,60,100.0,61.54,61-70
6436,comp_filterbankphasegrad.m,64.092,60,72.73,15,100.0,72.73,61-70
6437,cornk_kernel_q.m,64.0,30,70.0,60,100.0,60.0,61-70
6438,complex.m,68.332,30,83.33,45,100.0,83.33,61-70
6439,compute_autopilot_gains.m,66.984,100,82.54,0,100.0,52.38,61-70
6440,createSimLmk.m,67.666,60,72.22,45,100.0,61.11,61-70
6441,computeClu.m,67.0,30,80.0,45,100.0,80.0,61-70
6442,curPrototype.m,67.556,30,100.0,30,100.0,77.78,61-70
6443,curateLipidPools.m,65.746,80,59.62,45,100.0,44.11,61-70
6444,computePosterior2D.m,67.25,60,68.75,45,100.0,62.5,61-70
6445,dcm2heading_v000.m,69.0,30,100.0,15,100.0,100.0,61-70
6446,Demo_test_DnCNN3.m,67.98,80,50.99,60,100.0,48.91,61-70
6447,demo_regression_sparse2.m,62.41,80,65.05,0,100.0,67.0,61-70
6448,CS4300_Wumpus_new_state.m,68.482,60,70.37,75,100.0,37.04,61-70
6449,ComputeStripes.m,66.968,70,42.21,90,100.0,32.63,61-70
6450,compare_EKF_UKF_Multilat_TS_Trilat_demo_SportHall_40x20.m,68.76,80,54.34,75,100.0,34.46,61-70
6451,computeWindFrame.m,67.556,30,88.89,30,100.0,88.89,61-70
6452,DataGpsSubframe4Page18.m,67.0,60,95.0,45,100.0,35.0,61-70
6453,configRADIOBUTTON.m,69.882,60,70.59,60,100.0,58.82,61-70
6454,DEMO_rationalBezierCurve.m,68.666,60,80.0,30,100.0,73.33,61-70
6455,compare_multiscale_cluster.m,68.394,100,55.74,60,100.0,26.23,61-70
6456,Compute_N2_dTdz_forChi.m,68.666,60,80.0,30,100.0,73.33,61-70
6457,cplexlsqlin.m,69.0,30,100.0,15,100.0,100.0,61-70
6458,deleteObjectsOutsideFrame.m,69.454,60,68.18,60,100.0,59.09,61-70
6459,cvx_collapse.m,69.0,30,100.0,15,100.0,100.0,61-70
6460,computeAllModelChoice_VASARI_LGG.m,69.578,60,84.21,30,100.0,73.68,61-70
6461,compute_primal.m,67.0,30,80.0,45,100.0,80.0,61-70
6462,CreateOperators_psi.m,65.274,60,72.73,30,100.0,63.64,61-70
6463,d21_ScannerDataLoader.m,62.27,100,45.76,30,100.0,35.59,61-70
6464,demo_IdealVaryinigScale1D.m,66.39,80,52.59,60,100.0,39.36,61-70
6465,copyCERRfilewithBABSseg.m,69.0,60,72.0,45,100.0,68.0,61-70
6466,concatenate_feat.m,64.316,60,68.42,30,100.0,63.16,61-70
6467,controller_cfs_variant.m,66.142,100,55.1,45,100.0,30.61,61-70
6468,compare_filters.m,63.236,60,76.47,15,100.0,64.71,61-70
6469,demCmu35NearestNeighbour.m,68.516,100,72.41,15,100.0,55.17,61-70
6470,computeDerivatives3.m,61.666,60,85.71,15,100.0,47.62,61-70
6471,comp_MFCC.m,69.0,30,100.0,15,100.0,100.0,61-70
6472,cosg.m,64.0,30,80.0,30,100.0,80.0,61-70
6473,cstSlackPower.m,68.286,60,64.29,60,100.0,57.14,61-70
6474,comp_iwfac.m,67.788,100,60.61,45,100.0,33.33,61-70
6475,colorseg2.m,66.0,60,82.14,45,100.0,42.86,61-70
6476,cubeafemdata.m,61.078,60,61.54,30,100.0,53.85,61-70
6477,ConvertLinearSpace.m,66.334,60,66.67,45,100.0,60.0,61-70
6478,compressRR.m,67.728,60,81.82,15,100.0,81.82,61-70
6479,Curvature.m,69.0,30,100.0,15,100.0,100.0,61-70
6480,defineAnonBeams.m,69.796,80,85.98,15,100.0,68.0,61-70
6481,defaultpython.m,61.668,30,66.67,45,100.0,66.67,61-70
6482,demGpTwoSampleEB.m,64.25,60,75.0,30,100.0,56.25,61-70
6483,demo_imRAG_coins.m,67.782,100,57.32,45,100.0,36.59,61-70
6484,configpanelREQUEST.m,66.014,80,63.86,45,100.0,41.21,61-70
6485,degradation_model.m,63.384,60,65.38,30,100.0,61.54,61-70
6486,demo_CSM.m,66.0,30,100.0,0,100.0,100.0,61-70
6487,configImgsVI.m,64.286,60,92.86,15,100.0,53.57,61-70
6488,detect_creaky_voice.m,64.23,60,76.92,15,100.0,69.23,61-70
6489,conf2mahal.m,69.0,30,100.0,15,100.0,100.0,61-70
6490,DEMO_pwPoly5.m,64.63,60,88.89,15,100.0,59.26,61-70
6491,computeModelCoefficientsTime_Aerts.m,68.0,60,77.78,30,100.0,72.22,61-70
6492,defineBus_HighVoltage.m,63.668,60,91.67,0,100.0,66.67,61-70
6493,convertCartesianToSpherical.m,67.23,60,76.92,30,100.0,69.23,61-70
6494,coeftq3_hand_eye_func_new.m,63.714,60,100.0,30,100.0,28.57,61-70
6495,DensityFromVademecum.m,67.69,60,55.17,75,100.0,48.28,61-70
6496,crop_bg.m,67.0,60,95.0,30,100.0,50.0,61-70
6497,demo_ge_groundoverlay.m,62.274,60,72.73,15,100.0,63.64,61-70
6498,createIndexVector.m,69.236,60,76.47,45,100.0,64.71,61-70
6499,compileFastAUC.m,67.666,60,71.43,45,100.0,61.9,61-70
6500,cvx_replicate_structure.m,66.112,60,100.0,15,100.0,55.56,61-70
6501,compare_ch_p2c.m,67.486,80,63.69,45,100.0,48.74,61-70
6502,computeUVN.m,68.692,60,76.92,45,100.0,61.54,61-70
6503,copy_model_weights.m,64.332,60,58.33,45,100.0,58.33,61-70
6504,colorTest.m,64.856,100,58.57,30,100.0,35.71,61-70
6505,compressSpH.m,65.588,60,76.47,15,100.0,76.47,61-70
6506,CreateObservSeqMar1.m,65.538,60,61.54,60,100.0,46.15,61-70
6507,Demonstration_of_papers_DNN_regression.m,63.522,80,63.54,30,100.0,44.07,61-70
6508,compressDSH.m,64.668,60,66.67,30,100.0,66.67,61-70
6509,ConvertMatlabMoviesToTiff.m,62.666,60,62.5,45,100.0,45.83,61-70
6510,contsine.m,69.778,30,100.0,30,100.0,88.89,61-70
6511,computeLTIs.m,64.744,70,61.61,45,100.0,47.11,61-70
6512,cvx_s_scaled_identity.m,69.0,30,100.0,15,100.0,100.0,61-70
6513,CTRNN_FPA_short.m,67.174,60,86.96,15,100.0,73.91,61-70
6514,create3DgaussianEllipsoid.m,65.0,60,75.0,30,100.0,60.0,61-70
6515,compute3dOcc_eval.m,62.468,80,75.32,30,100.0,27.02,61-70
6516,cordBoxFlip.m,67.5,30,87.5,45,100.0,75.0,61-70
6517,depends.m,62.334,30,100.0,15,100.0,66.67,61-70
6518,Controller.m,62.286,60,64.29,30,100.0,57.14,61-70
6519,computeW.m,63.284,30,85.71,15,100.0,85.71,61-70
6520,dbTokyo247.m,68.614,60,65.38,60,100.0,57.69,61-70
6521,convexplpiccis.m,66.928,100,66.07,15,100.0,53.57,61-70
6522,currentlyOpenFile.m,62.332,60,53.33,45,100.0,53.33,61-70
6523,ConstraintNull.m,69.112,30,77.78,60,100.0,77.78,61-70
6524,coinBayesFactorDemo.m,66.0,30,100.0,0,100.0,100.0,61-70
6525,cvx_pop.m,69.0,30,100.0,15,100.0,100.0,61-70
6526,correctMetName.m,61.952,60,52.38,45,100.0,52.38,61-70
6527,D_func_pTop_new.m,64.914,100,100.0,15,100.0,9.57,61-70
6528,costFun.m,64.0,30,80.0,30,100.0,80.0,61-70
6529,completeInitial.m,64.45,60,68.97,45,100.0,48.28,61-70
6530,cumLeapSec.m,67.0,30,80.0,45,100.0,80.0,61-70
6531,concat_2net.m,67.556,30,100.0,30,100.0,77.78,61-70
6532,controllerX.m,67.722,100,75.0,15,100.0,48.61,61-70
6533,demProbit1.m,69.0,100,58.7,45,100.0,41.3,61-70
6534,configMethod.m,66.518,60,68.97,45,100.0,58.62,61-70
6535,covLINone.m,66.858,60,71.43,60,100.0,42.86,61-70
6536,computeNumericalGradient.m,65.706,60,70.59,45,100.0,52.94,61-70
6537,config_hybridAutomaton_reach.m,67.212,100,63.64,30,100.0,42.42,61-70
6538,CtrlEnum.m,67.5,30,87.5,45,100.0,75.0,61-70
6539,demo_grid.m,61.088,60,69.57,15,100.0,60.87,61-70
6540,computeAllModelChoice_LGG.m,69.578,60,84.21,30,100.0,73.68,61-70
6541,demo_tracer.m,65.426,100,60.61,15,100.0,51.52,61-70
6542,colorCellsB.m,66.334,60,66.67,45,100.0,60.0,61-70
6543,ctrWMProbFile.m,66.0,60,66.67,45,100.0,58.33,61-70
6544,CS4300_agent1.m,69.0,30,100.0,15,100.0,100.0,61-70
6545,createStruct.m,68.706,60,64.71,60,100.0,58.82,61-70
6546,comp_dgt_walnut.m,61.876,80,36.45,60,100.0,32.93,61-70
6547,createBasePanel.m,66.302,80,56.62,45,100.0,49.89,61-70
6548,create_one_step_regression_XY.m,67.316,60,78.95,45,100.0,52.63,61-70
6549,demo_ge_colorbar.m,63.0,60,75.0,15,100.0,65.0,61-70
6550,compare_overapproximate_methods.m,68.512,100,65.85,45,100.0,31.71,61-70
6551,cycleFreeFlux.m,69.582,70,41.41,100,100.0,36.5,61-70
6552,demo_bbcionline_apply_SMR_Lap_C34_bp2_adaptation_pmean.m,65.958,100,74.47,0,100.0,55.32,61-70
6553,create_restrictions_and_markov_chains2.m,64.0,30,80.0,30,100.0,80.0,61-70
6554,demo_predict_mscale_voc.m,69.028,80,50.8,75,100.0,39.34,61-70
6555,compute_vertex_face_ring.m,64.75,60,62.5,45,100.0,56.25,61-70
6556,defaultLookMap.m,68.084,80,59.24,60,100.0,41.18,61-70
6557,count_network_parameters.m,62.82,60,54.55,45,100.0,54.55,61-70
6558,defineAnonComment.m,69.0,30,100.0,15,100.0,100.0,61-70
6559,dcmPlot2.m,69.842,100,81.58,15,100.0,52.63,61-70
6560,combine_calib.m,63.556,100,61.11,15,100.0,41.67,61-70
6561,default_plot_stats.m,68.0,60,83.33,30,100.0,66.67,61-70
6562,cuboid_pts2prm.m,61.666,60,73.33,15,100.0,60.0,61-70
6563,countf0.m,61.0,30,70.0,45,100.0,60.0,61-70
6564,ContourPlots.m,62.412,100,52.94,15,100.0,44.12,61-70
6565,demo_neuralnetcov.m,61.78,100,52.44,15,100.0,41.46,61-70
6566,Code_Feb25_Bmodified_Original.m,66.73,70,51.08,75,100.0,37.57,61-70
6567,commutationmatrix.m,64.158,60,68.42,45,100.0,47.37,61-70
6568,deepeaf_demo.m,64.034,100,63.79,15,100.0,41.38,61-70
6569,crossprodw.m,69.0,30,100.0,15,100.0,100.0,61-70
6570,demRobotWireless3.m,66.472,100,67.65,0,100.0,64.71,61-70
6571,dag_remove_except.m,66.112,30,77.78,45,100.0,77.78,61-70
6572,delay_sum_init.m,69.334,60,75.0,45,100.0,66.67,61-70
6573,demoRosenPlot2d.m,62.0,30,100.0,0,100.0,80.0,61-70
6574,csi_plot.m,69.242,100,64.86,30,100.0,51.35,61-70
6575,computeColorAndTextonHistograms.m,65.0,60,81.25,15,100.0,68.75,61-70
6576,computeInertialAeroAnglesFromBodyAxes.m,68.768,60,76.92,30,100.0,76.92,61-70
6577,comp_filterbank_a.m,69.352,100,50.0,60,100.0,36.76,61-70
6578,computeBounds.m,65.2,60,76.0,30,100.0,60.0,61-70
6579,ComputeAcc.m,69.0,60,73.33,45,100.0,66.67,61-70
6580,cool_springCmap.m,68.692,60,76.92,45,100.0,61.54,61-70
6581,DataNormlization.m,63.0,30,70.0,45,100.0,70.0,61-70
6582,CS4300_run_value_iteration.m,69.0,30,100.0,15,100.0,100.0,61-70
6583,ConvertXYZtoIPT.m,63.858,60,64.29,45,100.0,50.0,61-70
6584,configure_FNSimple2D.m,69.0,30,100.0,15,100.0,100.0,61-70
6585,curlbasis.m,67.0,60,93.33,15,100.0,66.67,61-70
6586,defineAnonRegistration.m,62.334,60,86.67,15,100.0,50.0,61-70
6587,demo_zinegbin.m,63.266,100,63.27,0,100.0,53.06,61-70
6588,convert2avi.m,69.454,60,68.18,60,100.0,59.09,61-70
6589,Derive_acrobot.m,65.66,100,75.47,0,100.0,52.83,61-70
6590,covEye.m,67.81,60,76.19,60,100.0,42.86,61-70
6591,codeDiscrim.m,61.666,60,80.0,15,100.0,53.33,61-70
6592,DEMO_5_Multivariate.m,68.808,100,75.44,30,100.0,38.6,61-70
6593,compute_weight.m,62.906,60,71.43,45,100.0,38.1,61-70
6594,computeTemplateWaveformDuration.m,63.716,60,64.29,30,100.0,64.29,61-70
6595,cx7.m,67.0,60,100.0,0,100.0,75.0,61-70
6596,computeColorModel.m,64.846,60,61.54,45,100.0,57.69,61-70
6597,decodeDebruijn.m,68.636,100,60.0,45,100.0,38.18,61-70
6598,demoImJointHistogram.m,62.896,100,55.17,30,100.0,29.31,61-70
6599,DACH.m,62.916,100,100.0,0,100.0,14.58,61-70
6600,dct_and_dst.m,62.778,60,77.78,15,100.0,61.11,61-70
6601,demo_epinf.m,64.166,100,80.21,0,100.0,40.62,61-70
6602,computePositionVariance.m,69.882,60,70.59,60,100.0,58.82,61-70
6603,Convex.m,63.5,30,100.0,0,100.0,87.5,61-70
6604,cut_grid_example.m,65.238,100,80.95,0,100.0,45.24,61-70
6605,cs_main.m,68.75,70,42.49,100,100.0,31.26,61-70
6606,cornk_kernel.m,64.704,60,66.67,45,100.0,51.85,61-70
6607,demoTensorProd.m,69.334,100,68.52,30,100.0,48.15,61-70
6608,CompositeMaterialDesignQuadDensityPDE.m,66.25,100,83.33,0,100.0,47.92,61-70
6609,demVowelsFgplvm2.m,65.588,60,68.97,30,100.0,68.97,61-70
6610,config_parallelHybridAutomaton_reach.m,67.29,100,61.29,30,100.0,45.16,61-70
6611,count_10_cycles_IX.m,69.418,100,62.9,60,100.0,24.19,61-70
6612,convertArchives.m,68.538,60,57.69,75,100.0,50.0,61-70
6613,crestfactor.m,69.0,30,100.0,15,100.0,100.0,61-70
6614,CPHD_cardinality_pred.m,68.2,60,72.0,45,100.0,64.0,61-70
6615,cocoStuff_root.m,66.0,30,100.0,0,100.0,100.0,61-70
6616,computeCorAnalTSeries.m,68.5,60,75.0,45,100.0,62.5,61-70
6617,computeBodyAxesFromEuler.m,67.556,30,100.0,30,100.0,77.78,61-70
6618,ComputeWordPredictions.m,63.0,30,70.0,45,100.0,70.0,61-70
6619,colormap222.m,67.444,100,68.89,15,100.0,53.33,61-70
6620,deislands3d.m,63.258,60,62.96,60,100.0,33.33,61-70
6621,color_transfer_function.m,68.348,100,65.22,45,100.0,31.52,61-70
6622,dadotx.m,67.956,60,73.91,45,100.0,60.87,61-70
6623,detect_face_mtcnn.m,66.206,80,48.68,60,100.0,42.35,61-70
6624,createTetrahedron.m,61.158,60,68.42,30,100.0,47.37,61-70
6625,dctiv.m,61.808,60,61.9,30,100.0,57.14,61-70
6626,colors.m,61.538,100,94.23,0,100.0,13.46,61-70
6627,cplex_fault_finding.m,65.556,100,72.22,0,100.0,55.56,61-70
6628,demo_kernel_function.m,61.666,60,85.71,15,100.0,47.62,61-70
6629,demo_sinusoid_polyfit_vs_linreg.m,68.388,100,77.42,0,100.0,64.52,61-70
6630,demThreeFiveIvm1.m,67.86,80,75.47,30,100.0,53.83,61-70
6631,delendelem.m,69.0,30,100.0,15,100.0,100.0,61-70
6632,cvx_getdual.m,69.0,30,100.0,15,100.0,100.0,61-70
6633,DefineStructures.m,68.526,100,97.37,15,100.0,30.26,61-70
6634,comp_struct_test.m,68.012,80,67.66,60,100.0,32.4,61-70
6635,CTD_chipod_profile_summary_v2.m,67.158,100,56.58,45,100.0,34.21,61-70
6636,convertCoordinates.m,68.6,60,60.0,75,100.0,48.0,61-70
6637,CtrlEnv_runtests.m,69.666,100,68.33,30,100.0,50.0,61-70
6638,cont_model.m,66.334,60,70.0,45,100.0,56.67,61-70
6639,comp_frsyn_fusion.m,68.77,60,84.62,30,100.0,69.23,61-70
6640,collision_report.m,66.112,30,77.78,45,100.0,77.78,61-70
6641,D02DPeriodic.m,64.364,60,81.82,30,100.0,50.0,61-70
6642,DEM_demo_double_well.m,65.438,100,68.29,15,100.0,43.9,61-70
6643,Demo_show_kernels.m,62.0,60,72.0,30,100.0,48.0,61-70
6644,DEMO_1_compare.m,62.734,100,64.0,15,100.0,34.67,61-70
6645,convert_ppod6.m,66.888,60,83.33,30,100.0,61.11,61-70
6646,createOutputAndScratchFoldersForPipelineStep.m,65.21,60,63.16,45,100.0,57.89,61-70
6647,comp_ext_calib_fisheye.m,64.594,100,44.07,45,100.0,33.9,61-70
6648,data_agrument.m,61.652,100,55.43,30,100.0,22.83,61-70
6649,demo_heartrate.m,66.0,30,100.0,0,100.0,100.0,61-70
6650,compute_posterior_dbn.m,66.728,60,63.64,60,100.0,50.0,61-70
6651,defineAnonDigitalfilm.m,67.592,60,100.0,15,100.0,62.96,61-70
6652,demo_mlm_posthoc.m,61.16,100,65.22,0,100.0,40.58,61-70
6653,DataGpsBcIonoParams.m,67.154,60,92.31,45,100.0,38.46,61-70
6654,costFunction.m,62.904,60,57.14,45,100.0,52.38,61-70
6655,collapseSmallEdges.m,69.664,80,48.57,90,100.0,29.75,61-70
6656,coh_map.m,63.222,60,61.11,45,100.0,50.0,61-70
6657,convexhull_demo.m,63.714,60,71.43,30,100.0,57.14,61-70
6658,constDhDataOf14R820.m,66.284,30,85.71,30,100.0,85.71,61-70
6659,demoPotts2DColorSegmentation.m,63.306,60,86.96,0,100.0,69.57,61-70
6660,create_small_dataset.m,66.876,100,84.38,0,100.0,50.0,61-70
6661,create_yaw_height_hdc_weights.m,66.264,60,63.16,45,100.0,63.16,61-70
6662,compute_relation.m,63.352,60,58.82,45,100.0,52.94,61-70
6663,demOil100Fgplvm1.m,66.0,60,70.0,30,100.0,70.0,61-70
6664,CtrlEnv_harness_setup.m,62.928,100,60.98,0,100.0,53.66,61-70
6665,compo_delete_act.m,68.476,60,80.95,30,100.0,71.43,61-70
6666,CVA.m,68.0,30,75.0,60,100.0,75.0,61-70
6667,compilenn.m,66.0,30,100.0,0,100.0,100.0,61-70
6668,cordBoxNew.m,67.5,30,87.5,45,100.0,75.0,61-70
6669,DepthFromGradientTest.m,66.89,60,77.78,30,100.0,66.67,61-70
6670,comp_gfeigs.m,67.936,100,64.52,30,100.0,45.16,61-70
6671,ComputeObjFnGivenData.m,61.0,30,80.0,15,100.0,80.0,61-70
6672,comp_dwiltiv.m,62.5,60,75.0,15,100.0,62.5,61-70
6673,curveCMoment.m,66.882,60,70.59,45,100.0,58.82,61-70
6674,CreateDecomp.m,63.518,80,41.23,45,100.0,51.36,61-70
6675,compensateFrequencyOffset.m,69.104,60,57.89,75,100.0,52.63,61-70
6676,comp_hermite_all.m,68.706,60,64.71,60,100.0,58.82,61-70
6677,consistentTimeStep.m,65.456,100,29.55,75,100.0,22.73,61-70
6678,cp_affine_v000.m,61.0,30,90.0,15,100.0,70.0,61-70
6679,comp_sigreshape_post.m,69.334,60,75.0,45,100.0,66.67,61-70
6680,compvar.m,69.926,60,74.07,60,100.0,55.56,61-70
6681,computeCoherenceSignificance.m,69.284,30,85.71,45,100.0,85.71,61-70
6682,demo_eval_cls.m,61.23,60,76.92,0,100.0,69.23,61-70
6683,demo_example_LM_ident.m,69.204,100,66.33,45,100.0,34.69,61-70
6684,decompose_kernel.m,63.112,30,77.78,30,100.0,77.78,61-70
6685,coef_J_pure_pTop_func_new.m,68.5,100,100.0,15,100.0,27.5,61-70
6686,defGGt.m,63.714,60,78.57,30,100.0,50.0,61-70
6687,db_delete_anatomy.m,67.896,60,75.86,45,100.0,58.62,61-70
6688,compilePTX.m,69.42,60,73.68,45,100.0,68.42,61-70
6689,demBrendanPpca1.m,65.828,60,69.57,30,100.0,69.57,61-70
6690,ctf_head2mri.m,64.004,80,49.02,30,100.0,61.0,61-70
6691,cplexlsqnonneglin.m,69.0,30,100.0,15,100.0,100.0,61-70
6692,compactbit.m,69.0,30,90.0,45,100.0,80.0,61-70
6693,CreateRandomSolution.m,68.0,30,100.0,30,100.0,80.0,61-70
6694,deblur_houses_synthz_uni.m,64.668,60,66.67,30,100.0,66.67,61-70
6695,demmailos2vel.m,67.052,100,59.65,30,100.0,45.61,61-70
6696,compose_2d_displ.m,68.0,30,100.0,30,100.0,80.0,61-70
6697,compute_ss_model.m,62.2,60,96.0,15,100.0,40.0,61-70
6698,despike.m,66.832,60,70.83,45,100.0,58.33,61-70
6699,demo_pgauss.m,66.384,100,70.77,15,100.0,46.15,61-70
6700,demo_inputdependentweibull.m,66.21,100,67.37,30,100.0,33.68,61-70
6701,content_identification_module_tags.m,69.0,30,100.0,15,100.0,100.0,61-70
6702,cx6.m,67.238,60,100.0,0,100.0,76.19,61-70
6703,coderRand.m,69.0,30,100.0,15,100.0,100.0,61-70
6704,crop_scale_sample.m,68.138,60,65.52,60,100.0,55.17,61-70
6705,cornu.m,65.692,60,76.92,30,100.0,61.54,61-70
6706,computePeriod.m,69.284,30,85.71,45,100.0,85.71,61-70
6707,cstDyn.m,67.808,60,61.9,60,100.0,57.14,61-70
6708,comp_eff_node_sizes.m,69.546,60,100.0,15,100.0,72.73,61-70
6709,csnr.m,68.666,30,100.0,30,100.0,83.33,61-70
6710,CS4300_Tell.m,69.0,60,56.67,75,100.0,53.33,61-70
6711,collimator2Scan.m,66.53,100,67.65,15,100.0,50.0,61-70
6712,cortParc_drive.m,69.2,60,84.0,30,100.0,72.0,61-70
6713,cplxdual3D.m,62.6,60,68.0,45,100.0,40.0,61-70
6714,CRC_check.m,63.89,30,77.78,45,100.0,66.67,61-70
6715,deleteROI.m,68.828,60,65.52,60,100.0,58.62,61-70
6716,compositional3D.m,65.068,80,66.22,30,100.0,49.12,61-70
6717,Cstbrick.m,62.0,60,65.0,30,100.0,55.0,61-70
6718,demo_superbar.m,56.468,70,27.2,60,100.0,25.14,51-60
6719,compute_residuals.m,59.0,30,75.0,15,100.0,75.0,51-60
6720,create_train_samples.m,59.5,60,81.25,0,100.0,56.25,51-60
6721,cosd.m,54.856,30,57.14,30,100.0,57.14,51-60
6722,crossTimesMatrix.m,59.614,60,76.92,15,100.0,46.15,51-60
6723,demo_ge_gplot.m,59.21,60,73.68,15,100.0,47.37,51-60
6724,Conv_test.m,55.334,60,70.0,0,100.0,46.67,51-60
6725,computeSampleThirdMoments.m,58.85,80,28.79,60,100.0,25.46,51-60
6726,deblur_pantheon_uni.m,52.668,30,66.67,0,100.0,66.67,51-60
6727,colasum.m,55.5,60,43.75,30,100.0,43.75,51-60
6728,config_linearSys_reachBackward.m,55.0,60,58.33,15,100.0,41.67,51-60
6729,demopanel5.m,54.07,60,62.07,0,100.0,48.28,51-60
6730,demo_derivatives.m,57.66,70,36.75,45,100.0,36.55,51-60
6731,cpf_nose_event.m,59.0,30,75.0,15,100.0,75.0,51-60
6732,config_linearSys_priv_verifyRA_supportFunc.m,56.334,60,54.17,30,100.0,37.5,51-60
6733,CurvedINSViscous2D.m,54.57,30,85.71,0,100.0,57.14,51-60
6734,demo_regression_hier.m,53.13,80,50.26,0,100.0,35.39,51-60
6735,compileMex.m,59.616,60,69.23,15,100.0,53.85,51-60
6736,control_anno.m,58.0,60,85.0,0,100.0,45.0,51-60
6737,DEM_demo_song_omission.m,57.378,80,47.14,30,100.0,29.75,51-60
6738,cumGaussian.m,53.0,30,60.0,15,100.0,60.0,51-60
6739,demopanel7.m,52.0,60,53.33,0,100.0,46.67,51-60
6740,dependencies.m,54.856,30,57.14,30,100.0,57.14,51-60
6741,compute_recovery_rate.m,57.0,30,70.0,15,100.0,70.0,51-60
6742,compute_collineation.m,58.438,100,52.63,15,100.0,24.56,51-60
6743,conffig.m,55.0,30,70.0,15,100.0,60.0,51-60
6744,demoMedialAxis.m,57.106,60,63.16,15,100.0,47.37,51-60
6745,demSpgp1dGp4.m,58.4,60,72.0,0,100.0,60.0,51-60
6746,compute_weights.m,59.0,30,75.0,15,100.0,75.0,51-60
6747,compute_edge_face_ring.m,58.332,60,70.83,15,100.0,45.83,51-60
6748,demo_mcmc.m,55.186,80,54.3,0,100.0,41.63,51-60
6749,compute_spline_filter.m,55.668,30,77.78,15,100.0,55.56,51-60
6750,convective_rolls.m,56.196,100,42.27,15,100.0,23.71,51-60
6751,coeftq1_pTop_func_new.m,59.616,60,100.0,15,100.0,23.08,51-60
6752,default_bp_var_stats.m,56.446,30,66.67,30,100.0,55.56,51-60
6753,comput_AFEv2.m,55.144,60,42.86,30,100.0,42.86,51-60
6754,createMap.m,55.334,30,66.67,30,100.0,50.0,51-60
6755,count_lines.m,54.856,30,57.14,30,100.0,57.14,51-60
6756,db_close.m,53.0,30,60.0,15,100.0,60.0,51-60
6757,d11_PostProcessing.m,59.778,60,72.22,0,100.0,66.67,51-60
6758,crameri_documentation.m,58.748,100,53.12,0,100.0,40.62,51-60
6759,demo_lgpdens.m,55.356,80,52.47,0,100.0,44.31,51-60
6760,compile_uint64.m,57.428,30,100.0,0,100.0,57.14,51-60
6761,describe_idx.m,59.0,30,75.0,15,100.0,75.0,51-60
6762,CodeGeneratorTest.m,59.442,70,30.68,60,100.0,36.53,51-60
6763,colormap_optimization.m,59.444,60,74.07,15,100.0,48.15,51-60
6764,definesolvers.m,53.56,70,25.72,45,100.0,27.08,51-60
6765,cortex_dark.m,59.0,30,75.0,15,100.0,75.0,51-60
6766,comp_idgtreal_fb.m,57.788,100,33.68,30,100.0,25.26,51-60
6767,demo55.m,52.132,80,22.83,15,100.0,42.83,51-60
6768,demo_imagecompression.m,58.75,100,60.42,0,100.0,33.33,51-60
6769,demo_phaseret.m,56.666,60,73.33,0,100.0,50.0,51-60
6770,demoTriangulatePolygonPair3d_SquareStar.m,59.0,60,68.0,15,100.0,52.0,51-60
6771,constrainReactions.m,56.476,80,47.76,15,100.0,39.62,51-60
6772,combine_GN_model_coeff_files.m,56.0,60,73.33,0,100.0,46.67,51-60
6773,demo_gablasso.m,59.364,100,57.14,0,100.0,39.68,51-60
6774,demo_ECO.m,59.332,30,83.33,0,100.0,83.33,51-60
6775,derive_FK_Jacobian.m,57.0,60,75.0,0,100.0,50.0,51-60
6776,dataset3Params.m,52.0,60,35.0,30,100.0,35.0,51-60
6777,createSlamStructures.m,58.0,60,54.55,30,100.0,45.45,51-60
6778,demo_helloworld.m,55.414,100,34.48,15,100.0,27.59,51-60
6779,compressLSH.m,57.572,30,71.43,15,100.0,71.43,51-60
6780,demo_polygons_leaf.m,59.098,100,46.34,15,100.0,34.15,51-60
6781,createCylinder.m,60.0,30,70.0,30,100.0,70.0,61-70
6782,cvx_value.m,59.0,30,100.0,15,100.0,50.0,51-60
6783,ConvNormalEquationsFull.m,58.77,60,61.54,30,100.0,42.31,51-60
6784,del_row.m,58.668,30,66.67,30,100.0,66.67,51-60
6785,compute_line_attributes.m,59.446,30,66.67,45,100.0,55.56,51-60
6786,cvUndistortPoints.m,52.284,60,35.71,30,100.0,35.71,51-60
6787,CSPepoch2LocalMatlab.m,59.0,30,75.0,15,100.0,75.0,51-60
6788,denoiseDemo.m,56.12,100,46.27,0,100.0,34.33,51-60
6789,contours_hierarchy_demo.m,59.672,100,60.66,0,100.0,37.7,51-60
6790,concatenateCameraRt.m,59.0,30,75.0,15,100.0,75.0,51-60
6791,compute_gratio.m,58.668,30,66.67,30,100.0,66.67,51-60
6792,density_und.m,57.572,30,71.43,15,100.0,71.43,51-60
6793,demo_db4_noisdopp_dwt.m,58.666,60,70.83,0,100.0,62.5,51-60
6794,cs3dPath.m,57.0,30,62.5,30,100.0,62.5,51-60
6795,comput_AFEv.m,55.144,60,42.86,30,100.0,42.86,51-60
6796,comp_dgt.m,58.932,60,48.28,45,100.0,41.38,51-60
6797,demo_syev.m,57.384,60,80.77,0,100.0,46.15,51-60
6798,demo_registerPoints3d_icp_bunny.m,58.846,60,65.38,15,100.0,53.85,51-60
6799,demTwoClusters1.m,58.154,60,73.08,0,100.0,57.69,51-60
6800,contourDemo.m,52.69,60,62.07,0,100.0,41.38,51-60
6801,DavisBouldinIndex.m,58.0,60,57.69,30,100.0,42.31,51-60
6802,Data_Analysis.m,56.706,60,82.35,0,100.0,41.18,51-60
6803,contab_ACTIVSg200.m,59.546,80,98.81,15,100.0,3.92,51-60
6804,DeJong_f2.m,59.0,30,83.33,15,100.0,66.67,51-60
6805,demo_hadamard.m,56.0,30,80.0,0,100.0,70.0,51-60
6806,contab_ACTIVSg500.m,57.44,70,99.71,15,100.0,2.49,51-60
6807,d2Abr_dV2.m,60.0,60,75.0,15,100.0,50.0,61-70
6808,demoPotts_GaussianNoise.m,54.0,30,90.0,0,100.0,50.0,51-60
6809,comp_idgt_fb.m,57.958,100,33.7,30,100.0,26.09,51-60
6810,compute_scores.m,58.0,60,66.67,30,100.0,33.33,51-60
6811,demo_inputdependentnoise.m,58.596,80,52.11,0,100.0,60.87,51-60
6812,columnaction.m,56.0,30,60.0,30,100.0,60.0,51-60
6813,CSLBoundaries.m,57.208,80,49.57,15,100.0,41.47,51-60
6814,demoPotts_LaplacianNoise.m,56.0,30,90.0,0,100.0,60.0,51-60
6815,combrules.m,56.508,80,89.29,0,100.0,13.25,51-60
6816,ddot.m,59.0,30,75.0,15,100.0,75.0,51-60
6817,DEM_demo_DFP.m,59.538,60,57.69,30,100.0,50.0,51-60
6818,computeSR_IBexact.m,60.0,30,70.0,30,100.0,70.0,61-70
6819,CreateViolaPanel.m,58.592,80,47.2,30,100.0,35.76,51-60
6820,demoWordnet.m,55.0,60,60.0,0,100.0,55.0,51-60
6821,DefaultOptions.m,53.0,30,60.0,15,100.0,60.0,51-60
6822,createSubFaceModels.m,58.15,80,33.33,45,100.0,32.42,51-60
6823,dcm2ml_Fieldname.m,57.666,60,80.0,15,100.0,33.33,51-60
6824,demo_gabfir.m,57.092,80,51.75,0,100.0,53.71,51-60
6825,demopanelF.m,57.232,60,61.54,30,100.0,34.62,51-60
6826,compareMaxwellsolvers3.m,55.448,60,65.52,0,100.0,51.72,51-60
6827,create_colortable.m,53.5,30,100.0,0,100.0,37.5,51-60
6828,costlbfixed.m,55.0,60,53.33,15,100.0,46.67,51-60
6829,demo_imfilter.m,59.368,60,78.95,0,100.0,57.89,51-60
6830,ConvolutionalScenarios.m,57.908,80,34.78,45,100.0,29.76,51-60
6831,compress_gmm.m,60.0,30,70.0,30,100.0,70.0,61-70
6832,demo_ellipsoid.m,57.112,30,88.89,0,100.0,66.67,51-60
6833,CVodeFree.m,57.714,30,71.43,30,100.0,57.14,51-60
6834,DEM_demo_OU.m,60.0,30,70.0,30,100.0,70.0,61-70
6835,demSpgp1d3.m,58.206,60,72.41,0,100.0,58.62,51-60
6836,createVector.m,59.0,30,75.0,15,100.0,75.0,51-60
6837,dbref.m,59.0,30,75.0,15,100.0,75.0,51-60
6838,demo_fast.m,57.714,60,71.43,0,100.0,57.14,51-60
6839,demo_ECO_gpu.m,59.332,30,83.33,0,100.0,83.33,51-60
6840,debugging.m,57.442,80,53.37,15,100.0,38.84,51-60
6841,compare2DAssign.m,58.238,80,50.87,30,100.0,30.32,51-60
