filename,总分,文件长度得分,代码重复率得分,关键词得分,有效代码得分,多样性得分
CO2GasDensity.m,69.0,30,100.0,15,100.0,100.0
co2_sw.m,64.56,80,80.3,15,100.0,47.5
coadjoint.m,72.0,30,100.0,30,100.0,100.0
coarray_selection_matrix_1d.m,82.866,100,67.57,90,100.0,56.76
coarsealign3.m,80.154,60,100.0,60,100.0,80.77
CoarseCurveCoeff.m,69.0,30,100.0,15,100.0,100.0
coarseFromIfile.m,62.138,60,65.52,30,100.0,55.17
coarsegrain.m,82.456,100,64.91,100,100.0,47.37
CoarseMeyerWindow.m,69.578,60,84.21,30,100.0,73.68
coarsen.m,75.324,80,78.15,60,100.0,58.47
coarsen3.m,82.926,80,86.92,90,100.0,57.71
coarsen3doc.m,63.126,100,71.88,0,100.0,43.75
coarsenAMGa.m,86.33,100,82.28,100,100.0,49.37
coarsenAMGc.m,89.362,100,80.85,100,100.0,65.96
coarsenAMGdoc.m,86.866,100,82.09,100,100.0,52.24
coarsenAMGrs.m,81.842,100,80.26,75,100.0,53.95
coarsendoc.m,68.176,80,72.38,30,100.0,58.5
coarsen_polygon.m,87.058,100,76.47,100,100.0,58.82
coarsepatch.m,70.412,60,76.47,45,100.0,70.59
coarser.m,71.0,30,100.0,45,100.0,80.0
CoarseSLSDesign.m,72.876,70,56.31,100,100.0,38.07
coarseToFine.m,76.39,100,68.29,60,100.0,53.66
coarse_alignment.m,89.2,100,88.0,100,100.0,58.0
coarse_update_func.m,79.35,80,75.97,90,100.0,50.78
COAWST_isosurface_movie.m,84.728,100,94.55,60,100.0,69.09
Coax.m,78.644,100,89.29,45,100.0,58.93
coax_bend.m,76.826,100,86.96,45,100.0,52.17
coa_projection_set.m,74.534,80,65.54,90,100.0,37.13
CoBlade.m,74.868,80,56.52,90,100.0,47.82
CoBlade_init.m,82.638,100,68.12,90,100.0,55.07
COBRArrow.m,72.658,70,49.2,100,100.0,44.09
COBRArrowSolver.m,78.526,100,57.89,90,100.0,44.74
cochleagram.m,81.092,60,72.73,100,100.0,72.73
cocktailparty.m,67.092,60,72.73,30,100.0,72.73
cocktail_sort.m,72.964,60,59.26,90,100.0,55.56
coco2014_save_annotations.m,79.908,100,81.4,60,100.0,58.14
CocoStuffAnnotator.m,74.304,70,61.32,100,100.0,40.2
CocoStuffClasses.m,76.836,70,76.56,100,100.0,37.62
cocoStuff_root.m,66.0,30,100.0,0,100.0,100.0
coco_devkit.m,72.0,30,100.0,30,100.0,100.0
coco_train.m,79.5,60,81.25,75,100.0,81.25
coco_word2_pool.m,71.636,80,78.82,60,100.0,39.36
coco_word2_pool_vgg19.m,71.874,80,79.3,60,100.0,40.07
coco_word2_Rankloss.m,69.218,60,65.22,60,100.0,60.87
coco_word2_Rankloss_vgg19.m,69.218,60,65.22,60,100.0,60.87
cod.m,77.218,60,65.22,100,100.0,60.87
code2multiline.m,71.58,100,44.74,75,100.0,38.16
code2obs.m,75.81,60,71.43,100,100.0,47.62
code2sys.m,78.572,60,92.86,90,100.0,50.0
codeA.m,79.0,60,96.43,60,100.0,78.57
codeAPara.m,88.0,100,83.33,90,100.0,66.67
codeB.m,75.022,100,87.1,45,100.0,43.01
CodeChecker.m,77.044,80,62.11,100,100.0,43.11
CodeComplete1stJanKmeans.m,64.718,70,50.84,75,100.0,27.75
CodeCompleteHMMBmodified.m,65.794,70,50.88,75,100.0,33.09
codeDiscrim.m,61.666,60,80.0,15,100.0,53.33
codedist_bay.m,66.856,60,61.9,60,100.0,52.38
codedist_hamming.m,74.768,60,76.92,60,100.0,76.92
codedist_loss.m,68.138,60,68.97,60,100.0,51.72
CodedSpeech_Obtain.m,66.0,30,100.0,0,100.0,100.0
CodeEdit1.m,65.734,70,51.08,75,100.0,32.59
codefnl.m,72.29,80,70.34,60,100.0,51.11
CodeForAveragedDatasets.m,72.666,100,65.0,60,100.0,38.33
codegen.m,68.222,100,68.52,30,100.0,42.59
CodeGenerator.m,77.318,80,66.84,100,100.0,39.75
CodeGeneratorTest.m,59.442,70,30.68,60,100.0,36.53
codegen_LpC_lib.m,84.384,100,72.6,100,100.0,49.32
codeLoopFilter.m,77.75,100,81.25,45,100.0,62.5
codelssvm.m,74.13,100,50.72,75,100.0,44.93
codeold.m,64.316,60,68.42,30,100.0,63.16
codeReport.m,79.912,80,67.56,100,100.0,52.0
coderRand.m,69.0,30,100.0,15,100.0,100.0
code_bar.m,68.346,60,82.76,30,100.0,68.97
code_ECOC.m,77.02,80,60.77,90,100.0,54.33
Code_Feb25_Bmodified.m,66.312,70,51.27,75,100.0,35.29
Code_Feb25_Bmodified_Original.m,66.73,70,51.08,75,100.0,37.57
Code_Feb26_Bmodified.m,65.008,70,50.73,75,100.0,29.31
Code_from_Micheal_RJ_MCMC_t_disturbution.m,81.826,80,71.68,100,100.0,57.45
code_MOC.m,69.0,60,73.33,45,100.0,66.67
code_OneVsAll.m,66.112,30,77.78,45,100.0,77.78
code_OneVsOne.m,71.368,60,73.68,60,100.0,63.16
code_pr.m,67.142,100,34.52,75,100.0,26.19
code_sequence_macro_tags.m,67.728,60,81.82,15,100.0,81.82
Code_to_latex_example.m,71.334,60,96.3,30,100.0,70.37
codingConventions.m,66.0,30,100.0,0,100.0,100.0
coding_length.m,76.856,60,85.71,60,100.0,78.57
coding_seg.m,79.964,80,58.82,90,100.0,71.0
Coef.m,63.308,60,69.23,45,100.0,42.31
coeff2func.m,67.092,60,72.73,30,100.0,72.73
coefficients.m,79.508,80,63.21,100,100.0,54.33
coefficient_of_agreement.m,66.884,60,64.71,45,100.0,64.71
coeffs.m,82.212,100,70.18,90,100.0,50.88
coeffs2.m,74.4,60,68.0,100,100.0,44.0
coeffs2chebfun2v.m,63.428,30,85.71,30,100.0,71.43
coeffs2diskfun.m,61.0,60,54.17,45,100.0,45.83
coeffs2diskfunv.m,63.428,30,85.71,30,100.0,71.43
coeffs2ForcesMoments.m,62.0,60,60.0,30,100.0,60.0
coeffs2iis.m,64.334,60,70.0,45,100.0,46.67
coeffs2spherefun.m,64.478,60,60.87,45,100.0,56.52
coeffs2spherefunv.m,62.0,30,87.5,30,100.0,62.5
coeffs2vals.m,70.334,60,66.67,75,100.0,50.0
coeffs3.m,81.034,100,62.07,100,100.0,43.1
coeffsDiscretization.m,77.352,100,50.0,100,100.0,36.76
coeff_comp.m,72.1,80,99.12,60,100.0,21.38
coeff_irk2.m,71.852,80,92.71,75,100.0,11.55
coeff_lmm2.m,83.0,60,100.0,75,100.0,80.0
coeff_var_dct.m,60.428,30,85.71,15,100.0,71.43
coeff_var_gen_gauss.m,65.0,30,100.0,15,100.0,80.0
coeflift.m,73.038,100,54.9,75,100.0,35.29
coeftq1_hand_eye_func_new.m,63.714,60,100.0,30,100.0,28.57
coeftq1_pnp_func_new.m,60.0,60,100.0,15,100.0,25.0
coeftq1_pTop_func_new.m,59.616,60,100.0,15,100.0,23.08
coeftq2_hand_eye_func_new.m,63.714,60,100.0,30,100.0,28.57
coeftq2_pnp_func_new.m,60.0,60,100.0,15,100.0,25.0
coeftq2_pTop_func_new.m,59.616,60,100.0,15,100.0,23.08
coeftq3_hand_eye_func_new.m,63.714,60,100.0,30,100.0,28.57
coeftq3_pnp_func_new.m,60.0,60,100.0,15,100.0,25.0
coeftq3_pTop_func_new.m,59.616,60,100.0,15,100.0,23.08
coef_curves.m,55.846,60,76.92,0,100.0,42.31
coef_f_q_sym_hand_eye_func_new.m,65.874,80,100.0,30,100.0,19.37
coef_f_q_sym_pnp_func_new.m,60.38,80,100.0,15,100.0,6.9
coef_f_q_sym_pTop_func_new.m,60.254,80,100.0,15,100.0,6.27
coef_Jacob1_qt_hand_eye_func_new.m,68.564,100,100.0,30,100.0,12.82
coef_Jacob1_qt_pnp_func_new.m,65.352,100,100.0,15,100.0,11.76
coef_Jacob1_qt_pTop_func_new.m,65.106,100,100.0,15,100.0,10.53
coef_Jacob2_qt_hand_eye_func_new.m,68.564,100,100.0,30,100.0,12.82
coef_Jacob2_qt_pnp_func_new.m,65.352,100,100.0,15,100.0,11.76
coef_Jacob2_qt_pTop_func_new.m,65.106,100,100.0,15,100.0,10.53
coef_Jacob3_qt_hand_eye_func_new.m,68.564,100,100.0,30,100.0,12.82
coef_Jacob3_qt_pnp_func_new.m,65.352,100,100.0,15,100.0,11.76
coef_Jacob3_qt_pTop_func_new.m,65.106,100,100.0,15,100.0,10.53
coef_Jacob4_qt_hand_eye_func_new.m,68.564,100,100.0,30,100.0,12.82
coef_Jacob4_qt_pnp_func_new.m,65.352,100,100.0,15,100.0,11.76
coef_Jacob4_qt_pTop_func_new.m,65.106,100,100.0,15,100.0,10.53
coef_J_pure_hand_eye_func_new.m,61.87,70,100.0,30,100.0,9.35
coef_J_pure_pnp_func_new.m,66.374,100,100.0,15,100.0,16.87
coef_J_pure_pTop_func_new.m,68.5,100,100.0,15,100.0,27.5
cofactor.m,80.0,60,81.25,90,100.0,68.75
cofactorMatrix.m,64.0,30,80.0,30,100.0,80.0
cofactor_matrix_SA.m,77.848,60,84.62,60,100.0,84.62
cofiCostFunc.m,62.0,60,60.0,30,100.0,60.0
COFMEn.m,79.368,100,61.05,100,100.0,35.79
CoG.m,61.578,80,57.39,15,100.0,55.5
cohcorrgram.m,83.424,100,72.88,90,100.0,54.24
coherence.m,70.334,60,80.0,45,100.0,66.67
CoherenceBands.m,85.394,100,75.28,100,100.0,51.69
coherence_demo_gui.m,83.146,80,72.73,100,100.0,63.0
coherence_receive.m,77.354,100,66.18,75,100.0,45.59
coherence_receive_MultiAnt.m,73.25,100,55.0,75,100.0,36.25
coherence_receive_SingleAnt.m,74.688,100,60.94,75,100.0,37.5
coherence_receive_SingleStream.m,75.0,100,62.32,75,100.0,37.68
coherencyc.m,90.5,100,93.75,90,100.0,68.75
coherencycpb.m,90.0,100,82.61,100,100.0,67.39
coherencycpt.m,90.204,100,85.71,100,100.0,65.31
coherencyc_unequal_length_trials.m,80.344,80,69.66,100,100.0,52.06
coherencypb.m,89.566,100,82.61,100,100.0,65.22
coherencypt.m,87.924,100,83.02,100,100.0,56.6
coherencysegc.m,90.968,100,83.87,100,100.0,70.97
coherencysegcpb.m,86.666,60,90.0,100,100.0,83.33
coherencysegcpt.m,84.668,60,86.67,100,100.0,76.67
coherencysegpb.m,91.614,100,87.1,100,100.0,70.97
coherencysegpt.m,89.144,100,82.86,100,100.0,62.86
coherent.m,83.396,100,64.15,100,100.0,52.83
coherent_constrained_capacity.m,74.97,100,74.63,45,100.0,55.22
coherent_simulation_summary.m,70.018,80,63.23,60,100.0,46.86
coherr.m,86.024,100,81.93,100,100.0,48.19
cohgramc.m,86.666,100,83.33,100,100.0,50.0
cohgramcpb.m,85.974,100,81.82,100,100.0,48.05
cohgramcpt.m,87.466,100,84.0,100,100.0,53.33
cohgrampb.m,86.666,100,84.0,100,100.0,49.33
cohgrampt.m,87.368,100,84.21,100,100.0,52.63
cohmathelper.m,84.546,100,81.82,90,100.0,50.91
cohmatrixc.m,88.154,60,96.15,100,100.0,84.62
cohmatrixpb.m,89.516,100,87.88,90,100.0,69.7
cohmatrixpt.m,88.5,100,85.0,100,100.0,57.5
coh_map.m,63.222,60,61.11,45,100.0,50.0
coh_np16.m,78.53,100,75.0,75,100.0,42.65
coh_np48.m,79.118,100,75.0,75,100.0,45.59
coiflet.m,78.302,100,77.27,90,100.0,24.24
CoilBiotSavart.m,72.834,100,68.75,60,100.0,35.42
CoilCircle.m,81.512,100,79.07,75,100.0,53.49
CoilDesignPanel.m,72.758,70,49.09,100,100.0,44.7
CoilList.m,74.392,80,50.0,100,100.0,41.96
CoilRectangle.m,80.0,100,76.92,75,100.0,48.08
coils.m,73.034,80,52.9,100,100.0,32.27
CoilUser.m,71.856,100,79.59,45,100.0,34.69
Coil_1ChHead.m,68.476,60,100.0,30,100.0,52.38
Coil_8ChHead.m,50.616,80,25.97,30,100.0,17.11
Coil_8ChHeadSAR.m,52.008,80,31.88,30,100.0,18.16
Coil_8ChRectHead.m,50.716,80,25.97,30,100.0,17.61
Coil_9ChSurfChest.m,48.422,80,19.08,30,100.0,13.03
COIN.m,77.692,60,69.23,90,100.0,69.23
coinBayesFactorDemo.m,66.0,30,100.0,0,100.0,100.0
coinRead.m,78.332,100,71.79,75,100.0,44.87
coinsModelSelDemo.m,75.666,100,76.47,45,100.0,56.86
coinWrite.m,79.31,80,68.55,90,100.0,58.0
coin_mutation.m,72.556,60,66.67,75,100.0,61.11
col.m,69.0,30,100.0,15,100.0,100.0
col2cell.m,79.716,100,64.29,90,100.0,44.29
col2diag.m,63.716,60,64.29,30,100.0,64.29
col2gray.m,64.0,30,80.0,30,100.0,80.0
col2im.m,77.0,60,77.78,75,100.0,72.22
col2im3.m,81.076,100,64.1,90,100.0,51.28
col2imsum.m,71.5,60,75.0,60,100.0,62.5
col2mat.m,75.924,100,64.62,75,100.0,40.0
colamd.m,80.0,60,77.78,90,100.0,72.22
colasum.m,55.5,60,43.75,30,100.0,43.75
colbasis.m,61.0,30,80.0,15,100.0,80.0
colbreaks.m,77.122,100,69.7,75,100.0,40.91
coldfilt.m,81.874,100,81.25,75,100.0,53.12
coldhot.m,72.546,60,90.91,30,100.0,81.82
coldwarm.m,79.942,60,88.24,75,100.0,76.47
coldwtfilt.m,73.896,60,79.31,75,100.0,55.17
colfilter.m,76.856,60,85.71,60,100.0,78.57
colFirstNonZero.m,72.0,30,100.0,30,100.0,100.0
colfunc.m,69.0,30,100.0,15,100.0,100.0
colifilt.m,70.0,100,50.0,75,100.0,25.0
coliwtfilt.m,75.426,100,61.7,75,100.0,40.43
collapseCell.m,73.092,60,72.73,60,100.0,72.73
collapseEdgesWithManyFaces.m,79.706,100,67.65,75,100.0,55.88
collapseSmallEdges.m,69.664,80,48.57,90,100.0,29.75
collapse_close_points.m,81.414,100,75.47,75,100.0,56.6
collapse_complex.m,72.25,60,87.5,45,100.0,68.75
collapse_mog.m,73.308,60,84.62,45,100.0,76.92
collapse_nii_scan.m,72.546,80,53.81,100,100.0,28.92
collapse_thin_triangles.m,88.27,100,83.78,90,100.0,67.57
collect.m,71.0,60,78.57,45,100.0,71.43
collectConstraints.m,72.148,60,77.78,60,100.0,62.96
collectData.m,79.0,100,65.71,75,100.0,54.29
collectRawClips.m,76.006,80,55.1,100,100.0,44.93
CollectResutls.m,74.856,80,52.78,100,100.0,41.5
CollectTestData.m,77.75,100,75.0,45,100.0,68.75
CollectTrainData.m,69.666,60,73.33,45,100.0,70.0
CollectVariables.m,83.59,100,61.54,100,100.0,56.41
Collect_all_patches.m,75.126,100,59.38,60,100.0,56.25
collect_evidence.m,75.334,60,75.0,75,100.0,66.67
Collect_JANUS_imgs.m,69.572,100,62.86,45,100.0,40.0
Collect_menpo_annotations.m,70.876,100,66.67,45,100.0,42.71
Collect_menpo_annotations_profile_train.m,73.572,100,70.0,45,100.0,52.86
Collect_menpo_annotations_profile_valid.m,73.572,100,70.0,45,100.0,52.86
Collect_menpo_annotations_valid.m,71.686,100,67.16,45,100.0,46.27
Collect_menpo_imgs.m,76.888,100,71.11,60,100.0,53.33
Collect_menpo_names.m,65.706,60,64.71,45,100.0,58.82
Collect_menpo_test_frontal.m,76.616,100,69.23,60,100.0,53.85
Collect_menpo_test_profile.m,76.616,100,69.23,60,100.0,53.85
Collect_menpo_train_imgs.m,77.366,100,70.73,60,100.0,56.1
Collect_patches_view.m,76.0,100,67.69,60,100.0,52.31
collect_statistics.m,74.828,100,68.69,60,100.0,45.45
collect_test_subset.m,69.714,60,67.86,60,100.0,60.71
collect_train_subset.m,68.286,60,67.86,60,100.0,53.57
collect_transform_matlab.m,67.304,100,60.87,30,100.0,45.65
collect_transform_mtcnn_menpo.m,65.2,60,72.0,30,100.0,64.0
collect_transform_ocv.m,62.394,100,47.54,30,100.0,34.43
Collect_valid_imgs.m,77.366,100,70.73,60,100.0,56.1
Collect_wild_annotations.m,63.218,60,69.57,30,100.0,56.52
Collect_wild_imgs.m,60.016,80,24.2,60,100.0,35.88
Collect_wild_imgs_train.m,63.6,80,37.5,60,100.0,40.5
CollewetNorm.m,72.546,60,90.91,30,100.0,81.82
collide.m,72.0,30,100.0,30,100.0,100.0
collidingflow.m,61.212,100,66.67,0,100.0,39.39
collimator2Scan.m,66.53,100,67.65,15,100.0,50.0
collisionEvent.m,77.884,60,64.71,100,100.0,64.71
CollisionModel.m,80.0,100,61.25,100,100.0,38.75
collisions.m,81.472,100,63.24,100,100.0,44.12
CollisionTest.m,66.384,60,80.77,45,100.0,46.15
collision_base.m,75.532,80,53.24,100,100.0,44.42
collision_box.m,69.156,80,56.9,75,100.0,33.88
collision_check.m,69.0,30,90.0,45,100.0,80.0
collision_report.m,66.112,30,77.78,45,100.0,77.78
collision_time.m,73.092,60,90.91,60,100.0,54.55
Collocation.m,77.424,100,68.18,75,100.0,43.94
CollocationGrid_q.m,64.088,60,65.22,30,100.0,65.22
collocationPoints.m,83.666,60,100.0,75,100.0,83.33
collocation_csp.m,80.464,100,67.44,100,100.0,34.88
collocation_regular_NMPC_test.m,66.362,80,69.08,45,100.0,37.73
colnorm.m,69.0,30,100.0,15,100.0,100.0
colnorms_squared_new.m,68.334,30,88.89,45,100.0,77.78
colon.m,69.284,30,85.71,45,100.0,85.71
colonrange2num.m,81.666,100,63.33,90,100.0,55.0
colon_comp.m,74.334,30,88.89,75,100.0,77.78
colon_operators.m,66.0,30,100.0,0,100.0,100.0
color.m,70.0,30,90.0,60,100.0,70.0
Color2GNSSchar.m,72.556,60,77.78,75,100.0,50.0
color2javaRGBint.m,75.0,100,57.81,75,100.0,42.19
color3dBarsByHeight1.m,69.778,30,100.0,30,100.0,88.89
ColorAdjustmentBatch.m,75.818,60,90.91,60,100.0,68.18
ColorAdjustmentBatch_my.m,76.308,60,92.31,60,100.0,69.23
colorbar.m,77.444,100,56.94,90,100.0,40.28
colorbarexample.m,62.668,60,86.67,0,100.0,66.67
colorbarf.m,74.472,80,51.98,100,100.0,40.38
colorbars.m,67.092,60,81.82,30,100.0,63.64
ColorbarWithAxis.m,81.818,100,75.0,75,100.0,59.09
colorbar_from_figtool_fn.m,74.898,100,41.84,100,100.0,32.65
colorblind.m,74.476,60,80.95,60,100.0,71.43
ColorBlocksGmt.m,81.872,100,64.52,90,100.0,54.84
colorborder.m,63.0,30,90.0,45,100.0,50.0
ColorBox.m,76.942,80,63.1,100,100.0,41.61
colorCellsA.m,67.668,60,66.67,45,100.0,66.67
colorCellsB.m,66.334,60,66.67,45,100.0,60.0
colorcet.m,74.452,70,98.63,100,100.0,3.63
colorCode2rgb.m,82.63,60,89.47,90,100.0,73.68
ColorCorrection.m,63.0,60,55.0,45,100.0,55.0
ColorCorrectionLinear.m,64.332,60,58.33,45,100.0,58.33
ColorCorrectionPouli.m,71.308,100,67.31,45,100.0,44.23
ColorCorrectionSigmoid.m,65.332,30,83.33,30,100.0,83.33
colordistance.m,79.308,60,84.62,75,100.0,76.92
colorDistributionMapping.m,66.792,80,59.63,45,100.0,49.33
colordot.m,65.138,60,72.41,45,100.0,48.28
Colored.m,84.31,80,81.55,90,100.0,70.0
ColoredNoise.m,60.6,60,72.0,15,100.0,56.0
colorFromColorMap.m,70.0,30,90.0,60,100.0,70.0
colorgrad.m,77.946,100,81.08,60,100.0,48.65
colorGradient.m,80.554,100,74.47,90,100.0,38.3
coloring.m,88.732,100,82.93,90,100.0,70.73
coloringdoc.m,85.8,100,84.0,75,100.0,70.0
colorize.m,76.0,60,80.0,75,100.0,65.0
colorize2.m,76.556,30,88.89,75,100.0,88.89
colorizemri.m,79.078,100,81.54,60,100.0,53.85
colorkmeans.m,81.876,100,60.94,100,100.0,48.44
colorline.m,60.726,60,68.18,30,100.0,45.45
colorLookup.m,86.0,60,100.0,90,100.0,80.0
colormap222.m,67.444,100,68.89,15,100.0,53.33
colormap23.m,59.286,60,75.0,15,100.0,46.43
colormap422.m,67.194,100,72.58,15,100.0,48.39
colormap432.m,73.112,100,75.56,30,100.0,60.0
colormap622.m,68.818,100,67.61,30,100.0,46.48
ColorMaps.m,62.066,100,44.26,30,100.0,36.07
ColorMapsMake.m,74.114,70,60.32,100,100.0,40.25
ColorMapsShow.m,69.754,100,69.81,45,100.0,33.96
colormap_helper.m,81.0,60,80.0,100,100.0,65.0
colormap_investigation.m,60.952,100,71.43,0,100.0,33.33
colormap_optimization.m,59.444,60,74.07,15,100.0,48.15
colormap_show.m,63.0,60,93.33,15,100.0,46.67
colormap_visualization.m,77.286,100,60.0,75,100.0,51.43
colorMatchFcn.m,69.606,70,98.63,75,100.0,4.4
colorMenu.m,68.01,70,41.24,90,100.0,38.81
ColorMet.m,63.468,100,44.68,45,100.0,27.66
colorMixtureAffinities.m,77.556,100,66.67,60,100.0,61.11
colorname.m,77.004,80,58.7,100,100.0,46.32
colorNameFeature.m,71.0,60,75.0,60,100.0,60.0
colornames.m,83.356,80,85.5,100,100.0,51.28
colornames_cube.m,82.692,80,87.13,100,100.0,46.33
colornames_deltaE.m,90.246,100,91.84,90,100.0,69.39
colornames_doc.m,68.842,60,100.0,0,100.0,84.21
colornames_view.m,82.848,80,82.41,100,100.0,51.83
colororder.m,55.668,30,66.67,15,100.0,66.67
colorPathway.m,76.104,100,66.67,60,100.0,53.85
colorPlot.m,77.4,100,64.0,75,100.0,48.0
colorposneg.m,84.648,60,100.0,75,100.0,88.24
colorProtein.m,72.6,60,72.0,75,100.0,56.0
colorquant.m,75.556,100,71.11,60,100.0,46.67
colorRxnsFromGenes.m,76.29,100,61.29,75,100.0,45.16
colorRxnType.m,82.0,100,65.0,90,100.0,55.0
colors.m,61.538,100,94.23,0,100.0,13.46
colorSamples.m,61.704,60,92.59,30,100.0,25.93
ColorSaturation.m,66.0,30,90.0,30,100.0,80.0
colorseg.m,86.154,100,79.49,100,100.0,51.28
colorseg2.m,66.0,60,82.14,45,100.0,42.86
colorSegments.m,75.0,60,76.0,75,100.0,64.0
ColorSelector.m,72.484,80,46.95,100,100.0,35.47
ColorSetting.m,84.032,100,88.71,75,100.0,56.45
ColorSettingsEnum.m,72.036,60,86.21,45,100.0,68.97
colorSimilarityAffinities.m,75.316,100,68.42,45,100.0,63.16
ColorSlipGmt.m,84.082,100,67.35,100,100.0,53.06
colorspace.m,75.09,70,66.76,100,100.0,38.69
colorspace_ciedemo.m,74.434,100,85.19,45,100.0,41.98
colorspace_demo.m,81.73,80,71.15,100,100.0,57.5
colorspace_test.m,71.044,60,86.96,30,100.0,78.26
colorspec2rgb.m,84.364,100,80.0,100,100.0,41.82
ColorSpecEnum.m,80.078,80,66.06,100,100.0,54.33
colorSubsystem.m,69.0,60,60.0,75,100.0,50.0
colorSubsystemCD.m,77.162,100,62.16,75,100.0,48.65
colorsurface.m,81.11,100,72.22,75,100.0,58.33
colorTest.m,64.856,100,58.57,30,100.0,35.71
colorToLabel.m,72.74,80,59.12,75,100.0,49.58
ColorVelVecGmt.m,84.384,100,74.47,90,100.0,57.45
color_balance_demo.m,83.078,60,84.62,90,100.0,80.77
color_histogram_demo_gui.m,81.336,80,69.34,100,100.0,57.34
color_line3.m,78.956,60,82.61,100,100.0,52.17
color_plot.m,85.788,100,71.05,100,100.0,57.89
COLOR_PULSE.m,84.926,100,72.46,100,100.0,52.17
color_seg.m,71.332,60,93.33,30,100.0,73.33
color_shepard_sr_x2_demo.m,76.214,100,85.11,30,100.0,65.96
color_shepard_sr_x3_demo.m,76.214,100,85.11,30,100.0,65.96
color_shepard_sr_x4_demo.m,75.166,100,83.33,30,100.0,62.5
color_spec.m,59.444,60,94.44,15,100.0,27.78
color_transfer.m,76.374,100,68.75,60,100.0,53.12
color_transfer_function.m,68.348,100,65.22,45,100.0,31.52
color_visited_cust.m,74.0,60,81.25,60,100.0,68.75
colourAll.m,69.388,80,37.83,100,100.0,29.11
colourCode.m,69.572,60,71.43,45,100.0,71.43
colourNode.m,67.154,70,37.25,100,100.0,28.52
colourNodeWhite.m,59.332,60,53.33,30,100.0,53.33
colour_pencil_draw.m,69.0,30,100.0,15,100.0,100.0
colour_transfer_IDT.m,66.4,60,60.0,60,100.0,52.0
colour_transfer_MKL.m,74.882,100,79.41,45,100.0,50.0
colour_wheel.m,64.668,60,77.78,30,100.0,55.56
colprintf.m,69.6,60,76.0,60,100.0,52.0
cols.m,69.0,30,100.0,15,100.0,100.0
colshift.m,66.778,30,100.0,15,100.0,88.89
colsprintf.m,69.334,60,75.0,45,100.0,66.67
colsubset.m,72.0,30,100.0,30,100.0,100.0
colText.m,69.0,30,100.0,15,100.0,100.0
column.m,69.0,30,100.0,15,100.0,100.0
columnaction.m,56.0,30,60.0,30,100.0,60.0
columnize.m,69.0,30,100.0,15,100.0,100.0
columnJofN_fh.m,69.0,100,57.14,45,100.0,42.86
columnlegend.m,80.208,80,72.83,100,100.0,48.21
columns.m,64.0,30,80.0,30,100.0,80.0
columnVec.m,66.89,30,77.78,60,100.0,66.67
columnVector.m,73.556,30,88.89,60,100.0,88.89
column_vector.m,74.286,60,64.29,90,100.0,57.14
colvec.m,64.0,30,80.0,30,100.0,80.0
colwise.m,69.456,60,63.64,60,100.0,63.64
col_sum.m,69.0,30,100.0,15,100.0,100.0
com.m,76.092,60,81.82,75,100.0,63.64
comb2pro.m,74.332,60,83.33,45,100.0,83.33
combat.m,76.812,80,64.81,75,100.0,64.25
combat_settings.m,71.534,70,47.92,100,100.0,39.75
combFilterExample.m,66.47,100,73.53,0,100.0,58.82
combfirst.m,65.332,30,83.33,30,100.0,83.33
Combination.m,81.154,100,63.46,100,100.0,42.31
combinations.m,82.082,100,71.43,90,100.0,48.98
combinations_with_replacement.m,71.692,60,73.08,60,100.0,65.38
combinator.m,70.206,100,74.7,45,100.0,31.33
combinatorialDependentRows.m,59.668,60,66.67,30,100.0,41.67
combine.m,78.6,100,72.0,75,100.0,46.0
combineAtomicPropositions.m,68.55,100,51.72,60,100.0,31.03
combineBC.m,74.0,60,83.33,60,100.0,66.67
combineBC1D.m,66.112,60,77.78,15,100.0,77.78
combineBC2D.m,73.0,100,80.95,15,100.0,69.05
combineBEM.m,79.536,100,86.6,75,100.0,36.08
combineBESTbins.m,73.078,100,53.85,75,100.0,36.54
combineCCVolumes.m,71.77,60,84.62,45,100.0,69.23
combineChildren.m,83.714,100,71.43,90,100.0,57.14
combineClusters.m,80.626,100,71.88,75,100.0,56.25
combineConfigurations.m,75.57,60,60.71,100,100.0,57.14
combineCoords.m,78.138,100,51.16,100,100.0,39.53
CombinedPlots.m,63.632,100,51.32,30,100.0,36.84
combineEdgesN.m,75.106,80,69.92,75,100.0,50.61
combineFiguresLR.m,81.342,100,78.05,75,100.0,53.66
combineFiguresTB.m,81.19,100,76.19,75,100.0,54.76
combineFluxResults.m,81.08,100,64.86,100,100.0,40.54
combineGfile.m,74.8,100,66.0,60,100.0,48.0
combineHarveyMicrotiota.m,80.42,80,76.62,90,100.0,55.48
combineHeatMaps.m,70.666,100,65.0,45,100.0,43.33
combineInference.m,72.554,100,58.33,60,100.0,44.44
combineKeypoints.m,73.818,100,63.64,60,100.0,45.45
combineLocalAndGlobalScores.m,69.0,30,100.0,15,100.0,100.0
combineMetaCycKEGGModels.m,76.244,80,66.94,90,100.0,44.28
combineModelGPRs.m,76.146,100,51.55,90,100.0,39.18
combineModelGPRsScript.m,64.482,100,51.9,30,100.0,40.51
combineMultROIsIntoOneROI.m,80.194,100,68.29,90,100.0,42.68
combineMultROIsWithCurrent.m,78.788,100,64.47,90,100.0,39.47
combineNext.m,78.126,100,68.75,75,100.0,46.88
combineNSxNEV.m,81.856,100,78.57,75,100.0,55.71
combineROIs.m,78.208,80,66.67,90,100.0,54.37
combineSingleTrackChannelData.m,75.852,60,81.48,60,100.0,77.78
combineSpatial.m,73.764,100,61.76,60,100.0,47.06
combinestructs.m,78.868,100,56.6,100,100.0,37.74
CombineTowYoChi.m,75.956,80,67.78,90,100.0,42.0
combineTrks.m,77.914,60,86.96,60,100.0,82.61
combineVec.m,78.032,100,63.64,75,100.0,51.52
combineViews.m,73.942,60,88.24,45,100.0,76.47
combineWhiteGrayMatter.m,59.706,60,64.71,15,100.0,58.82
combineWithMask.m,79.43,100,74.29,60,100.0,62.86
combine_2filt_v000.m,68.716,100,74.29,15,100.0,54.29
combine_2filt_v001.m,68.556,100,75.0,15,100.0,52.78
combine_amp_dem.m,79.736,80,72.09,100,100.0,46.59
combine_anns.m,74.496,80,57.52,75,100.0,59.96
combine_bbox_view.m,80.0,100,57.69,100,100.0,42.31
combine_blk.m,78.824,100,75.0,75,100.0,44.12
combine_box_region_nets.m,69.696,60,78.26,45,100.0,65.22
combine_calib.m,63.556,100,61.11,15,100.0,41.67
combine_Callback.m,79.0,60,87.5,60,100.0,87.5
combine_complex.m,73.334,60,80.0,60,100.0,66.67
combine_das_oceanus.m,77.282,100,67.92,60,100.0,58.49
combine_data_complex.m,70.314,100,62.65,60,100.0,28.92
combine_data_sincos.m,74.0,100,79.0,60,100.0,31.0
combine_global.m,81.064,100,69.15,100,100.0,36.17
combine_GN_model_coeff_files.m,56.0,60,73.33,0,100.0,46.67
combine_input.m,67.666,60,72.22,45,100.0,61.11
combine_labels.m,76.08,100,62.16,75,100.0,43.24
combine_marginals_into_joint.m,75.0,30,100.0,45,100.0,100.0
combine_masks.m,76.992,80,66.96,75,100.0,63.0
combine_pattern.m,81.29,100,66.67,100,100.0,39.78
combine_pots.m,72.0,60,73.33,60,100.0,66.67
combine_recordings.m,70.656,60,79.31,45,100.0,68.97
combine_shapes.m,70.0,30,87.5,45,100.0,87.5
combine_tao_data.m,75.764,60,100.0,60,100.0,58.82
combine_transform.m,72.262,60,89.47,75,100.0,36.84
combine_ttc.m,71.882,100,82.35,30,100.0,47.06
combine_tx_rx.m,76.63,80,65.41,90,100.0,47.74
combine_visitors.m,77.144,100,51.95,100,100.0,33.77
combn.m,80.806,100,70.97,75,100.0,58.06
combnext.m,79.618,60,76.19,100,100.0,61.9
combntns.m,78.952,100,54.76,90,100.0,50.0
combrules.m,56.508,80,89.29,0,100.0,13.25
CombustionChamber.m,80.306,100,86.96,45,100.0,69.57
CombVAD.m,79.924,100,72.31,75,100.0,52.31
CombVADInterface.m,78.286,100,68.57,60,100.0,62.86
combvec.m,67.364,60,77.27,45,100.0,54.55
comb_filter_GUI.m,73.796,80,60.07,90,100.0,38.91
comb_filter_measurement.m,75.382,80,62.7,90,100.0,44.21
comb_sort.m,70.154,60,76.92,60,100.0,53.85
comet.m,73.25,60,68.75,75,100.0,62.5
comet3.m,70.81,60,66.67,75,100.0,52.38
comet3Demo.m,56.0,30,100.0,0,100.0,50.0
cometBrowser2Settings.m,70.634,80,44.07,100,100.0,29.1
cometBrowserHandle.m,81.052,80,74.65,100,100.0,50.61
cometBrowserHandle2.m,78.586,70,73.3,100,100.0,49.63
cometBrowserSettings.m,72.164,80,45.34,100,100.0,35.48
cometDemo.m,61.0,30,100.0,0,100.0,75.0
comet_mod.m,79.026,100,60.98,100,100.0,34.15
comfigMDCE.m,70.25,100,56.25,45,100.0,50.0
COMGetSubCodes.m,68.62,60,95.24,45,100.0,42.86
COMKMeans.m,86.718,100,79.49,90,100.0,64.1
CommandDataClass.m,77.0,60,75.0,75,100.0,75.0
commandlines.m,45.0,30,40.0,15,100.0,40.0
commandOnline.m,66.286,60,100.0,0,100.0,71.43
CommandWindowTestRunDisplay.m,75.066,80,52.32,100,100.0,43.01
Command_Interpreter.m,73.416,70,57.36,100,100.0,39.72
Command_Settings.m,74.144,80,47.93,100,100.0,42.79
CoMMEA.m,75.926,60,70.37,90,100.0,59.26
comment.m,66.0,30,100.0,0,100.0,100.0
commentAllTryCatch.m,75.692,100,51.28,90,100.0,37.18
commentlines.m,72.754,80,53.81,90,100.0,39.96
commentOutBlocksOfOtherCores.m,73.638,60,63.64,90,100.0,54.55
commonDesigns.m,79.056,80,71.43,90,100.0,53.85
CommonIC.m,84.81,100,76.6,90,100.0,57.45
CommonInverseParameters.m,78.376,80,57.21,100,100.0,54.67
CommonlyCoupled.m,75.578,60,84.21,60,100.0,73.68
commonocean2cora.m,74.042,70,56.14,100,100.0,44.07
commonroad2cora.m,73.606,70,52.87,100,100.0,45.16
CommonSample.m,78.224,100,55.56,100,100.0,35.56
commontangent.m,81.076,100,69.23,90,100.0,46.15
common_size.m,83.782,100,64.86,100,100.0,54.05
communication.m,86.0,100,82.5,90,100.0,57.5
CommunityDetection.m,82.546,100,71.21,90,100.0,51.52
community_louvain.m,81.558,80,72.36,100,100.0,55.43
commutationmatrix.m,64.158,60,68.42,45,100.0,47.37
CommutingHomogPlaneStressConvergenceWhenMakingPoissonZero.m,82.714,80,71.57,90,100.0,72.0
comm_to_server.m,67.876,100,71.88,30,100.0,37.5
comnsize.m,82.978,100,61.7,100,100.0,53.19
comp.m,73.316,60,68.42,75,100.0,63.16
comp2timelock.m,67.666,60,72.22,45,100.0,61.11
compact.m,63.5,60,56.25,45,100.0,56.25
compactbit.m,69.0,30,90.0,45,100.0,80.0
compactSigmoid.m,65.0,30,75.0,45,100.0,75.0
compactWrapper.m,77.262,100,53.68,100,100.0,32.63
compact_.m,79.258,100,53.7,100,100.0,42.59
compact_fourier_coeff.m,73.0,30,87.5,60,100.0,87.5
compare0122.m,57.926,60,74.07,0,100.0,55.56
compare2DAssign.m,58.238,80,50.87,30,100.0,30.32
CompareAgainstEnum.m,75.384,60,65.38,90,100.0,61.54
compareAgents.m,76.45,80,55.7,100,100.0,46.55
compareAllMets.m,79.614,80,69.47,90,100.0,58.6
compareAmplificatorsWithMeshSize.m,77.292,80,67.77,90,100.0,48.69
compareAUC.m,76.256,100,65.96,60,100.0,55.32
compareBEMIO.m,59.752,80,54.55,15,100.0,49.21
compareBinsOfFluxes.m,80.264,100,67.92,90,100.0,43.4
compareBounds2Models.m,82.906,100,81.13,90,100.0,43.4
compareCalibrations.m,74.938,80,60.34,90,100.0,44.35
compareCbModels.m,74.35,70,66.28,100,100.0,35.47
compareCerrWithPyrad.m,76.066,100,60.0,75,100.0,45.33
compareCerrWithPyradAllFeatures.m,76.728,100,67.9,75,100.0,40.74
compareClustering2.m,79.762,80,59.81,90,100.0,69.0
compareConditions.m,75.044,100,67.39,60,100.0,47.83
compareCosts.m,74.58,100,76.74,45,100.0,51.16
compareDietPerformance.m,78.382,100,70.21,60,100.0,61.7
compareDiets.m,77.222,100,68.89,75,100.0,42.22
CompareDistributions.m,77.95,80,63.75,100,100.0,46.0
compareDyOutside.m,83.154,80,84.51,100,100.0,51.26
compareeeglabdistrib.m,72.714,60,75.0,75,100.0,53.57
CompareEpipolarLines.m,82.058,100,73.53,75,100.0,61.76
compareFields.m,68.6,60,60.0,75,100.0,48.0
compareFloats.m,81.026,100,61.54,100,100.0,43.59
ComparefMasks.m,74.0,60,81.25,60,100.0,68.75
compareFoldersLR.m,76.666,100,70.83,75,100.0,37.5
compareFoldersTB.m,76.874,100,70.83,75,100.0,38.54
CompareFunc.m,52.0,60,64.29,0,100.0,35.71
compareInchis.m,78.466,100,65.33,75,100.0,52.0
compareInterations.m,78.666,100,74.36,60,100.0,58.97
compareInterations2.m,78.666,100,75.0,60,100.0,58.33
compareIntervals.m,66.0,30,70.0,60,100.0,70.0
compareMaleFemale.m,76.894,100,73.68,45,100.0,65.79
compareMatrices.m,82.068,100,60.34,100,100.0,50.0
compareMatricies.m,81.452,100,77.42,75,100.0,54.84
compareMaxwellsolvers3.m,55.448,60,65.52,0,100.0,51.72
compareMetaboliteFormulae.m,65.0,30,80.0,45,100.0,70.0
compareMNXmetFormulas.m,77.832,60,83.33,75,100.0,70.83
compareModelMapFormulas.m,79.874,80,69.16,90,100.0,60.21
compareModels.m,69.144,60,67.86,75,100.0,42.86
compareModelsFeatures.m,75.67,80,65.27,75,100.0,58.08
compareMultipleModels.m,77.934,80,62.0,100,100.0,47.67
compareMultSamp.m,75.392,100,60.78,75,100.0,41.18
compareobliquemerc.m,63.572,60,71.43,15,100.0,71.43
compareobliquemerctri.m,74.646,100,76.47,45,100.0,51.76
CompareOutput.m,78.668,60,86.67,60,100.0,86.67
compareParticularVademecumSample.m,77.612,80,64.73,100,100.0,43.33
comparePaths.m,76.45,100,65.22,75,100.0,42.03
ComparePedersenWithPrincipalStress.m,76.394,80,65.14,100,100.0,36.83
comparePyradFilters.m,74.624,100,76.56,45,100.0,51.56
comparePyradWithIBSI1OrigImgWithInterp.m,70.942,80,70.71,60,100.0,44.0
compareQualAndQuantDir.m,70.39,100,75.61,30,100.0,46.34
compareRadiomicsWithIBSI1OrigImgWithInterp.m,75.11,80,64.55,75,100.0,56.0
compareRadiomicsWithPyradOriginalImgNoInterp.m,70.906,100,75.47,30,100.0,49.06
compareRadiomicsWithPyradWaveletImgNoInterp.m,73.842,100,80.39,30,100.0,58.82
compareRealData.m,73.19,100,61.9,60,100.0,44.05
CompareRecordingPC1.m,72.632,100,64.21,60,100.0,38.95
compareResults.m,61.0,30,100.0,0,100.0,75.0
compareRoi2Sessions.m,73.912,80,65.7,90,100.0,33.86
compareRxnMNXIDsWithMets.m,80.0,100,55.21,100,100.0,44.79
compareRxnsGenesMetsComps.m,70.35,80,61.7,60,100.0,50.05
comparesaddlesolvers.m,68.824,100,91.18,0,100.0,52.94
compareSampleTraj.m,76.176,100,60.78,75,100.0,45.1
CompareScore.m,66.904,80,58.2,45,100.0,51.32
CompareSlopes.m,76.572,100,52.38,90,100.0,40.48
comparesolvers.m,55.48,60,69.57,0,100.0,47.83
comparesolvers3.m,54.61,60,65.22,0,100.0,47.83
compareStructs.m,78.944,80,67.36,100,100.0,47.36
compareTaskVsJointTraj.m,72.956,100,70.33,45,100.0,49.45
compareTimings.m,77.9,80,67.5,100,100.0,42.0
compareTotalDegree.m,82.444,100,68.25,90,100.0,53.97
compareTwoMDVs.m,68.616,60,69.23,60,100.0,53.85
compareTwoSamp.m,75.488,100,58.54,75,100.0,43.9
compareTwoSamplesStat.m,87.756,100,75.51,100,100.0,63.27
compareVAD.m,72.0,30,100.0,30,100.0,100.0
compareVersions.m,74.778,60,77.78,75,100.0,61.11
compareWithMatlab.m,74.588,100,79.41,45,100.0,48.53
comparewithreal.m,72.57,60,85.71,60,100.0,57.14
compareXomicsModels.m,78.624,100,63.54,90,100.0,39.58
compare_2_endmembers.m,78.57,100,60.2,100,100.0,32.65
compare_algorithm.m,81.374,100,81.25,60,100.0,65.62
Compare_All_FCs.m,80.0,60,93.33,60,100.0,86.67
compare_case.m,75.866,80,77.33,90,100.0,32.0
compare_cg_speed.m,78.144,100,82.86,45,100.0,62.86
compare_ch.m,67.302,80,59.44,45,100.0,52.07
compare_chol_flops.m,72.534,100,64.0,60,100.0,38.67
compare_ch_p2c.m,67.486,80,63.69,45,100.0,48.74
compare_clustering_results.m,75.81,100,78.57,60,100.0,40.48
compare_complexity.m,62.436,60,86.96,0,100.0,65.22
compare_cv.m,67.908,80,64.29,45,100.0,50.25
compare_demo.m,77.686,80,71.43,75,100.0,62.0
compare_EKF_UKF_Multilat_TS_Trilat_demo_SportHall_40x20.m,68.76,80,54.34,75,100.0,34.46
compare_EKF_UKF_Multilat_TS_Trilat_Vicon_demo_lab.m,70.098,80,57.82,75,100.0,37.67
compare_feature.m,73.058,100,86.76,30,100.0,48.53
compare_filters.m,63.236,60,76.47,15,100.0,64.71
compare_five_algorithms_dynamic_large_sclae_LOS_scenario.m,64.734,100,56.96,30,100.0,36.71
compare_five_algorithms_dynamic_small_scale_LOS_scenario.m,67.934,100,79.22,15,100.0,45.45
compare_five_algorithms_static_LOS_scenario.m,66.856,100,77.11,15,100.0,42.17
compare_HMR_iHsa_Recon3D_GPRs.m,76.988,80,69.44,75,100.0,60.5
compare_images.m,72.286,60,92.86,30,100.0,78.57
compare_implementations.m,85.142,100,76.19,90,100.0,59.52
compare_labels.m,81.876,100,75.0,75,100.0,59.38
compare_m2nist_nets_vs_num_attackedpixels.m,70.546,80,60.99,75,100.0,36.74
compare_m2nist_nets_vs_relaxFactor.m,71.498,80,64.62,75,100.0,37.87
compare_m2nist_ReLU_reachTime_vs_others.m,76.422,80,69.72,75,100.0,57.39
compare_metrics.m,68.526,60,89.47,30,100.0,63.16
compare_mnist_nets_vs_inputsize.m,69.478,80,60.69,75,100.0,31.7
compare_mnist_nets_vs_num_attackedpixels.m,70.16,80,60.59,75,100.0,35.21
compare_mnist_ReLU_reachTime_vs_others.m,79.668,80,69.03,90,100.0,59.31
compare_models.m,75.668,100,75.56,45,100.0,57.78
compare_mp_speeds.m,83.428,100,91.43,60,100.0,65.71
compare_multiscale_cluster.m,68.394,100,55.74,60,100.0,26.23
compare_mult_flops.m,81.022,100,67.44,90,100.0,47.67
compare_mult_T.m,77.408,100,68.67,75,100.0,43.37
compare_new.m,70.092,60,81.82,45,100.0,63.64
compare_overapproximate_methods.m,68.512,100,65.85,45,100.0,31.71
Compare_PhasorDetailed.m,59.826,60,72.41,15,100.0,51.72
Compare_PQs.m,73.582,100,70.83,45,100.0,52.08
compare_previous_run.m,62.0,30,80.0,30,100.0,70.0
compare_qrs.m,77.526,60,89.47,75,100.0,63.16
compare_qskp_dqpsk.m,79.0,100,81.25,45,100.0,68.75
compare_rect_tri_strain.m,63.334,100,68.75,0,100.0,47.92
compare_secoora_model_sections.m,86.512,100,72.09,100,100.0,60.47
compare_startup.m,61.232,60,73.08,0,100.0,73.08
compare_star_absdom.m,60.158,80,37.04,45,100.0,38.75
compare_star_absdom_short.m,60.092,80,37.04,45,100.0,38.42
compare_struct.m,67.25,60,68.75,45,100.0,62.5
compare_surface_salinity.m,86.596,100,97.3,60,100.0,75.68
Compare_the_result.m,67.954,80,52.23,75,100.0,32.54
compare_trunks.m,79.456,80,61.54,100,100.0,55.74
compare_two_images.m,67.714,60,100.0,0,100.0,78.57
ComparingMinAndAbsMin.m,83.014,100,68.49,100,100.0,46.58
ComparingSuperEllipseVsRectangle.m,78.182,80,66.44,100,100.0,44.47
ComparingSymmetry.m,68.666,100,68.89,30,100.0,44.44
comparison.m,74.286,60,67.86,90,100.0,53.57
ComparisonComponent.m,79.356,100,59.32,90,100.0,47.46
comparisonMessage.m,74.848,60,84.62,45,100.0,84.62
ComparisonTypeEnum.m,85.098,100,70.97,90,100.0,64.52
comparison_3d.m,63.334,100,66.67,0,100.0,50.0
comparison_all_eccentricities.m,68.724,80,67.62,30,100.0,66.0
comparison_elements.m,73.348,100,73.91,45,100.0,47.83
comparison_high_eccentricity.m,68.238,80,65.69,30,100.0,65.5
compartment.m,80.0,100,72.5,75,100.0,52.5
compassDemo.m,59.334,30,100.0,0,100.0,66.67
compass_plot.m,62.0,30,100.0,0,100.0,80.0
compBasis.m,69.916,70,38.2,100,100.0,41.38
compBoundsPolyZono.m,72.75,60,75.0,60,100.0,68.75
CompCondNum.m,80.406,100,70.27,75,100.0,56.76
compDDSampling.m,75.502,80,58.55,90,100.0,48.96
compdsp.m,77.348,80,67.69,100,100.0,39.05
compensateFrequencyOffset.m,69.104,60,57.89,75,100.0,52.63
compensate_headphone.m,69.832,60,70.83,60,100.0,58.33
comperas.m,77.0,60,85.71,75,100.0,64.29
Competetetion3_4a_example.m,74.626,100,82.35,30,100.0,60.78
CompetitiveOperator.m,76.91,100,84.85,30,100.0,69.7
CompFilterWithPI.m,76.324,100,72.97,60,100.0,48.65
compheads.m,77.384,80,63.87,100,100.0,43.05
compHolisticRanking.m,86.552,100,74.14,100,100.0,58.62
compHRFs.m,71.384,80,90.54,45,100.0,41.38
compile.m,64.774,100,43.66,45,100.0,35.21
compileAndRun.m,86.384,100,74.47,100,100.0,57.45
CompileBlitzLib.m,66.572,60,71.43,30,100.0,71.43
compileBuzcode.m,74.622,100,52.83,75,100.0,45.28
compileC.m,78.206,60,72.41,100,100.0,58.62
CompileCLibraries.m,61.902,70,44.16,60,100.0,35.35
compileCMatrix.m,79.092,100,63.64,75,100.0,56.82
compileConstraint.m,78.0,100,53.85,90,100.0,46.15
compileDir.m,76.728,60,81.82,60,100.0,81.82
compileDir_simple.m,76.666,60,80.95,90,100.0,52.38
compileFastAUC.m,67.666,60,71.43,45,100.0,61.9
compileFieldnameIndex.m,74.94,100,61.76,60,100.0,52.94
compileFiles.m,82.766,100,67.02,100,100.0,46.81
compilefma.m,70.666,60,75.0,60,100.0,58.33
compileinterfacedata.m,74.512,70,58.45,100,100.0,44.11
CompileLatticeTests.m,70.098,70,48.17,100,100.0,32.32
compileMex.m,59.616,60,69.23,15,100.0,53.85
compileMexFiles.m,72.0,60,100.0,0,100.0,100.0
compileMexInterface.m,66.0,30,100.0,0,100.0,100.0
compileModel.m,76.314,60,73.68,90,100.0,57.89
compilenn.m,66.0,30,100.0,0,100.0,100.0
compileObjective.m,79.2,100,56.0,90,100.0,50.0
CompilePCT.m,69.078,80,38.34,100,100.0,27.05
compilePTX.m,69.42,60,73.68,45,100.0,68.42
compilePyrTools.m,62.0,30,100.0,0,100.0,80.0
compileQuadratic.m,77.666,60,80.0,75,100.0,73.33
CompileRobusthom.m,79.332,100,58.33,90,100.0,48.33
compileRunAndSave.m,77.418,100,46.77,100,100.0,40.32
compilescripts.m,62.666,30,100.0,0,100.0,83.33
compilesos.m,75.284,70,62.62,100,100.0,43.8
CompileSystem.m,78.236,80,72.79,90,100.0,48.39
compileTomoBEAR.m,86.458,80,86.96,100,100.0,65.33
CompileVARnames.m,77.526,60,78.95,75,100.0,73.68
compile_all.m,66.0,100,53.23,30,100.0,46.77
compile_bilinearslist.m,75.0,30,100.0,45,100.0,100.0
compile_buffer.m,80.134,80,68.85,100,100.0,51.82
compile_CERR.m,77.974,80,70.37,90,100.0,49.5
compile_cpp_files.m,69.0,30,100.0,15,100.0,100.0
compile_c_files.m,54.666,60,43.33,30,100.0,40.0
compile_debug_Boolean2DNF.m,66.0,30,100.0,0,100.0,100.0
compile_debug_mx_dp_taliro.m,66.0,30,100.0,0,100.0,100.0
compile_debug_mx_dp_t_taliro.m,66.0,30,100.0,0,100.0,100.0
compile_debug_mx_fw_taliro.m,66.0,30,100.0,0,100.0,100.0
compile_debug_mx_polarity.m,66.0,30,100.0,0,100.0,100.0
compile_debug_mx_tp_taliro.m,66.0,30,100.0,0,100.0,100.0
compile_debug_vacuity.m,66.0,30,100.0,0,100.0,100.0
compile_eeglab.m,85.742,80,83.69,100,100.0,65.02
compile_FastEMD.m,66.0,30,100.0,0,100.0,100.0
compile_func.m,71.858,60,75.0,60,100.0,64.29
compile_jp2k.m,48.5,30,62.5,0,100.0,50.0
compile_kernels.m,63.456,60,63.64,30,100.0,63.64
compile_linux.m,53.0,30,60.0,15,100.0,60.0
compile_matconvnet.m,66.0,30,100.0,0,100.0,100.0
compile_me.m,78.944,100,76.39,60,100.0,58.33
compile_mex.m,77.362,100,50.55,100,100.0,36.26
compile_mex_list.m,70.154,60,73.08,60,100.0,57.69
compile_midi.m,74.0,60,100.0,60,100.0,50.0
compile_nonlinear_table.m,83.718,100,82.05,75,100.0,61.54
compile_quadraticslist.m,75.0,30,100.0,45,100.0,100.0
compile_sap2matlab.m,74.332,60,85.71,45,100.0,80.95
compile_smoothpatch.m,69.0,30,100.0,15,100.0,100.0
compile_stl_mex.m,79.364,100,65.91,90,100.0,40.91
compile_synsq.m,66.0,30,100.0,0,100.0,100.0
compile_uint64.m,57.428,30,100.0,0,100.0,57.14
compile_wafo_exe.m,82.248,100,65.17,100,100.0,46.07
compile_wafo_mex.m,75.0,100,57.35,75,100.0,42.65
compile_wafo_mex64.m,75.312,100,57.81,75,100.0,43.75
compile_win.m,73.52,100,62.03,60,100.0,45.57
compile_windows.m,71.692,60,76.92,60,100.0,61.54
complainif_argnonotinrange.m,69.112,30,77.78,60,100.0,77.78
complainif_isjavaheadless.m,76.412,60,76.47,75,100.0,70.59
complainif_notenoughargs.m,63.89,30,77.78,45,100.0,66.67
complainif_notnonnegint.m,66.112,30,77.78,45,100.0,77.78
complainif_notposint.m,67.0,30,80.0,45,100.0,80.0
complainif_notposscalar.m,67.0,30,80.0,45,100.0,80.0
complainif_notvalidframeobj.m,71.0,30,90.0,45,100.0,90.0
complainif_toomanyargs.m,63.89,30,77.78,45,100.0,66.67
complementmodel.m,72.5,60,100.0,15,100.0,87.5
complements.m,77.334,60,91.67,60,100.0,75.0
complement_pot.m,72.944,80,65.03,75,100.0,44.69
complem_experiment.m,58.0,60,52.17,30,100.0,47.83
completedLogLikelihood.m,84.818,100,68.18,90,100.0,65.91
completeInitial.m,64.45,60,68.97,45,100.0,48.28
CompleteLineletSet.m,70.332,60,58.33,75,100.0,58.33
CompleteLineletSet2.m,73.854,100,46.34,90,100.0,32.93
CompleteLineletSet3.m,72.202,80,50.96,90,100.0,40.05
completeMARxnids.m,68.0,60,70.0,45,100.0,65.0
completeSpeciesFolder.m,78.668,100,70.59,60,100.0,62.75
complete_location_history.m,85.092,100,72.73,100,100.0,52.73
complete_lprim1d.m,80.412,80,66.5,100,100.0,55.56
complete_pattern.m,71.104,100,48.05,75,100.0,32.47
complete_run.m,71.284,80,59.44,75,100.0,41.98
completion.m,78.83,100,70.21,75,100.0,48.94
completion_als.m,67.702,80,45.39,75,100.0,38.12
completion_orth.m,72.982,80,53.03,90,100.0,41.88
completion_orth_lambda.m,73.758,80,56.56,90,100.0,42.23
completion_rankincrease.m,81.17,100,69.51,90,100.0,46.34
complex.m,68.332,30,83.33,45,100.0,83.33
complex2interleaved.m,66.0,60,68.75,45,100.0,56.25
complex2rgb.m,81.702,100,63.83,100,100.0,44.68
complexBarycentricCoords2Pt.m,71.5,60,75.0,60,100.0,62.5
complexcirclefactory.m,71.208,80,56.25,75,100.0,44.79
ComplexGaussianD.m,66.244,80,39.22,75,100.0,37.0
complexify.m,78.0,30,100.0,60,100.0,100.0
complexity_comparison.m,68.708,100,72.92,30,100.0,40.62
complexNormalAngle.m,69.886,80,37.9,100,100.0,31.53
complexPh2PositiveRad.m,65.0,30,100.0,15,100.0,80.0
ComplexRadiationPattern.m,70.154,60,69.23,60,100.0,61.54
ComplexRadiationPatternUV.m,69.284,30,85.71,45,100.0,85.71
ComplexSarRemapAdapter.m,84.898,100,72.45,100,100.0,52.04
complexSpec2wav.m,66.0,30,90.0,30,100.0,80.0
ComplexSpectrum2SpatialCov.m,86.0,100,77.78,90,100.0,62.22
complextest_AD1.m,76.616,100,66.67,60,100.0,56.41
complextest_AD2.m,76.864,100,64.86,60,100.0,59.46
complextest_AD3.m,83.0,100,67.5,90,100.0,57.5
complex_cepstrum.m,68.914,80,61.74,60,100.0,42.83
Complex_DIIVINE_feature.m,77.706,80,70.95,90,100.0,47.58
complex_divisive_normalized.m,79.27,100,74.16,75,100.0,47.19
complex_example_AD.m,76.0,100,65.71,60,100.0,54.29
complex_exponential.m,60.334,60,75.0,0,100.0,66.67
complex_function_4_dim.m,72.428,60,85.71,45,100.0,71.43
complex_lorentz.m,74.334,30,88.89,75,100.0,77.78
complex_ongrid.m,74.602,80,55.62,100,100.0,37.39
complex_pipelines.m,74.99,80,54.82,100,100.0,40.13
complex_randn.m,80.768,60,76.92,90,100.0,76.92
complex_stiefel_test.m,66.334,60,75.0,30,100.0,66.67
Compliance3DTensor.m,64.0,30,80.0,30,100.0,80.0
Compliance3DVoigtTensor.m,64.0,30,80.0,30,100.0,80.0
ComplianceAndAdjointPrinter.m,69.39,100,52.17,60,100.0,34.78
ComplianceConstraint.m,78.11,100,64.44,75,100.0,51.11
ComplianceDescriptor.m,65.82,60,54.55,60,100.0,54.55
ComplianceFromConstitutiveTensor.m,79.356,100,62.71,90,100.0,44.07
ComplianceFunctional.m,81.014,100,62.03,100,100.0,43.04
ComplianceFunctionalFromVademecum.m,79.176,100,61.76,90,100.0,44.12
ComplianceGradientFunction.m,66.668,100,30.56,75,100.0,27.78
CompliancePlaneStressTensor.m,64.0,30,80.0,30,100.0,80.0
CompliancePlaneStressVoigtTensor.m,64.0,30,80.0,30,100.0,80.0
complianceTensor.m,71.332,60,53.33,90,100.0,53.33
ComplianceTensor2VoigtConverter.m,78.378,100,48.65,100,100.0,43.24
ComplianceTensor2VoigtConverterPS.m,78.378,100,48.65,100,100.0,43.24
ComplianceVoigt2TensorConverter.m,78.858,100,51.43,100,100.0,42.86
ComplianceVoigt2TensorConverterPS.m,78.378,100,48.65,100,100.0,43.24
ComplianceWithBoundConstraint.m,81.508,100,68.42,90,100.0,49.12
compLikelihoodGMM.m,72.926,60,66.67,75,100.0,62.96
compLikelihoodGMMFast.m,75.0,100,57.53,75,100.0,42.47
compLocalSampling.m,75.692,70,68.71,100,100.0,39.75
compmap.m,79.242,80,66.99,100,100.0,49.22
compmat.m,70.0,30,80.0,60,100.0,80.0
compOas.m,73.474,60,84.21,60,100.0,63.16
compObjectHypot.m,83.0,100,77.5,75,100.0,62.5
compObjHypsFeature.m,79.634,100,74.39,75,100.0,48.78
componentContribution.m,74.858,100,70.24,60,100.0,44.05
componentKernReadParamsFromFID.m,77.858,100,62.86,75,100.0,51.43
componentKernWriteParamsToFID.m,70.092,60,72.73,45,100.0,72.73
components.m,63.0,30,70.0,45,100.0,70.0
components_to_model.m,60.142,60,78.57,30,100.0,32.14
component_boundary.m,70.556,30,88.89,45,100.0,88.89
component_metrics.m,78.332,100,58.33,90,100.0,43.33
component_properties.m,75.0,100,54.93,75,100.0,45.07
component_selection.m,64.0,30,80.0,30,100.0,80.0
compose.m,72.0,100,45.0,75,100.0,40.0
composeAffine.m,69.666,60,83.33,30,100.0,75.0
ComposeEuler.m,80.8,60,80.0,100,100.0,64.0
composeFloat.m,69.0,100,59.46,45,100.0,40.54
composeFrames.m,78.54,100,64.86,90,100.0,37.84
ComposeFused.m,81.6,60,80.0,100,100.0,68.0
composeHmgPnt.m,73.0,30,87.5,60,100.0,87.5
composePolys.m,66.0,60,70.0,45,100.0,55.0
ComposeQuat.m,77.0,60,77.78,75,100.0,72.22
composeRobSen.m,59.0,30,75.0,15,100.0,75.0
ComposeRotmat.m,77.0,60,77.78,75,100.0,72.22
composeShape.m,71.77,60,84.62,45,100.0,69.23
ComposeTilt.m,80.8,60,80.0,100,100.0,64.0
composeTransforms3d.m,69.284,30,85.71,45,100.0,85.71
compose_2d_displ.m,68.0,30,100.0,30,100.0,80.0
compose_2d_displacements.m,68.0,30,100.0,30,100.0,80.0
compose_depth.m,71.128,100,65.96,45,100.0,44.68
compose_displ.m,78.922,100,72.55,75,100.0,47.06
compose_im.m,68.334,30,88.89,45,100.0,77.78
compose_motion.m,61.644,100,57.63,15,100.0,35.59
compose_mv.m,68.386,80,48.92,75,100.0,38.01
CompositeAlgorithm.m,79.26,100,54.32,100,100.0,41.98
CompositeMaterialDesign.m,66.25,100,83.33,0,100.0,47.92
CompositeMaterialDesignQuadDensityP1.m,66.25,100,83.33,0,100.0,47.92
CompositeMaterialDesignQuadDensityPDE.m,66.25,100,83.33,0,100.0,47.92
CompositeMaterialDesignQuadLevelSetP1.m,65.106,100,80.85,0,100.0,44.68
CompositeMaterialDesignQuadLevelSetPDE.m,65.652,100,82.61,0,100.0,45.65
CompositeMaterialDesignTriDensityP1.m,65.832,100,83.33,0,100.0,45.83
CompositeMaterialDesignTriDensityPDE.m,66.25,100,83.33,0,100.0,47.92
CompositeMaterialDesignTriLevelSetP1.m,65.218,100,82.61,0,100.0,43.48
CompositeMaterialDesignTriLevelSetPDE.m,65.652,100,82.61,0,100.0,45.65
CompositeObjectiveFcn.m,73.882,80,50.41,100,100.0,39.0
CompositeOperator.m,73.666,100,61.11,60,100.0,47.22
CompositeResultsPrinter.m,75.898,100,47.44,100,100.0,32.05
composite_harmonic_mapping.m,88.324,100,80.65,90,100.0,70.97
composite_likelihood.m,77.424,100,69.7,75,100.0,42.42
composite_mvc.m,87.678,100,83.87,90,100.0,64.52
compositional3D.m,65.068,80,66.22,30,100.0,49.12
compo_add_act.m,67.0,60,85.0,15,100.0,75.0
compo_delete_act.m,68.476,60,80.95,30,100.0,71.43
compo_init_alpha.m,65.332,60,83.33,0,100.0,83.33
compo_init_index.m,56.0,30,80.0,0,100.0,70.0
compo_update_act.m,68.436,60,82.61,30,100.0,69.57
compplot.m,81.168,80,66.34,90,100.0,69.5
compPosteriorGMM_fast.m,85.222,100,75.0,90,100.0,61.11
compress.m,82.888,100,71.11,90,100.0,53.33
compressBPH.m,51.224,30,55.56,15,100.0,55.56
compressDSH.m,64.668,60,66.67,30,100.0,66.67
compressfactors.m,75.954,100,66.67,75,100.0,38.1
CompressImageSvd.m,70.778,100,60.0,45,100.0,48.89
CompressingVademecumData.m,74.756,80,64.81,90,100.0,38.97
compressionDirection.m,61.0,30,80.0,15,100.0,80.0
compression_stage.m,71.666,60,80.0,45,100.0,73.33
compressITQ.m,57.0,30,70.0,15,100.0,70.0
CompressiveCSI.m,67.4,60,76.0,45,100.0,56.0
CompressiveDetector.m,81.41,100,69.32,90,100.0,47.73
compressKernel.m,65.706,60,70.59,45,100.0,52.94
compressLifted.m,79.922,100,78.46,75,100.0,46.15
compressLSH.m,57.572,30,71.43,15,100.0,71.43
compressMF.m,62.332,30,83.33,15,100.0,83.33
compressMFH.m,51.224,30,55.56,15,100.0,55.56
compressMFHH.m,51.224,30,55.56,15,100.0,55.56
compressModelField.m,75.478,60,65.22,100,100.0,52.17
compressNonSelDims.m,69.38,100,53.57,60,100.0,33.33
compressRR.m,67.728,60,81.82,15,100.0,81.82
compressSELVE.m,78.756,100,87.8,45,100.0,60.98
compressSH.m,74.684,60,84.21,45,100.0,84.21
compressShape.m,78.512,100,74.42,60,100.0,58.14
compressShape_mat.m,61.668,30,66.67,45,100.0,66.67
compressSpH.m,65.588,60,76.47,15,100.0,76.47
compressUSPLH.m,69.0,30,100.0,15,100.0,100.0
compress_evaluation_scheme.m,83.832,100,70.83,90,100.0,58.33
compress_gmm.m,60.0,30,70.0,30,100.0,70.0
compress_weights.m,75.544,60,95.45,45,100.0,77.27
compromise_NRpars.m,76.34,80,53.49,100,100.0,48.21
compRoomHypot.m,78.938,100,73.47,60,100.0,61.22
compRoomMatchScore.m,74.846,60,92.31,45,100.0,76.92
compSceneHypsFeatureA.m,74.204,80,71.63,75,100.0,44.39
compSceneObjsFeatureA.m,74.922,100,77.53,60,100.0,37.08
compsort.m,77.72,80,61.18,100,100.0,47.42
compSurfaceLabel.m,83.374,100,67.47,100,100.0,49.4
comptide_eflux.m,77.846,60,92.31,60,100.0,76.92
compTriangle.m,76.396,100,69.77,75,100.0,37.21
ComputationUtil.m,81.516,100,60.61,100,100.0,46.97
compute.m,79.0,100,81.58,45,100.0,68.42
compute2D3DProximity.m,64.334,60,61.11,45,100.0,55.56
Compute3D.m,72.058,100,51.47,75,100.0,33.82
compute3dOcc_eval.m,62.468,80,75.32,30,100.0,27.02
ComputeAcc.m,69.0,60,73.33,45,100.0,66.67
computeAccuracyEgoHands.m,69.792,100,63.79,30,100.0,55.17
computeAccuracyEYTH.m,78.296,100,72.22,60,100.0,59.26
computeAccuracyGTEA.m,69.83,100,61.7,30,100.0,57.45
computeAccuracyHoF.m,71.332,100,64.44,30,100.0,62.22
computeACG.m,73.856,60,85.71,45,100.0,78.57
computeACGprop.m,78.81,100,66.67,75,100.0,52.38
ComputeAdj.m,61.0,60,63.16,45,100.0,36.84
computeADOP.m,65.332,30,83.33,30,100.0,83.33
computeAdversarialAttack.m,68.766,100,44.12,60,100.0,39.71
computeAeroAnglesFromBodyAxes.m,69.818,60,81.82,30,100.0,77.27
computeAeroAnglesFromFrameBodyAxes.m,69.25,60,81.25,30,100.0,75.0
computeAerodynamicCoefficients.m,73.656,80,79.56,75,100.0,33.72
computeAffMatChars.m,71.318,100,71.01,45,100.0,40.58
computeAllEphysProperties.m,83.824,100,64.71,100,100.0,54.41
computeAllFinalRF.m,78.428,60,78.57,75,100.0,78.57
computeAllFinalRF_Aerts.m,78.428,60,78.57,75,100.0,78.57
computeAllFinalRF_Aerts_Old.m,78.428,60,78.57,75,100.0,78.57
computeAllFinalRF_HN.m,78.428,60,78.57,75,100.0,78.57
computeAllModelChoiceRF_batchHN.m,82.588,100,79.41,60,100.0,73.53
computeAllModelChoiceRF_HN.m,69.578,60,84.21,30,100.0,73.68
computeAllModelChoiceTime_batchHN.m,82.588,100,79.41,60,100.0,73.53
computeAllModelChoiceTime_HN.m,70.0,60,85.0,30,100.0,75.0
computeAllModelChoice_batchHN.m,82.588,100,79.41,60,100.0,73.53
computeAllModelChoice_batchLGG.m,82.588,100,79.41,60,100.0,73.53
computeAllModelChoice_batchVASARI_LGG.m,74.666,60,80.0,60,100.0,73.33
computeAllModelChoice_HN.m,68.526,60,84.21,30,100.0,68.42
computeAllModelChoice_LGG.m,69.578,60,84.21,30,100.0,73.68
computeAllModelChoice_STS.m,72.428,60,85.71,45,100.0,71.43
computeAllModelChoice_VASARI_LGG.m,69.578,60,84.21,30,100.0,73.68
computeAllPredictionRF_batchHN.m,81.412,100,79.41,60,100.0,67.65
computeAllPredictionRF_HN.m,83.516,100,81.82,60,100.0,75.76
computeAllPredictionTime_batchHN.m,82.0,100,79.41,60,100.0,70.59
computeAllPredictionTime_HN.m,73.594,60,85.19,45,100.0,77.78
computeAllPrediction_batchHN.m,81.412,100,79.41,60,100.0,67.65
computeAllPrediction_batchLGG.m,81.412,100,79.41,60,100.0,67.65
computeAllPrediction_batchVASARI_LGG.m,73.334,60,80.0,60,100.0,66.67
computeAllPrediction_HN.m,73.308,60,84.62,45,100.0,76.92
computeAllPrediction_LGG.m,72.54,60,84.62,45,100.0,73.08
computeAllPrediction_STS.m,79.556,100,86.11,45,100.0,66.67
computeAllPrediction_VASARI_LGG.m,72.54,60,84.62,45,100.0,73.08
ComputeAllSimilarityFactors.m,71.0,60,78.57,45,100.0,71.43
ComputeAMatrix.m,74.75,60,93.75,45,100.0,75.0
computeApogeePerigee.m,67.0,30,100.0,30,100.0,75.0
ComputeApproxMarginalsBP.m,73.176,100,55.88,60,100.0,50.0
computeApproxPoly.m,81.014,100,62.03,100,100.0,43.04
ComputeArc.m,64.666,60,60.0,60,100.0,43.33
computeArea.m,68.058,60,76.47,45,100.0,58.82
ComputeAreaRatio_NucleiClump.m,70.316,60,68.42,60,100.0,63.16
computeARI.m,76.666,100,70.83,75,100.0,37.5
computeAssociations_Clinical.m,82.5,100,72.5,75,100.0,65.0
computeAssociations_Clinical_Old.m,79.746,100,67.8,75,100.0,55.93
computeAssociations_NonTextures.m,83.164,100,77.55,75,100.0,63.27
computeAssociations_NonTextures_Old.m,80.294,100,72.06,75,100.0,54.41
computeAssociations_Textures.m,79.546,100,69.32,75,100.0,53.41
computeAssociations_Textures_Old.m,78.712,80,65.87,90,100.0,57.69
computeAtmosphericDecay.m,63.926,60,66.67,30,100.0,62.96
computeAvg.m,81.286,60,92.86,75,100.0,78.57
ComputeAz.m,87.444,100,83.33,90,100.0,63.89
computeB0DirectionMap.m,75.332,100,64.81,60,100.0,51.85
ComputeBaseComponent.m,73.83,80,54.49,100,100.0,34.66
computeBaseline.m,86.0,100,82.86,90,100.0,57.14
computeBGU.m,75.414,100,70.73,60,100.0,46.34
computeBodyAxesFromAeroAngles.m,65.692,60,76.92,30,100.0,61.54
computeBodyAxesFromEuler.m,67.556,30,100.0,30,100.0,77.78
computeBodyAxesFromInertialAeroAngles.m,67.556,30,100.0,30,100.0,77.78
computeBodyFixedGravAccel.m,80.374,80,72.48,90,100.0,59.39
computeBodyJacobian.m,72.888,60,72.22,60,100.0,72.22
computeBoundariesCost.m,72.766,60,94.12,45,100.0,64.71
computeBoundingBox.m,84.668,100,77.78,90,100.0,55.56
computeBounds.m,65.2,60,76.0,30,100.0,60.0
computeCannonicalXformFromIfile.m,70.384,100,73.97,30,100.0,47.95
computeCapacity.m,74.0,60,78.57,60,100.0,71.43
computeCartesianPosition.m,71.546,60,68.18,75,100.0,54.55
computeCentroidAndNormals.m,80.054,100,94.74,45,100.0,60.53
ComputeCentroidBoundaryPairs.m,73.126,80,66.3,75,100.0,44.33
computeCentroids.m,55.544,60,36.36,45,100.0,36.36
ComputeChi_for_CTDprofile.m,83.0,100,70.45,90,100.0,54.55
computeClinicalResults_RF.m,79.3,100,76.34,75,100.0,45.16
computeClu.m,67.0,30,80.0,45,100.0,80.0
computeCoeffs.m,77.532,100,74.47,60,100.0,53.19
computeCoherenceSignificance.m,69.284,30,85.71,45,100.0,85.71
ComputeColNo.m,69.0,30,100.0,15,100.0,100.0
computeColor.m,66.254,100,64.56,30,100.0,36.71
computeColorAndTextonHistograms.m,65.0,60,81.25,15,100.0,68.75
computeColorDistanceHistogram.m,66.0,60,68.75,45,100.0,56.25
computeColorModel.m,64.846,60,61.54,45,100.0,57.69
ComputeConditionedSingletonFeatures.m,67.922,60,69.23,45,100.0,65.38
ComputeConfidenceAsScene.m,70.23,60,76.92,45,100.0,69.23
computeConfidenceInterval2.m,80.192,80,73.45,100,100.0,47.51
computeConnectedComponents.m,70.666,100,61.11,45,100.0,47.22
computeConstraintCustomizedCost.m,79.91,100,97.73,45,100.0,56.82
computeConstraintMatching.m,83.334,100,69.05,100,100.0,47.62
computeconstraintresiduals.m,77.162,100,70.97,60,100.0,54.84
computeContrastMap.m,80.052,80,67.88,100,100.0,52.38
computeContrastMap2.m,80.206,80,70.95,100,100.0,50.08
computeCoordMap.m,71.0,60,75.0,45,100.0,75.0
computeCOR.m,78.086,100,67.39,60,100.0,63.04
computeCorAnal.m,84.242,100,77.27,100,100.0,43.94
computeCorAnal2Freq.m,81.638,80,70.19,100,100.0,58.0
computeCorAnalROI.m,67.206,60,72.41,45,100.0,58.62
computeCorAnalSeries.m,74.142,100,68.57,45,100.0,57.14
computeCorAnalTSeries.m,68.5,60,75.0,45,100.0,62.5
computeCORE9.m,72.532,100,69.14,75,100.0,18.52
computeCORE9_rcc5.m,72.108,100,67.47,75,100.0,18.07
computeCorrelation2ROIMap.m,83.662,100,69.01,100,100.0,49.3
computeCorrelationMap.m,76.29,100,59.68,75,100.0,46.77
computeCortMagFunction.m,74.424,100,63.64,60,100.0,48.48
computeCost.m,58.0,60,50.0,30,100.0,50.0
computeCostAndGradRAE.m,78.812,80,66.67,100,100.0,47.39
computeCostMulti.m,56.46,60,46.15,30,100.0,46.15
computeCounts.m,71.5,60,79.17,60,100.0,58.33
ComputeCovMask.m,81.25,60,81.25,90,100.0,75.0
computeCRFFromPath.m,69.714,60,66.67,60,100.0,61.9
computeCrossScanCorrelationMap.m,74.508,80,56.25,90,100.0,46.29
computeCuboidImgFea.m,74.134,80,71.67,75,100.0,44.0
computeCues.m,60.572,30,71.43,30,100.0,71.43
computeCurl.m,65.908,60,86.36,15,100.0,68.18
ComputeCVAccuracies.m,84.316,100,68.42,90,100.0,63.16
computeDcoeffs.m,63.888,60,83.33,15,100.0,61.11
computeDefaultCarDir.m,74.668,100,77.78,60,100.0,35.56
computeDefaultQdist.m,80.632,100,63.16,90,100.0,50.0
computeDegVisAngle.m,63.512,100,64.1,15,100.0,38.46
computeDegVisAngle_gui.m,61.898,60,68.97,15,100.0,65.52
computeDegVisAngle_helper.m,76.798,100,66.29,75,100.0,42.7
computeDepartArriveDVFromEllipticTarget.m,67.472,60,73.68,30,100.0,73.68
computeDeparture.m,74.262,80,81.08,60,100.0,50.23
computeDepartureOrbit.m,81.268,100,79.1,75,100.0,52.24
computeDepthCues.m,73.8,100,70.0,45,100.0,54.0
computeDerivatives2.m,63.0,60,86.67,15,100.0,53.33
computeDerivatives3.m,61.666,60,85.71,15,100.0,47.62
computeDerivatives_f.m,83.6,100,76.0,90,100.0,52.0
ComputeDescriptorLikelihoods.m,73.82,100,57.58,60,100.0,51.52
ComputeDescriptors.m,72.872,100,87.1,45,100.0,32.26
computeDetectionPoses.m,82.098,100,80.65,75,100.0,54.84
computeDetectionPoses3d.m,74.556,100,72.22,45,100.0,55.56
computeDetectionPosesContinuous.m,69.148,60,77.78,45,100.0,62.96
computeDHA_SUNRGBD.m,65.574,100,55.32,30,100.0,42.55
ComputeDiceBetweenLabels.m,71.456,100,64.91,45,100.0,47.37
computedimacs.m,74.058,100,62.35,75,100.0,32.94
computeDirectionWeights2d4.m,69.334,60,66.67,60,100.0,60.0
computeDirectionWeights3d13.m,68.256,80,57.28,45,100.0,59.0
computeDistance.m,70.666,60,75.0,60,100.0,58.33
ComputeDistanceExtremes.m,68.166,60,70.83,60,100.0,50.0
ComputeDistanceTest.m,73.702,100,63.83,60,100.0,44.68
ComputeDistBetweenLabels.m,71.594,100,66.67,45,100.0,46.3
computeDistMatrix.m,76.666,60,73.33,90,100.0,60.0
computeDistMatrix_AVFC.m,79.692,100,55.38,100,100.0,43.08
computeDivergence.m,62.0,60,66.67,30,100.0,53.33
computeDMFromDV.m,77.526,60,89.47,75,100.0,63.16
computeDriftRate.m,64.0,30,80.0,30,100.0,80.0
ComputedTorque.m,78.0,60,100.0,30,100.0,100.0
computeEccVector.m,72.0,30,100.0,30,100.0,100.0
computeEdges.m,71.334,60,80.0,60,100.0,56.67
computeEigenvectorsAffineConstraint.m,77.648,100,69.12,75,100.0,44.12
computeElementalMatrix.m,84.0,100,68.57,100,100.0,51.43
computeEMLoglik.m,67.092,60,72.73,30,100.0,72.73
computeEnergyBinaryPairwise.m,77.0,100,65.62,60,100.0,59.38
ComputeEqualPairwiseFactors.m,57.0,30,62.5,30,100.0,62.5
computeEquivClasses.m,66.0,60,66.67,45,100.0,58.33
computeError.m,78.0,100,58.33,90,100.0,41.67
computeErrorMatching.m,77.848,60,84.62,60,100.0,84.62
computeEulerAngle.m,70.308,60,84.62,30,100.0,76.92
computeEulerAnglesFromFrameBodyAxes.m,68.0,30,90.0,30,100.0,90.0
computeEulerAnglesFromInertialBodyAxes.m,66.0,30,90.0,30,100.0,80.0
ComputeExactMarginalsBP.m,80.0,60,76.92,90,100.0,73.08
ComputeExactMarginalsHMM.m,72.6,60,68.0,75,100.0,60.0
ComputeExpansion.m,78.0,100,62.86,90,100.0,37.14
computeExtCORE9c.m,72.978,100,51.69,75,100.0,38.2
computeExtCORE9w.m,80.272,100,78.41,90,100.0,32.95
computeFeature.m,63.5,60,58.33,45,100.0,54.17
computeFeatureByImages.m,83.43,60,89.29,100,100.0,67.86
computeFeatures.m,73.112,70,76.54,75,100.0,44.02
computeFFRTcoeff.m,75.222,80,86.11,75,100.0,35.0
computeFGSMAttack.m,68.0,60,80.0,30,100.0,70.0
computeFitness.m,75.284,60,85.71,45,100.0,85.71
computeFluxConsistentReactionPresence.m,81.686,100,65.06,100,100.0,43.37
computeFluxSplits.m,79.94,60,82.35,75,100.0,82.35
computeFlyByParameters.m,64.666,60,76.19,30,100.0,57.14
computeForwardKinematics.m,70.668,60,66.67,60,100.0,66.67
computeFR.m,73.386,60,92.31,30,100.0,84.62
computeFsym.m,67.918,100,44.9,60,100.0,34.69
computeGaussMixISE.m,78.094,100,60.71,100,100.0,29.76
computeGenGaussianFit.m,65.826,60,73.91,30,100.0,65.22
ComputeGeodesicProjection.m,71.07,100,51.16,60,100.0,44.19
ComputeGeometry.m,74.588,60,76.47,60,100.0,76.47
ComputeGlareImage.m,71.024,100,53.66,60,100.0,41.46
computeGlobalCMVN.m,79.186,100,72.09,75,100.0,48.84
computeGlobalCMVN_obj.m,80.116,100,72.09,75,100.0,53.49
computeGlobalDistanceMeasure.m,81.032,100,74.19,60,100.0,70.97
computeGlobalPCA.m,78.83,100,72.34,75,100.0,46.81
computeGlobalRealismScore.m,62.06,60,70.59,15,100.0,64.71
computeGO.m,76.726,100,76.36,60,100.0,47.27
ComputeGOSPAerror.m,60.714,60,66.67,15,100.0,61.9
ComputeGOSPAerror_all_trajectory.m,75.842,100,73.68,45,100.0,60.53
ComputeGOSPAerror_trajectory.m,76.568,100,75.68,45,100.0,62.16
computeGrad.m,69.25,60,87.5,30,100.0,68.75
computeGradAtPoint.m,81.158,100,65.79,90,100.0,50.0
computeGradient.m,76.108,100,54.05,90,100.0,36.49
computeGradientHS038.m,61.0,30,100.0,15,100.0,60.0
computeGradientMFLDA.m,81.524,100,78.57,60,100.0,69.05
computeGradientOfBackSlash.m,65.166,60,75.0,45,100.0,45.83
ComputeGradients.m,61.636,60,72.73,30,100.0,45.45
ComputeGradients2D.m,75.942,80,96.18,60,100.0,43.53
computeGradNorm.m,81.304,60,78.26,90,100.0,78.26
computeGuess.m,65.142,60,75.0,30,100.0,60.71
computeH.m,69.384,60,65.38,60,100.0,61.54
computeHistogram.m,70.668,60,66.67,60,100.0,66.67
computeHomogeneousTransform.m,72.572,60,71.43,60,100.0,71.43
computeHourAngle.m,67.0,60,75.0,30,100.0,70.0
computeHVect.m,72.0,30,100.0,30,100.0,100.0
computeHyperAFromMean.m,72.0,30,100.0,30,100.0,100.0
computeHyperAFromTrueAnom.m,72.0,30,100.0,30,100.0,100.0
computeHyperOrbitFromFlybyParams.m,76.742,100,77.42,45,100.0,61.29
computeHyperOrbitFromMultiFlybyParams.m,77.0,100,77.5,45,100.0,62.5
computeHyperSVectOVect.m,70.222,60,88.89,30,100.0,72.22
computeHypOrbitFromEllipticTarget.m,71.962,100,62.96,45,100.0,51.85
computeIGT_row.m,80.588,100,55.88,100,100.0,47.06
computeImageAttributes.m,86.506,100,77.11,100,100.0,55.42
ComputeImageFactor.m,63.882,60,70.59,30,100.0,58.82
computeImagesGui.m,69.0,60,66.67,60,100.0,58.33
computeInertialAeroAnglesFromBodyAxes.m,68.768,60,76.92,30,100.0,76.92
computeInertialBodyAxesFromFrameAeroAngles.m,77.57,100,77.14,45,100.0,65.71
computeInertialBodyAxesFromFrameEuler.m,78.698,100,78.79,45,100.0,69.7
computeInitialEllipsoid.m,79.644,100,55.36,100,100.0,42.86
ComputeInitialPotentials.m,76.404,100,59.65,75,100.0,47.37
ComputeInlierRate.m,67.936,100,64.52,30,100.0,45.16
ComputeInputSignals.m,76.452,80,56.1,100,100.0,46.16
computeInternalMetaboliteProduction.m,75.494,80,56.14,100,100.0,41.33
computeIntersectionArea.m,58.0,30,80.0,30,100.0,50.0
ComputeIntersectionPoints.m,65.0,60,83.33,15,100.0,66.67
ComputeInvPolarApData.m,76.584,100,75.0,60,100.0,47.92
computeISIprop.m,74.608,100,60.87,60,100.0,52.17
computeJGConstraints.m,65.0,60,70.0,45,100.0,50.0
computeJGGradient.m,69.57,100,65.71,45,100.0,37.14
computeJGHessian.m,82.742,100,77.42,75,100.0,61.29
computeJGJacobian.m,71.77,80,65.35,45,100.0,68.5
computeJGObjective.m,72.556,100,63.89,60,100.0,38.89
ComputeJointDistribution.m,76.23,60,76.92,75,100.0,69.23
computeKappas.m,54.428,100,32.14,15,100.0,25.0
computeKCcorrection.m,70.876,100,59.38,45,100.0,50.0
ComputeKernel.m,74.938,100,43.04,100,100.0,31.65
computeKernelMatrix.m,86.11,100,72.22,100,100.0,58.33
ComputeKernels.m,81.364,100,72.73,75,100.0,59.09
ComputeKernelTest.m,77.538,100,50.77,100,100.0,36.92
computeKFirstEigenvectors.m,79.374,100,65.62,75,100.0,56.25
ComputeL.m,75.182,60,72.73,75,100.0,68.18
computeLabelWeights.m,72.852,60,88.89,45,100.0,70.37
computeLaunchWindows.m,77.0,100,75.0,60,100.0,50.0
ComputeLDRStackHistogram.m,62.6,60,56.0,45,100.0,52.0
computeLinearRelationMap.m,82.344,80,71.93,100,100.0,59.79
computeLinearRelationMapOld.m,81.634,100,68.37,100,100.0,39.8
ComputeLinePtVote.m,77.25,60,93.75,45,100.0,87.5
computelnZ.m,78.782,60,91.3,60,100.0,82.61
computelnZconst.m,67.556,30,88.89,30,100.0,88.89
computeLoadingPercentPower.m,69.0,30,90.0,45,100.0,80.0
computeLocalFlux.m,56.0,30,70.0,30,100.0,50.0
ComputeLogLikelihood.m,82.142,100,83.33,75,100.0,52.38
ComputeLP_metric_all_error.m,73.21,100,63.16,45,100.0,57.89
ComputeLP_metric_all_error_final.m,73.446,100,66.67,45,100.0,55.56
ComputeLP_metric_error.m,73.572,100,68.57,45,100.0,54.29
computeLR.m,69.0,60,68.75,60,100.0,56.25
computeLTIs.m,64.744,70,61.61,45,100.0,47.11
computeLvlhCurviPos.m,69.158,100,64.91,30,100.0,50.88
computeLvlhPos.m,65.144,60,71.43,30,100.0,64.29
computeLyap.m,55.0,60,55.56,15,100.0,44.44
computem.m,71.0,60,78.57,45,100.0,71.43
ComputeMarginal.m,67.556,30,88.89,30,100.0,88.89
computemasterslave.m,68.744,100,69.23,45,100.0,29.49
computeMcoeffs.m,74.858,100,74.29,60,100.0,40.0
computemean.m,69.0,30,100.0,15,100.0,100.0
computeMeanFromTrueAnom.m,60.758,60,62.07,30,100.0,51.72
computeMeanMap.m,83.548,100,70.97,100,100.0,46.77
computeMeanMotion.m,72.0,30,100.0,30,100.0,100.0
computeMeshEdges.m,77.052,100,61.54,75,100.0,48.72
computeMetabolicDistance.m,82.906,100,69.81,90,100.0,54.72
computeMetaSample.m,87.726,100,77.27,100,100.0,61.36
computeMetFormulae.m,76.992,70,66.2,100,100.0,48.76
computeMin2Norm_HH.m,80.308,100,61.54,90,100.0,50.0
computeMin2Norm_HH_ori.m,75.334,60,75.0,75,100.0,66.67
computeMinDist.m,76.03,80,68.64,90,100.0,41.51
computeMinkowski2D.m,76.214,80,52.25,100,100.0,48.82
computeMinkowski3D.m,73.504,80,49.52,100,100.0,38.0
computeMinMarginalsPairwiseBinary.m,81.53,100,62.75,90,100.0,54.9
computeModelChoiceCT_batchHN.m,82.688,100,73.44,90,100.0,50.0
computeModelCoefficients.m,82.58,100,66.13,100,100.0,46.77
computeModelCoefficientsAerts_batchHN.m,82.714,100,83.93,60,100.0,69.64
computeModelCoefficientsAerts_batchHN_Old.m,82.0,100,82.76,60,100.0,67.24
computeModelCoefficientsCT_batchHN.m,83.106,100,70.21,90,100.0,55.32
computeModelCoefficientsTimeAerts_batchHN.m,83.428,100,83.93,60,100.0,73.21
computeModelCoefficientsTimeAerts_batchHN_Old.m,82.0,100,82.76,60,100.0,67.24
computeModelCoefficientsTime_Aerts.m,68.0,60,77.78,30,100.0,72.22
computeModelCoefficientsTime_batchHN.m,80.888,100,80.0,60,100.0,64.44
computeModelCoefficientsTime_batchHN_Old.m,81.778,100,82.22,60,100.0,66.67
computeModelCoefficientsTime_HN.m,76.0,100,64.0,60,100.0,56.0
computeModelCoefficients_Aerts.m,69.764,60,82.35,30,100.0,76.47
computeModelCoefficients_batchHN.m,81.334,100,80.0,60,100.0,66.67
computeModelCoefficients_batchHN_Old.m,81.778,100,82.22,60,100.0,66.67
computeModelCoefficients_batchLGG.m,81.334,100,80.0,60,100.0,66.67
computeModelCoefficients_HN.m,80.908,100,65.45,90,100.0,49.09
computeModelProperties.m,77.696,100,64.04,75,100.0,49.44
ComputeMorrisSensi.m,83.182,100,75.0,75,100.0,65.91
computeMultiFlyByParameters.m,66.462,60,80.77,30,100.0,61.54
ComputeMultiscaleEntropy.m,80.89,100,57.78,100,100.0,46.67
computeMutualCoherence.m,69.778,30,100.0,30,100.0,88.89
ComputeMVM.m,77.744,80,64.39,100,100.0,44.33
computeMW.m,85.144,100,72.86,100,100.0,52.86
computeNcoeffs.m,65.0,60,90.91,15,100.0,59.09
computeNcutConstraint_projection.m,78.31,100,53.52,100,100.0,38.03
computeNedFrame.m,68.77,60,84.62,30,100.0,69.23
computeNedFrameInFrame.m,68.668,60,86.67,30,100.0,66.67
computeNeighbors.m,71.91,60,81.82,45,100.0,72.73
ComputeNetworkComponent.m,72.332,100,64.58,45,100.0,52.08
computeNewBranch.m,66.5,60,58.33,60,100.0,54.17
ComputeNormlizedSGD.m,71.22,100,57.14,60,100.0,38.96
ComputeNow.m,76.702,100,50.52,100,100.0,32.99
ComputeNow_radix2.m,49.0,30,50.0,15,100.0,50.0
computeNsym.m,79.482,100,64.2,90,100.0,43.21
computeNumericalGradient.m,65.706,60,70.59,45,100.0,52.94
computeNumericalGradientLayer_tree2.m,71.564,80,58.82,75,100.0,44.0
computeNumericalGradient_SR.m,73.286,60,78.57,60,100.0,67.86
computeNumericalGradient_with_mask.m,88.0,100,80.0,100,100.0,60.0
computeNumSamples.m,71.616,60,61.54,75,100.0,61.54
computeObjectiveHS038.m,61.5,30,100.0,15,100.0,62.5
computeObjectiveMFLDA.m,60.112,30,77.78,15,100.0,77.78
computeObjectiveValue.m,66.0,60,68.75,45,100.0,56.25
ComputeObjFnGivenData.m,61.0,30,80.0,15,100.0,80.0
ComputeObjFnGivenMeshes.m,66.334,60,66.67,45,100.0,60.0
computeOmnivariance.m,77.5,100,47.5,100,100.0,40.0
computeOpenloopSolution.m,62.5,30,75.0,45,100.0,62.5
computeOverlapMap.m,80.956,80,67.89,100,100.0,56.89
ComputePairwiseFactors.m,71.778,60,72.22,60,100.0,66.67
computePandPi.m,79.446,100,66.67,75,100.0,55.56
computePanoOmap.m,75.544,100,75.95,60,100.0,41.77
computeParetoOptimality.m,76.228,80,58.82,100,100.0,42.32
computePascalScore.m,72.0,30,100.0,30,100.0,100.0
computePCK.m,62.82,60,54.55,45,100.0,54.55
computePerClassAspectRatios.m,86.25,100,79.69,100,100.0,51.56
computePeriod.m,69.284,30,85.71,45,100.0,85.71
computePGDAttack.m,70.206,60,75.86,60,100.0,55.17
ComputePolCoeff.m,55.0,60,56.25,15,100.0,43.75
computePolyMeasFIM.m,73.022,100,53.85,75,100.0,36.26
computePorkChopData.m,77.236,80,67.61,90,100.0,48.57
computePositionVariance.m,69.882,60,70.59,60,100.0,58.82
computePosterior2D.m,67.25,60,68.75,45,100.0,62.5
computePreciseUB.m,77.684,60,84.21,60,100.0,84.21
ComputePrecisionRecall.m,73.162,80,50.81,90,100.0,45.0
computePredictionCT_batchHN.m,83.396,100,74.6,90,100.0,52.38
computePredictionStruct.m,76.898,100,71.43,60,100.0,53.06
ComputePreTurn.m,76.888,80,77.22,75,100.0,52.22
computeProbMap.m,82.706,100,73.53,90,100.0,50.0
computePrognosisMetrics.m,84.51,100,86.89,75,100.0,60.66
computeProjectedMap.m,77.372,60,85.19,75,100.0,66.67
computePropLongISI.m,66.926,60,70.37,45,100.0,59.26
computePropOpPoint.m,54.714,30,71.43,15,100.0,57.14
ComputePSNR.m,62.332,30,83.33,15,100.0,83.33
computePSS.m,73.556,30,88.89,60,100.0,88.89
computeQ.m,73.0,60,86.67,45,100.0,73.33
computequality.m,70.126,100,60.56,45,100.0,45.07
computeQualityMetrics.m,62.168,60,66.67,30,100.0,54.17
ComputeR.m,59.518,60,48.15,45,100.0,44.44
computeR1.m,63.112,30,77.78,30,100.0,77.78
computeR1obs.m,60.0,30,80.0,30,100.0,60.0
computeR1_Test.m,76.62,100,54.05,75,100.0,54.05
computeRadiusFromTrueAEcc.m,72.0,30,100.0,30,100.0,100.0
computeRandomVectorCentroid.m,77.728,100,65.91,75,100.0,47.73
computeRatioConfidenceInterval.m,75.78,80,67.78,90,100.0,41.12
computeReconstructionFeatures.m,78.254,80,65.22,100,100.0,46.05
computeReferencePhase.m,86.342,100,73.17,100,100.0,58.54
computeRelativeRotations.m,68.274,60,72.73,45,100.0,63.64
computeRepresentation.m,79.878,100,68.29,75,100.0,56.1
computeRerankScores.m,75.12,80,66.23,75,100.0,54.37
computeRescuedGenes.m,76.998,80,64.8,100,100.0,40.19
computeResidual.m,64.0,60,57.69,60,100.0,42.31
ComputeResponseXOR.m,66.856,60,61.9,60,100.0,52.38
computeResStdMap.m,82.878,100,73.17,90,100.0,51.22
computerInfo.m,84.144,60,92.86,75,100.0,92.86
computerInfoTest.m,74.526,60,78.95,60,100.0,73.68
computeRobNeighborhoods.m,71.562,80,66.49,75,100.0,36.32
computeROC.m,81.818,100,77.27,75,100.0,56.82
computeROI.m,83.19,100,68.12,100,100.0,47.83
ComputeRowNo.m,78.0,30,100.0,60,100.0,100.0
computeRVFpaFromSmaEccTru.m,72.0,30,100.0,30,100.0,100.0
computeSAD.m,76.334,100,61.67,75,100.0,45.0
ComputeSaliency.m,70.332,100,64.44,45,100.0,42.22
computeSaliency_demo.m,84.21,80,76.42,100,100.0,64.63
computeSampleThirdMoments.m,58.85,80,28.79,60,100.0,25.46
ComputeSCDs.m,71.546,60,63.64,75,100.0,59.09
computeSED_NOnorm.m,75.556,100,61.11,75,100.0,41.67
computeSeg.m,82.0,100,76.0,90,100.0,44.0
computeSelectedFeaturesMap.m,78.958,100,76.09,60,100.0,58.7
computeSentRepresentations.m,77.666,80,67.89,75,100.0,65.44
computeSf.m,70.23,60,76.92,45,100.0,69.23
computeSigmaMap.m,74.236,100,73.53,30,100.0,67.65
computesigmanoise.m,82.0,60,87.5,75,100.0,87.5
computeSigmoid.m,69.0,30,100.0,15,100.0,100.0
ComputeSimilarity.m,66.0,60,60.0,60,100.0,50.0
ComputeSimilarityFactor.m,74.332,60,83.33,45,100.0,83.33
ComputeSingletonFactors.m,68.692,60,69.23,45,100.0,69.23
computeSINRs_MMSE.m,62.25,60,56.25,45,100.0,50.0
computeSliceRGB.m,81.856,100,68.57,75,100.0,65.71
computeSLThrustToWeight.m,66.284,30,85.71,30,100.0,85.71
computeSmaEccFromRaRp.m,72.0,30,100.0,30,100.0,100.0
computeSmaEccTruFromRVFpa.m,71.332,60,83.33,30,100.0,83.33
computeSMAFromPeriod.m,64.0,30,80.0,30,100.0,80.0
computeSnrMap.m,82.248,100,67.42,100,100.0,43.82
computeSpatialGradient.m,77.858,100,60.0,75,100.0,54.29
computeSpatialJacobian.m,72.888,60,72.22,60,100.0,72.22
computeSpectralPowers.m,72.666,100,85.71,30,100.0,47.62
computeSpikeProp.m,66.758,60,62.07,60,100.0,51.72
computeSr.m,67.728,60,90.91,15,100.0,72.73
computeSR_ADOPapprox.m,68.0,30,75.0,60,100.0,75.0
computeSR_IBexact.m,60.0,30,70.0,30,100.0,70.0
computeSR_LB_Eigenvalue.m,59.5,30,75.0,30,100.0,62.5
computeSR_LB_Pullin.m,58.0,30,70.0,30,100.0,60.0
computeSR_LB_Variance.m,60.572,30,71.43,30,100.0,71.43
computeSR_Numerical.m,79.5,80,50.0,100,100.0,67.5
computeSR_UB_ADOP.m,64.0,30,70.0,60,100.0,60.0
computeSR_UB_Eigenvalue.m,62.0,30,75.0,30,100.0,75.0
computeSR_UB_Pullin.m,75.34,100,54.24,75,100.0,47.46
computeStability.m,82.4,100,86.0,60,100.0,66.0
computeStateResponses.m,73.4,60,68.0,75,100.0,64.0
computeStaticMargin.m,76.77,100,87.18,30,100.0,66.67
computeStatistics.m,67.088,60,65.22,45,100.0,65.22
ComputeStatisticsOnDistMat.m,72.488,100,53.66,60,100.0,48.78
computeStatsOnComplexVectors.m,66.222,60,66.67,60,100.0,44.44
computeStdMap.m,83.582,100,74.42,90,100.0,53.49
ComputeStokesDual.m,63.262,60,68.42,30,100.0,57.89
ComputeStokesQuad.m,61.332,60,72.22,30,100.0,44.44
computeStreamlines.m,73.068,80,58.67,90,100.0,36.67
computeStreamlines2D3DProximity.m,75.582,100,56.04,90,100.0,31.87
ComputeStripes.m,66.968,70,42.21,90,100.0,32.63
computeSum.m,68.332,30,83.33,45,100.0,83.33
computeSunDotNormal.m,72.0,30,100.0,30,100.0,100.0
computeSUVmap.m,85.5,100,72.5,100,100.0,55.0
computeSynodicPeriod.m,72.0,30,100.0,30,100.0,100.0
computeSyntheticExampleMatching.m,79.0,100,73.33,75,100.0,46.67
computeTalairach.m,74.588,70,64.88,100,100.0,38.06
computeTCircFromMultipleScans.m,68.5,60,75.0,45,100.0,62.5
computeTemplateWaveformDuration.m,63.716,60,64.29,30,100.0,64.29
ComputeTestExamples.m,62.0,30,75.0,30,100.0,75.0
computeTextons.m,74.334,60,91.67,45,100.0,75.0
computeTFP.m,75.988,80,67.72,90,100.0,42.22
computeTFPmulticut.m,75.988,80,67.72,90,100.0,42.22
computeTFP_spatial.m,76.216,80,67.44,90,100.0,43.64
ComputeTimeBandwidth.m,86.708,100,85.37,75,100.0,73.17
ComputeTraj.m,70.502,70,46.17,100,100.0,36.34
ComputeTrajSensi.m,79.01,100,61.62,90,100.0,43.43
computeTrans.m,73.63,60,89.47,45,100.0,73.68
ComputeTripletFactors.m,73.958,60,69.57,75,100.0,65.22
computeTRNrisk.m,82.738,100,70.53,100,100.0,43.16
computeTrueAFromRadiusEcc.m,72.0,30,100.0,30,100.0,100.0
computeTrueAnomFromEccAnom.m,72.0,30,100.0,30,100.0,100.0
computeTrueAnomFromHypAnom.m,72.0,30,100.0,30,100.0,100.0
computeTrueAnomFromMean.m,68.0,60,76.0,60,100.0,44.0
computeTrueThrustToWeight.m,66.284,30,85.71,30,100.0,85.71
computeTruOfAscDescNodes.m,67.0,30,87.5,30,100.0,87.5
computetSNRMap.m,85.098,100,72.55,100,100.0,52.94
computeTSResStd.m,68.8,100,64.0,30,100.0,50.0
ComputeTWA.m,73.0,30,80.0,75,100.0,80.0
computeTwist.m,74.91,60,81.82,60,100.0,72.73
computeTWRatio.m,68.768,60,76.92,30,100.0,76.92
ComputeUnconditionedPairFeatures.m,68.446,60,66.67,60,100.0,55.56
ComputeUnconditionedSingleFeatures.m,69.0,60,70.0,45,100.0,70.0
ComputeUnconditionedSingletonFeatures.m,69.0,60,70.0,45,100.0,70.0
computeUniversalTextons.m,65.408,60,70.37,30,100.0,66.67
computeUptakeSecretion.m,76.622,80,61.78,100,100.0,41.33
computeUVN.m,68.692,60,76.92,45,100.0,61.54
computeV.m,84.522,100,73.91,90,100.0,58.7
computeValidDimensions.m,73.092,60,72.73,60,100.0,72.73
computeVariablesIndices.m,67.092,60,72.73,30,100.0,72.73
computeVelCoeffsMtx.m,66.216,60,73.91,45,100.0,52.17
computeVelFrameInVvlhFrame.m,70.0,60,80.0,30,100.0,80.0
computeVolumeResults_Regression.m,76.826,100,76.09,45,100.0,63.04
computeVolumeResults_RF.m,79.138,100,71.26,75,100.0,49.43
computeVvlhFrame.m,72.0,30,100.0,30,100.0,100.0
computeW.m,63.284,30,85.71,15,100.0,85.71
computeWaveformProp.m,80.096,100,73.81,60,100.0,66.67
ComputeWavelets.m,82.326,100,62.79,100,100.0,48.84
computeWB.m,69.112,30,77.78,60,100.0,77.78
computeWeight.m,76.304,100,71.74,75,100.0,34.78
computeWhiteBalanceGrayWorld.m,67.668,60,66.67,45,100.0,66.67
computeWindFrame.m,67.556,30,88.89,30,100.0,88.89
computeWIShale.m,82.198,100,68.13,100,100.0,42.86
computeWishTrace.m,79.942,60,88.24,75,100.0,76.47
ComputeWordPredictions.m,63.0,30,70.0,45,100.0,70.0
computeXformFromIfile.m,72.774,100,71.7,45,100.0,47.17
computeXorthonormal.m,65.666,30,100.0,15,100.0,83.33
Compute_300VW_errors.m,70.83,80,71.32,60,100.0,42.83
compute_adjacent_stats.m,73.924,100,61.54,60,100.0,48.08
compute_aff_transform.m,85.26,60,95.65,75,100.0,95.65
compute_airway_fwhm.m,80.454,100,68.18,100,100.0,34.09
compute_all_patch.m,74.466,100,61.33,75,100.0,36.0
compute_all_ucms.m,75.466,100,49.3,90,100.0,38.03
compute_alphas.m,55.0,60,53.85,15,100.0,46.15
compute_alpha_map.m,87.412,100,76.47,90,100.0,70.59
compute_angle.m,65.666,30,100.0,15,100.0,83.33
compute_angle_dist.m,66.234,60,82.35,30,100.0,58.82
compute_ap.m,79.0,100,77.5,60,100.0,57.5
compute_approximate_dynamic_images.m,76.364,60,68.18,90,100.0,63.64
compute_ap_boxesin.m,75.534,80,64.74,90,100.0,42.93
compute_AP_multiCam.m,69.21,100,50.0,60,100.0,36.05
compute_AP_multiCam_multi.m,69.412,100,50.59,60,100.0,36.47
compute_AP_short.m,75.334,60,75.0,75,100.0,66.67
compute_audio_feats.m,81.298,80,76.13,100,100.0,50.36
compute_autopilot_gains.m,66.984,100,82.54,0,100.0,52.38
compute_average_precision.m,69.926,60,70.37,60,100.0,59.26
compute_average_recall.m,74.334,60,86.67,45,100.0,80.0
compute_ave_recall_of_bbox.m,80.074,80,69.91,90,100.0,60.46
compute_azim_spectra.m,82.294,80,78.3,90,100.0,63.17
compute_A_and_b_Gauss_Newton.m,63.758,60,75.86,45,100.0,37.93
compute_base_features.m,68.086,80,46.79,75,100.0,38.64
compute_base_mesh.m,79.606,80,89.58,90,100.0,38.45
compute_batch_coverage.m,70.0,60,80.0,45,100.0,65.0
compute_bef.m,78.69,100,62.07,90,100.0,41.38
compute_bel.m,87.0,60,87.5,100,100.0,87.5
compute_bellman_residual.m,73.888,100,50.0,75,100.0,44.44
compute_bending_invariant.m,88.908,100,86.36,90,100.0,68.18
compute_best_threshold.m,79.336,80,67.61,100,100.0,49.07
compute_best_threshold_nlmeans.m,81.592,100,67.05,100,100.0,40.91
compute_big.m,61.668,60,77.78,15,100.0,55.56
compute_bnet_nparams.m,75.0,30,100.0,45,100.0,100.0
compute_Bode_grid.m,76.728,60,81.82,60,100.0,81.82
compute_boundary.m,76.352,100,62.89,90,100.0,28.87
compute_boundingbox.m,65.272,60,90.91,30,100.0,45.45
compute_box_from_room.m,72.246,80,60.81,90,100.0,30.42
compute_brisque_features_for_feature_fusion.m,82.888,80,74.11,100,100.0,60.33
compute_burdens.m,69.89,80,60.15,60,100.0,49.3
compute_butterfly_neighbors.m,75.666,60,80.0,75,100.0,63.33
compute_B_primary.m,72.334,60,70.0,75,100.0,56.67
compute_centroids.m,66.112,30,77.78,45,100.0,77.78
compute_children.m,75.0,30,100.0,45,100.0,100.0
compute_circular_jet_hue.m,72.53,100,75.0,45,100.0,42.65
COMPUTE_CIRCULATION.m,64.556,30,100.0,15,100.0,77.78
compute_clutering_metric.m,69.492,80,61.11,60,100.0,46.35
compute_cmc.m,66.284,30,85.71,30,100.0,85.71
compute_coeffs_1_2_3_4_5_9_13_17_33_49_approx.m,72.478,100,98.55,45,100.0,18.84
compute_coeffs_solver_WQ.m,73.01,80,99.05,45,100.0,41.0
compute_coeffs_solver_WQ_approx.m,74.25,100,100.0,45,100.0,26.25
compute_coeff_var.m,53.0,30,60.0,15,100.0,60.0
compute_cohcorrgram_dwelltimes.m,88.718,100,76.92,100,100.0,66.67
compute_coherenc.m,59.0,30,75.0,15,100.0,75.0
compute_coherence.m,59.0,30,75.0,15,100.0,75.0
compute_coherence_criterion.m,61.0,30,80.0,15,100.0,80.0
compute_collineation.m,58.438,100,52.63,15,100.0,24.56
compute_combinatorial_laplacian.m,72.554,100,58.33,60,100.0,44.44
compute_comparison_matrix.m,64.636,60,68.18,45,100.0,50.0
compute_compass_calibration_coefficients.m,76.674,80,70.87,60,100.0,72.5
compute_compressed_sensing_matrix.m,83.158,100,76.32,100,100.0,39.47
compute_conditional_histogram.m,79.068,100,72.88,75,100.0,47.46
compute_connections.m,69.0,60,66.67,60,100.0,58.33
compute_constraint_distance_2param_6eq_3unk.m,66.334,100,95.56,15,100.0,21.11
compute_constraint_distance_3param_6eq_6unk.m,62.216,80,97.04,15,100.0,19.04
compute_constraint_distance_orthog_4param_9eq_10unk.m,58.994,70,98.9,15,100.0,11.07
compute_cooling_schedule.m,75.0,30,100.0,45,100.0,100.0
compute_correlation_coefficients.m,75.132,100,68.67,60,100.0,46.99
compute_correlation_error.m,78.546,60,90.91,60,100.0,81.82
compute_cosine_score.m,72.0,30,100.0,30,100.0,100.0
compute_CostDataTerm_SENSE.m,68.332,60,83.33,15,100.0,83.33
compute_Cost_SENSE.m,72.066,100,56.0,75,100.0,29.33
compute_counts.m,72.0,30,100.0,30,100.0,100.0
compute_crossover.m,65.5,100,50.0,45,100.0,32.5
Compute_CTDchipod_profile.m,79.464,80,68.32,75,100.0,74.0
compute_ctrl_energy.m,72.0,30,100.0,30,100.0,100.0
compute_ctrl_error.m,72.0,30,100.0,30,100.0,100.0
compute_data.m,67.704,60,62.96,60,100.0,55.56
compute_data_gpu.m,75.874,80,62.16,90,100.0,47.21
compute_delaunay.m,65.0,30,75.0,45,100.0,75.0
compute_descriptors.m,79.636,100,71.01,75,100.0,52.17
compute_descriptors_with_landmarks.m,70.666,60,71.43,60,100.0,61.9
compute_descriptors_with_regions.m,76.0,60,75.0,75,100.0,70.0
compute_det_bbox.m,82.144,100,69.05,100,100.0,41.67
compute_det_curve.m,65.666,60,80.0,15,100.0,73.33
compute_deviator_tensor.m,80.75,60,87.5,75,100.0,81.25
compute_diag_error.m,64.638,60,63.64,45,100.0,54.55
compute_difference.m,73.374,100,65.62,45,100.0,56.25
compute_diff_last_first.m,53.0,30,60.0,15,100.0,60.0
compute_diff_odd_even.m,53.0,30,60.0,15,100.0,60.0
compute_distances.m,85.5,100,82.14,90,100.0,55.36
compute_distance_graph.m,70.896,60,72.41,60,100.0,62.07
compute_distance_matrix.m,72.922,100,54.55,75,100.0,35.06
compute_dual.m,67.5,30,87.5,45,100.0,75.0
compute_dual_prox.m,59.0,30,75.0,15,100.0,75.0
compute_dubins_param.m,77.168,80,74.79,90,100.0,41.05
compute_eccentricity_transform.m,75.646,100,66.67,75,100.0,36.56
compute_edge_face_ring.m,58.332,60,70.83,15,100.0,45.83
compute_edge_patches.m,82.25,100,72.5,100,100.0,38.75
compute_eer.m,64.0,30,87.5,15,100.0,87.5
compute_eigenvector_ratio.m,70.0,30,87.5,45,100.0,87.5
compute_epipole.m,66.308,100,50.0,45,100.0,36.54
compute_erc_criterion.m,67.308,60,84.62,15,100.0,76.92
compute_erp_features.m,74.858,100,67.86,60,100.0,46.43
compute_err.m,77.924,80,67.62,90,100.0,52.0
compute_error.m,74.788,100,73.68,45,100.0,55.26
compute_errors.m,65.444,60,70.37,45,100.0,51.85
compute_error_menpo_1.m,76.118,100,67.65,60,100.0,52.94
compute_error_menpo_prof.m,68.5,60,70.83,45,100.0,66.67
compute_error_menpo_small.m,75.42,100,68.42,60,100.0,48.68
compute_error_small.m,73.706,100,70.59,45,100.0,52.94
compute_ersp_times.m,79.942,60,88.24,75,100.0,76.47
compute_event_exceptionality.m,77.87,80,69.92,90,100.0,49.43
compute_extrinsic.m,67.952,100,51.19,60,100.0,28.57
compute_extrinsic_init.m,67.952,80,52.1,75,100.0,32.66
compute_extrinsic_init_fisheye.m,67.852,80,52.1,75,100.0,32.16
compute_extrinsic_refine.m,71.104,100,50.65,75,100.0,29.87
compute_extrinsic_refine2.m,70.802,100,49.38,75,100.0,29.63
compute_extrinsic_refine_fisheye.m,71.104,100,50.65,75,100.0,29.87
compute_eye_corner_error.m,70.412,60,82.35,45,100.0,64.71
compute_f.m,77.626,100,84.38,60,100.0,43.75
compute_F1.m,65.058,60,76.47,30,100.0,58.82
compute_face_ring.m,70.734,100,60.76,60,100.0,32.91
compute_families.m,72.142,30,100.0,45,100.0,85.71
compute_families_dbn.m,72.5,30,100.0,45,100.0,87.5
compute_features.m,79.444,100,71.11,75,100.0,51.11
compute_features_stft2.m,79.314,100,68.63,75,100.0,52.94
Compute_Feq.m,83.21,100,70.37,100,100.0,45.68
compute_fidelity.m,79.38,60,80.95,75,100.0,80.95
compute_fidelity_for_line_search.m,75.236,60,70.59,75,100.0,70.59
compute_final_multiperson_prediction.m,76.21,100,71.05,60,100.0,50.0
compute_final_prediction_single_person.m,76.61,100,67.82,75,100.0,40.23
compute_fMap.m,81.246,80,74.8,100,100.0,51.43
compute_fMap_adjoint.m,83.234,100,79.41,75,100.0,61.76
compute_fMap_regular.m,85.586,100,81.03,90,100.0,56.9
compute_fMap_regular_with_orientationOp.m,87.834,100,82.47,100,100.0,56.7
compute_forces_moments.m,68.472,100,57.89,45,100.0,39.47
compute_fourier_matrix.m,69.0,30,100.0,15,100.0,100.0
compute_FO_mix.m,68.99,70,41.39,100,100.0,33.56
compute_frame_weights.m,71.91,60,81.82,45,100.0,72.73
compute_friquee_features_for_feature_fusion.m,82.482,80,74.59,100,100.0,57.82
compute_fuchs_criterion.m,75.428,60,85.71,60,100.0,71.43
compute_full_features.m,63.6,60,68.0,30,100.0,60.0
compute_full_rank_constraint.m,73.308,60,84.62,45,100.0,76.92
compute_fwd_interface.m,73.556,30,88.89,60,100.0,88.89
compute_gabor_features.m,81.038,100,75.47,75,100.0,54.72
compute_gabor_filter.m,69.714,60,67.86,60,100.0,60.71
compute_gains.m,73.606,100,92.42,15,100.0,60.61
compute_gait_densities.m,65.334,60,85.19,0,100.0,81.48
compute_GD_feat.m,63.068,60,58.62,45,100.0,51.72
compute_geodesic_dist_matrix.m,70.154,60,69.23,60,100.0,61.54
compute_geodesic_mesh.m,77.192,80,66.89,100,100.0,39.07
compute_geometric_laplacian.m,73.032,80,61.49,90,100.0,33.67
compute_global_error.m,77.274,100,56.82,75,100.0,54.55
compute_gmlog_features_for_feature_fusion.m,82.618,80,74.77,100,100.0,58.32
compute_Golden_Ratio_Error.m,72.0,100,53.85,60,100.0,46.15
compute_gradients.m,72.388,80,54.75,90,100.0,37.19
compute_gradient_tensor.m,80.588,60,82.35,90,100.0,70.59
compute_grads_local.m,80.08,100,73.02,75,100.0,52.38
compute_gratio.m,58.668,30,66.67,30,100.0,66.67
compute_gravity_data.m,73.65,80,52.7,90,100.0,45.55
compute_groundtruth.m,77.126,80,72.44,75,100.0,58.19
compute_gt_bbox.m,79.178,100,71.79,60,100.0,64.1
compute_gz_spsp.m,82.49,100,71.43,90,100.0,51.02
compute_hash_function.m,67.75,60,62.5,60,100.0,56.25
compute_heightMap.m,77.72,100,67.61,90,100.0,30.99
compute_heuristic_multiresolution.m,73.334,100,57.78,60,100.0,48.89
compute_higrade_features_for_feature_fusion.m,82.934,80,76.67,100,100.0,58.0
compute_histogram_2d.m,64.846,60,73.08,45,100.0,46.15
compute_histogram_distance.m,84.152,100,71.7,100,100.0,49.06
compute_histogram_rbf.m,73.636,100,59.09,75,100.0,34.09
compute_Hist_Metric2.m,68.16,100,74.19,15,100.0,51.61
compute_hodge_decompositon.m,78.284,60,85.71,60,100.0,85.71
compute_hog.m,82.138,100,70.69,90,100.0,50.0
compute_hog_internal.m,75.558,80,62.6,90,100.0,45.19
compute_homography.m,61.884,80,48.48,45,100.0,35.94
compute_hufftree.m,70.316,60,78.95,60,100.0,52.63
compute_ICM_graph_matching.m,79.348,100,67.39,75,100.0,54.35
compute_idpr_entropy.m,63.4,60,64.0,45,100.0,48.0
COMPUTE_IJ_SPM.m,75.588,100,71.79,60,100.0,46.15
COMPUTE_IJ_SPM_N.m,75.5,100,75.0,60,100.0,42.5
compute_impulse_noise.m,71.0,60,81.25,45,100.0,68.75
compute_infos.m,72.888,60,83.33,60,100.0,61.11
compute_inpainting_mask.m,88.0,100,84.44,100,100.0,55.56
compute_int.m,83.81,100,73.81,100,100.0,45.24
compute_interface_nodes.m,72.234,60,82.35,60,100.0,58.82
compute_interfiber_distances.m,78.046,100,72.09,60,100.0,58.14
compute_interfiber_distances_multires.m,77.552,80,55.93,100,100.0,51.83
compute_inversed_TTC.m,77.696,80,61.83,100,100.0,46.65
compute_inversed_TTC_video.m,76.894,80,60.69,100,100.0,43.78
compute_jacobian.m,60.112,30,100.0,15,100.0,55.56
compute_joint_pair_stats.m,73.332,100,63.33,60,100.0,43.33
compute_joint_pot.m,79.856,60,85.71,75,100.0,78.57
compute_kernel.m,80.0,60,100.0,60,100.0,80.0
compute_kernel_matrix.m,67.666,60,75.0,45,100.0,58.33
COMPUTE_KL_VPM.m,75.588,100,71.79,60,100.0,46.15
COMPUTE_KL_VPM_N.m,78.5,100,75.0,75,100.0,42.5
compute_Kpose_6D.m,73.416,100,80.52,45,100.0,41.56
compute_kp_APK.m,75.514,100,61.54,75,100.0,41.03
compute_kurtosis.m,77.0,100,66.0,75,100.0,44.0
compute_L2_score.m,72.0,30,100.0,30,100.0,100.0
compute_L6_10.m,60.032,80,83.49,15,100.0,21.67
compute_label_map.m,83.572,100,75.51,75,100.0,67.35
compute_LaplacianBasis.m,81.666,60,87.5,90,100.0,70.83
compute_laplacian_basis.m,85.652,100,71.74,100,100.0,56.52
compute_levelset_mesh.m,76.706,100,76.47,60,100.0,47.06
compute_levelset_shape.m,80.0,100,64.04,100,100.0,35.96
compute_lgi.m,80.734,80,61.67,100,100.0,62.0
compute_lineeq.m,71.444,60,61.11,75,100.0,61.11
compute_lines.m,70.23,60,76.92,45,100.0,69.23
compute_line_attributes.m,59.446,30,66.67,45,100.0,55.56
compute_llk.m,69.0,30,100.0,15,100.0,100.0
compute_local_gap.m,78.0,60,100.0,30,100.0,100.0
compute_log_lik.m,74.806,100,74.19,45,100.0,54.84
compute_longer.m,65.632,100,65.79,15,100.0,47.37
compute_lumped_mass_and_Cp_avg_for_given_layer_fcn.m,81.874,100,78.12,75,100.0,56.25
Compute_M0_T1_OnSPGR.m,80.714,100,75.0,75,100.0,53.57
compute_MAP.m,68.452,100,60.27,45,100.0,36.99
compute_mapping.m,81.338,80,75.7,100,100.0,50.99
compute_mask.m,73.856,60,85.71,45,100.0,78.57
compute_masks.m,75.53,100,64.71,60,100.0,52.94
compute_masscenter_interfiber_distances.m,80.126,100,71.88,60,100.0,68.75
compute_matchingW.m,70.364,60,77.27,60,100.0,54.55
compute_matching_from_W.m,82.39,100,68.29,90,100.0,53.66
compute_mcg_cands.m,80.262,100,76.09,60,100.0,65.22
compute_MC_2x2_telatar.m,74.5,100,65.62,60,100.0,46.88
compute_mesh_gradient.m,70.668,60,76.67,60,100.0,56.67
compute_mesh_laplacian.m,75.148,60,77.78,75,100.0,62.96
compute_mesh_local_covariance.m,77.91,100,75.0,60,100.0,54.55
compute_mesh_weight.m,82.75,100,72.5,100,100.0,41.25
compute_metrics.m,78.386,80,66.67,100,100.0,45.26
compute_metrics_regression.m,72.244,100,59.46,45,100.0,56.76
compute_minimal_interface.m,76.834,60,100.0,45,100.0,79.17
compute_minimum_scale.m,82.972,100,71.62,100,100.0,43.24
compute_modularity.m,79.386,60,92.31,60,100.0,84.62
compute_modulation_stft.m,85.386,100,73.08,100,100.0,53.85
compute_modulation_stft_sample.m,68.62,60,71.43,45,100.0,66.67
compute_movie_file.m,81.772,100,63.29,100,100.0,45.57
compute_mpii_crop_size.m,75.684,100,65.79,60,100.0,52.63
compute_MPIS.m,77.684,60,89.47,60,100.0,78.95
compute_much_longer.m,65.354,100,64.71,15,100.0,47.06
compute_mutual_infoL.m,69.726,100,56.36,45,100.0,47.27
compute_mutual_information.m,61.25,60,81.25,15,100.0,50.0
compute_M_ver2.m,70.142,100,65.71,45,100.0,40.0
Compute_N2_dTdz_forChi.m,68.666,60,80.0,30,100.0,73.33
Compute_N2_dTdz_forChi_line.m,74.79,100,67.44,60,100.0,46.51
Compute_N2_dTdz_forChi_raw_line.m,75.256,100,67.44,60,100.0,48.84
compute_nearest_neighbors.m,70.328,80,56.14,75,100.0,40.5
compute_neighborhood.m,72.0,60,75.0,60,100.0,65.0
compute_next_state.m,60.0,30,70.0,30,100.0,70.0
compute_nlz.m,80.4,60,84.0,90,100.0,68.0
compute_nn_distance.m,74.326,100,62.92,75,100.0,33.71
compute_normalize.m,68.91,60,81.82,30,100.0,72.73
compute_normals.m,63.722,100,70.89,30,100.0,17.72
compute_normal_from_mesh.m,70.412,60,76.47,45,100.0,70.59
compute_norm_grid.m,82.908,60,86.36,100,100.0,68.18
compute_norm_sign_scaling_factor.m,76.0,100,65.71,60,100.0,54.29
compute_omap.m,61.0,30,80.0,15,100.0,80.0
compute_operator_norm.m,82.0,60,87.5,75,100.0,87.5
compute_orientationmap.m,66.966,100,67.8,45,100.0,22.03
compute_orthocenter.m,65.0,60,92.86,15,100.0,57.14
compute_orthogonal_projection.m,67.0,30,80.0,45,100.0,80.0
compute_orthoproj_triangulation.m,77.16,100,74.19,60,100.0,51.61
compute_overlap.m,76.138,100,65.52,60,100.0,55.17
compute_overlaps.m,69.518,60,68.97,60,100.0,58.62
compute_overlap_hyli.m,81.976,100,79.07,75,100.0,55.81
compute_overshoot.m,72.0,30,100.0,30,100.0,100.0
compute_overturns2.m,78.438,80,69.44,90,100.0,52.75
compute_pairwise_distance.m,72.0,30,100.0,30,100.0,100.0
compute_pairwise_histogram.m,76.118,100,67.65,60,100.0,52.94
compute_pairwise_probabilities.m,79.982,80,69.4,100,100.0,50.51
compute_parameterization.m,77.314,80,61.28,100,100.0,45.29
compute_periodic_poisson.m,67.666,60,70.83,45,100.0,62.5
compute_permutation_constraint4.m,71.14,100,49.12,75,100.0,31.58
compute_pid_controller.m,75.636,100,72.73,60,100.0,45.45
Compute_PK_kernels.m,72.572,100,66.07,45,100.0,51.79
compute_point_laplacian.m,79.632,60,84.21,75,100.0,78.95
compute_point_point_ring.m,83.954,100,75.58,100,100.0,44.19
compute_point_weight.m,76.546,80,52.73,100,100.0,50.0
compute_posterior_dbn.m,66.728,60,63.64,60,100.0,50.0
compute_power.m,72.0,30,100.0,30,100.0,100.0
compute_primal.m,67.0,30,80.0,45,100.0,80.0
compute_psnr.m,68.5,60,81.25,45,100.0,56.25
compute_psnrb.m,73.166,60,75.0,60,100.0,70.83
compute_r1_multiCam.m,68.922,100,49.23,60,100.0,35.38
compute_r1_multiCam_multi.m,69.23,100,49.23,60,100.0,36.92
compute_rad_distmap.m,78.038,100,64.56,75,100.0,50.63
compute_rand_sparse.m,85.442,100,81.4,90,100.0,55.81
compute_rank.m,74.332,100,53.33,75,100.0,43.33
compute_rbf.m,70.896,60,79.31,60,100.0,55.17
compute_recall_candidates_voc07.m,84.59,100,70.49,100,100.0,52.46
compute_recall_ilsvrc15.m,84.286,100,71.43,100,100.0,50.0
compute_recall_per_IoU_of_bboxes.m,78.334,60,80.0,75,100.0,76.67
compute_recall_precision_accuracy_3d.m,75.888,80,68.39,90,100.0,41.05
compute_recall_precision_accuracy_3dview.m,79.058,80,70.29,100,100.0,45.0
compute_recall_precision_accuracy_azimuth.m,79.08,80,69.64,100,100.0,45.76
compute_recall_precision_accuracy_bins.m,78.91,80,69.39,100,100.0,45.16
compute_recall_precision_accuracy_continuous.m,76.888,80,69.66,90,100.0,44.78
compute_recon_err.m,69.758,60,58.62,75,100.0,55.17
compute_recovery_rate.m,57.0,30,70.0,15,100.0,70.0
compute_redundant_dictionary.m,84.694,80,72.97,100,100.0,70.5
compute_relation.m,63.352,60,58.82,45,100.0,52.94
compute_relation2.m,68.546,60,63.64,60,100.0,59.09
compute_residuals.m,59.0,30,75.0,15,100.0,75.0
compute_resistance_distances.m,71.91,60,81.82,45,100.0,72.73
compute_rf_spsp_mgh.m,78.488,80,65.44,100,100.0,47.0
compute_rho.m,55.0,60,75.0,15,100.0,25.0
compute_rmse.m,74.426,100,57.58,60,100.0,54.55
compute_rms_nees_ave.m,63.42,60,73.68,15,100.0,68.42
Compute_Robustness.m,73.058,80,48.55,100,100.0,36.74
Compute_Robustness_Right.m,72.876,70,50.92,100,100.0,43.46
Compute_Robustness_Sub.m,74.168,80,50.53,100,100.0,40.31
compute_roc.m,74.182,100,63.64,60,100.0,47.27
compute_roi_stats.m,61.0,30,70.0,45,100.0,60.0
compute_rotation_classes.m,76.668,80,57.14,100,100.0,46.2
compute_RO_mix.m,72.88,70,58.17,100,100.0,36.23
compute_RR.m,71.262,100,71.05,30,100.0,55.26
compute_rss_g.m,67.206,60,75.86,45,100.0,55.17
compute_saddle_points.m,73.782,100,71.74,45,100.0,52.17
compute_saliency.m,77.476,60,85.71,75,100.0,66.67
compute_scale.m,69.572,60,78.57,45,100.0,64.29
compute_scores.m,58.0,60,66.67,30,100.0,33.33
compute_semiregular_gim.m,77.108,100,83.78,45,100.0,56.76
compute_semiregular_sphere.m,84.032,100,77.42,75,100.0,67.74
compute_sensing_SNR.m,75.0,30,100.0,45,100.0,100.0
compute_shape_boundary.m,81.188,100,73.91,90,100.0,42.03
compute_shape_pair_segmentation.m,82.414,100,75.32,90,100.0,46.75
compute_sigma_points.m,71.91,60,81.82,45,100.0,72.73
compute_similarity.m,82.186,100,65.12,90,100.0,55.81
compute_simple_feature.m,80.752,100,84.38,60,100.0,59.38
compute_SINR.m,76.386,60,92.31,45,100.0,84.62
compute_skewness.m,77.4,100,66.0,75,100.0,46.0
compute_slice_leakage.m,78.226,100,70.97,75,100.0,45.16
compute_SOC.m,72.0,30,100.0,30,100.0,100.0
compute_sparse_spike_filter.m,82.0,100,90.62,60,100.0,59.38
compute_spatio_temporal_iou.m,78.018,100,69.81,75,100.0,45.28
compute_spectrum.m,78.446,100,80.56,45,100.0,66.67
compute_spline_filter.m,55.668,30,77.78,15,100.0,55.56
Compute_Spline_Points.m,80.0,100,62.11,100,100.0,37.89
compute_ssim_index.m,72.772,70,54.78,100,100.0,39.08
compute_ss_model.m,62.2,60,96.0,15,100.0,40.0
compute_ss_time.m,72.142,30,100.0,45,100.0,85.71
compute_state_deriv.m,64.154,60,69.23,30,100.0,61.54
compute_statistics.m,81.728,100,69.49,90,100.0,49.15
compute_stats.m,77.152,100,69.7,60,100.0,56.06
compute_stat_image.m,83.882,100,70.59,90,100.0,58.82
compute_stat_images.m,70.472,60,73.68,45,100.0,73.68
compute_strides.m,78.112,60,77.78,75,100.0,77.78
compute_sTV.m,84.286,100,71.43,90,100.0,60.0
Compute_Surrogate_Prior.m,64.556,30,88.89,15,100.0,88.89
compute_swarm_performance.m,75.074,80,67.52,75,100.0,52.85
compute_SWTFiltResp.m,73.308,60,84.62,45,100.0,76.92
compute_synthetic_dictionary.m,77.006,80,62.05,100,100.0,42.98
compute_tDCF.m,83.084,100,66.1,90,100.0,59.32
compute_tensor_field.m,86.83,100,80.49,100,100.0,53.66
compute_tensor_field_random.m,74.436,60,86.96,60,100.0,65.22
compute_texton_response.m,71.144,60,71.43,60,100.0,64.29
compute_texture_patchwork.m,72.444,100,67.78,60,100.0,34.44
compute_tf_model.m,73.0,100,83.33,15,100.0,66.67
compute_tissue_probability_maps.m,82.66,100,70.21,75,100.0,68.09
compute_tlvqm_naive_features_for_feature_fusion.m,79.352,100,77.94,60,100.0,58.82
compute_tomography_mask.m,75.546,60,90.91,45,100.0,81.82
compute_total_variation.m,84.286,100,74.29,90,100.0,57.14
compute_trace_features.m,72.968,100,62.9,60,100.0,41.94
compute_trajectory.m,75.0,30,100.0,45,100.0,100.0
compute_tranks.m,66.884,60,64.71,45,100.0,64.71
compute_transfer_functions_filters.m,83.276,80,81.42,90,100.0,64.96
compute_transfer_functions_filters_eq08.m,84.4,80,82.64,90,100.0,69.36
compute_triangulation_angles.m,71.588,60,82.35,45,100.0,70.59
compute_trim.m,65.666,60,80.0,15,100.0,73.33
compute_tsvm_deltas.m,72.0,30,100.0,30,100.0,100.0
compute_tTV.m,74.368,60,73.68,75,100.0,63.16
compute_velocity.m,77.79,100,78.95,60,100.0,50.0
compute_vel_olfati_saber.m,73.29,80,50.0,100,100.0,36.45
compute_vel_vasarhelyi.m,73.578,80,52.89,90,100.0,45.0
compute_vertex_face_ring.m,64.75,60,62.5,45,100.0,56.25
compute_vf_angle.m,77.848,60,84.62,60,100.0,84.62
compute_vf_trajectory.m,84.678,100,80.65,75,100.0,67.74
compute_visual_feats.m,82.588,80,77.63,100,100.0,55.31
compute_voronoi_mesh.m,74.5,100,71.25,60,100.0,41.25
compute_voronoi_triangulation.m,75.732,100,57.73,90,100.0,30.93
compute_voronoi_triangulation_mesh.m,68.2,60,72.0,45,100.0,64.0
compute_vp.m,68.0,60,70.0,60,100.0,50.0
compute_vp_acc_mederror.m,72.818,60,81.82,45,100.0,77.27
compute_vtx_and_face_normals.m,79.304,100,65.22,90,100.0,41.3
compute_w1cw.m,78.0,30,100.0,60,100.0,100.0
compute_w1rms.m,77.332,60,83.33,60,100.0,83.33
compute_w1rp.m,71.62,60,71.43,60,100.0,66.67
compute_weight.m,62.906,60,71.43,45,100.0,38.1
compute_weights.m,59.0,30,75.0,15,100.0,75.0
compute_weights_smart.m,69.0,60,73.33,45,100.0,66.67
compute_werc_criterion.m,64.332,60,70.83,45,100.0,45.83
compute_X.m,62.5,30,75.0,45,100.0,62.5
compute_zeros.m,60.112,30,77.78,15,100.0,77.78
ComputingCutMeshVectorized.m,76.028,80,61.58,100,100.0,38.56
ComputingInnerAndBoundaryCutMesh.m,76.43,80,62.64,100,100.0,39.51
computingOptimal.m,73.74,100,66.67,60,100.0,42.03
ComputingTopOpt.m,67.412,60,76.47,30,100.0,70.59
ComputingTopOpt_2Stage.m,77.654,100,55.17,90,100.0,43.1
comput_AFEv.m,55.144,60,42.86,30,100.0,42.86
comput_AFEv2.m,55.144,60,42.86,30,100.0,42.86
comput_MAD.m,60.608,60,56.52,30,100.0,56.52
compvar.m,69.926,60,74.07,60,100.0,55.56
compVq.m,55.714,60,78.57,15,100.0,25.0
comp_atrousfilterbank_td.m,67.666,60,75.0,45,100.0,58.33
comp_BPD.m,66.714,60,66.67,45,100.0,61.9
comp_b_sorted.m,56.446,30,66.67,30,100.0,55.56
comp_cellcoef2tf.m,78.126,100,59.38,75,100.0,56.25
comp_cep.m,78.226,80,57.94,100,100.0,53.19
comp_checkfudim.m,80.8,60,72.0,100,100.0,72.0
comp_chirpzt.m,77.856,100,66.07,75,100.0,48.21
comp_col2diag.m,64.0,30,80.0,30,100.0,80.0
comp_constructphasereal.m,79.0,100,65.71,75,100.0,54.29
comp_dct.m,79.588,100,58.73,90,100.0,49.21
comp_delta.m,82.742,100,77.42,75,100.0,61.29
comp_delta2.m,67.958,60,69.57,45,100.0,65.22
comp_dgt.m,58.932,60,48.28,45,100.0,41.38
comp_dgtreal.m,67.5,30,87.5,45,100.0,75.0
comp_dgtreal_fb.m,64.462,100,50.0,30,100.0,42.31
comp_dgtreal_long.m,62.144,60,71.43,15,100.0,64.29
comp_dgtreal_ola.m,74.326,100,60.47,60,100.0,51.16
comp_dgt_fb.m,64.334,100,47.92,30,100.0,43.75
comp_dgt_long.m,61.154,60,69.23,15,100.0,61.54
comp_dgt_ola.m,74.726,100,61.36,60,100.0,52.27
comp_dgt_walnut.m,61.876,80,36.45,60,100.0,32.93
comp_distortion.m,62.6,60,56.0,45,100.0,52.0
comp_distortion2.m,65.666,100,45.83,45,100.0,37.5
comp_distortion_oulu.m,65.38,60,62.07,60,100.0,44.83
comp_downs.m,70.396,100,58.14,45,100.0,48.84
comp_dRR.m,70.638,60,63.64,75,100.0,54.55
comp_dst.m,78.334,100,55.56,100,100.0,36.11
comp_dtwfb.m,71.768,60,76.92,45,100.0,76.92
comp_dwilt.m,65.4,100,46.0,45,100.0,36.0
comp_dwiltii.m,65.0,60,72.0,45,100.0,48.0
comp_dwiltiii.m,71.142,60,78.57,60,100.0,57.14
comp_dwiltiv.m,62.5,60,75.0,15,100.0,62.5
comp_dynamic_feature.m,71.0,60,78.57,45,100.0,71.43
comp_dynamic_feature2.m,69.0,30,100.0,15,100.0,100.0
comp_edgt6.m,62.274,60,72.73,15,100.0,63.64
comp_eff_node_sizes.m,69.546,60,100.0,15,100.0,72.73
comp_error_calib.m,68.0,100,52.5,45,100.0,42.5
comp_error_calib_fisheye.m,68.0,100,52.5,45,100.0,42.5
comp_error_pts.m,66.528,100,60.53,30,100.0,42.11
comp_extBoundary.m,75.486,100,78.38,45,100.0,54.05
comp_ext_calib.m,64.594,100,44.07,45,100.0,33.9
comp_ext_calib_fisheye.m,64.594,100,44.07,45,100.0,33.9
comp_fblowpassfilters.m,77.868,80,66.06,90,100.0,53.28
comp_fftanalytic.m,59.0,30,80.0,15,100.0,70.0
comp_fftreal.m,60.428,30,85.71,15,100.0,71.43
comp_filterbank.m,76.5,100,75.0,45,100.0,62.5
comp_filterbankconstphase.m,80.714,100,68.57,75,100.0,60.0
comp_filterbankneighbors.m,73.724,100,65.52,60,100.0,43.1
comp_filterbankphasegrad.m,64.092,60,72.73,15,100.0,72.73
comp_filterbankphasegradfrommag.m,68.222,100,51.11,60,100.0,30.0
comp_filterbankreassign.m,62.258,80,30.41,75,100.0,25.88
comp_filterbankresponse.m,65.482,60,55.56,60,100.0,51.85
comp_filterbankscale.m,79.0,60,80.0,75,100.0,80.0
comp_filterbank_a.m,69.352,100,50.0,60,100.0,36.76
comp_filterbank_fft.m,74.846,60,92.31,45,100.0,76.92
comp_filterbank_fftbl.m,79.898,100,69.39,75,100.0,55.1
comp_filterbank_pre.m,78.282,80,60.91,90,100.0,60.5
comp_filterbank_td.m,84.25,100,75.0,90,100.0,56.25
comp_fisheye_distortion.m,65.2,60,68.0,30,100.0,68.0
comp_fourierwindow.m,76.54,80,58.78,100,100.0,43.92
comp_framelength_fusion.m,72.572,60,71.43,60,100.0,71.43
comp_framelength_tensor.m,72.0,30,100.0,30,100.0,100.0
comp_frana_fusion.m,64.0,30,90.0,30,100.0,70.0
comp_frana_tensor.m,62.334,30,88.89,15,100.0,77.78
comp_frsyn_fusion.m,68.77,60,84.62,30,100.0,69.23
comp_frsyn_tensor.m,67.556,30,88.89,30,100.0,88.89
comp_fuana.m,81.414,100,70.73,90,100.0,46.34
comp_fudual.m,81.252,100,71.88,75,100.0,59.38
comp_fusyn.m,82.728,100,63.64,100,100.0,50.0
comp_fwseg.m,78.248,80,63.24,100,100.0,48.0
comp_fwseg_mars.m,74.09,70,81.25,90,100.0,29.2
comp_fwseg_variant.m,75.318,80,65.13,90,100.0,41.46
comp_fwt.m,80.078,60,84.62,75,100.0,80.77
comp_fwtpack2cell.m,71.476,60,80.95,45,100.0,71.43
comp_gabdual_long.m,70.818,100,66.67,45,100.0,42.42
comp_gabmixdual_fac.m,61.572,60,71.43,30,100.0,46.43
comp_gabreassign.m,68.58,100,67.74,30,100.0,45.16
comp_gabreassignreal.m,68.286,100,68.57,30,100.0,42.86
comp_gabtight_long.m,70.094,100,57.14,60,100.0,33.33
comp_gdgt.m,60.964,60,59.26,30,100.0,55.56
comp_gfeigs.m,67.936,100,64.52,30,100.0,45.16
comp_gga.m,72.0,60,76.67,60,100.0,63.33
comp_gradT.m,62.5,30,75.0,45,100.0,62.5
comp_group_delay.m,66.0,60,65.0,45,100.0,60.0
comp_heapint.m,78.0,30,100.0,60,100.0,100.0
comp_heapintreal.m,78.0,30,100.0,60,100.0,100.0
comp_hermite.m,68.0,60,68.0,60,100.0,52.0
comp_hermite_all.m,68.706,60,64.71,60,100.0,58.82
comp_iatrousfilterbank_td.m,69.0,60,76.0,45,100.0,64.0
comp_idgt.m,69.39,100,52.17,60,100.0,34.78
comp_idgtreal.m,71.91,60,81.82,45,100.0,72.73
comp_idgtreal_fac.m,65.196,100,39.18,60,100.0,26.8
comp_idgtreal_fb.m,57.788,100,33.68,30,100.0,25.26
comp_idgtreal_long.m,55.668,30,66.67,15,100.0,66.67
comp_idgt_fac.m,64.554,100,38.3,60,100.0,24.47
comp_idgt_fb.m,57.958,100,33.7,30,100.0,26.09
comp_idgt_long.m,55.668,30,66.67,15,100.0,66.67
comp_idtwfb.m,71.0,60,70.0,60,100.0,65.0
comp_idwilt.m,69.476,100,61.9,45,100.0,40.48
comp_idwiltii.m,71.5,100,68.75,45,100.0,43.75
comp_idwiltiii.m,66.606,100,66.67,30,100.0,36.36
comp_idwiltiv.m,58.636,60,68.18,15,100.0,50.0
comp_iedgt6.m,62.144,60,71.43,15,100.0,64.29
comp_ifftreal.m,71.91,60,81.82,45,100.0,72.73
comp_ifilterbank.m,76.074,100,66.67,60,100.0,53.7
comp_ifilterbank_fft.m,76.0,60,91.67,45,100.0,83.33
comp_ifilterbank_fftbl.m,80.49,100,72.55,75,100.0,54.9
comp_ifilterbank_td.m,66.518,60,65.52,45,100.0,62.07
comp_ifwt.m,80.0,60,76.92,90,100.0,73.08
comp_igdgt.m,61.704,60,62.96,30,100.0,55.56
comp_imu_errors.m,66.2,60,52.0,75,100.0,44.0
comp_inonsepdgt.m,75.514,100,60.26,75,100.0,42.31
comp_inonsepdgtreal_quinqux.m,76.324,100,67.57,60,100.0,54.05
comp_inonsepdgt_shear.m,73.182,100,56.57,75,100.0,34.34
comp_insdgfb.m,83.018,100,64.15,100,100.0,50.94
comp_instan_freq.m,63.07,60,62.07,45,100.0,48.28
comp_instcorrmat.m,67.478,60,60.87,60,100.0,56.52
comp_internal_states.m,61.638,60,63.64,30,100.0,54.55
comp_irdgt.m,63.714,60,71.43,30,100.0,57.14
comp_irdgtii.m,65.0,60,75.0,30,100.0,60.0
comp_irdgtiii.m,65.762,60,66.67,45,100.0,57.14
comp_is.m,80.692,80,59.13,100,100.0,64.33
comp_isepdgt.m,63.352,60,58.82,45,100.0,52.94
comp_isepdgtreal.m,64.704,60,62.96,45,100.0,55.56
comp_iufilterbank_td.m,66.186,60,66.67,45,100.0,59.26
comp_iufwt.m,73.38,60,80.95,45,100.0,80.95
comp_iuwfbt.m,77.486,100,72.73,45,100.0,69.7
comp_iuwpfbt.m,77.144,60,67.86,90,100.0,67.86
comp_iwfac.m,67.788,100,60.61,45,100.0,33.33
comp_iwfbt.m,77.6,60,84.0,60,100.0,84.0
comp_iwpfbt.m,83.806,100,67.74,90,100.0,61.29
comp_KR.m,72.23,100,82.05,15,100.0,64.1
comp_llr.m,83.074,80,63.37,100,100.0,72.0
comp_load_solo.m,76.152,100,79.25,60,100.0,41.51
comp_logE.m,70.474,60,78.95,45,100.0,68.42
comp_log_Mel.m,80.332,100,83.33,60,100.0,58.33
comp_loss.m,82.386,60,92.31,75,100.0,84.62
comp_maskedheapint.m,78.0,30,100.0,60,100.0,100.0
comp_maskedheapintreal.m,78.0,30,100.0,60,100.0,100.0
comp_MFCC.m,69.0,30,100.0,15,100.0,100.0
comp_multidgtrealmp.m,74.0,30,90.0,60,100.0,90.0
comp_ngulf_tseries.m,85.0,80,77.06,100,100.0,67.94
comp_nmf_online_algorithms_test.m,63.882,70,33.26,90,100.0,26.15
comp_nonsepdgtreal_quinqux.m,60.856,60,60.71,30,100.0,53.57
comp_nonsepdgt_multi.m,58.768,60,57.69,30,100.0,46.15
comp_nonsepdgt_shear.m,71.784,80,56.25,75,100.0,47.67
comp_nonsepwin2multi.m,70.308,60,84.62,30,100.0,76.92
comp_nyquistfilt.m,77.332,60,83.33,60,100.0,83.33
comp_object_3d_feature.m,81.524,100,78.57,60,100.0,69.05
comp_painlessfilterbank.m,86.89,100,80.56,90,100.0,63.89
comp_pchirp.m,62.332,30,83.33,15,100.0,83.33
comp_pgauss.m,62.74,60,60.87,45,100.0,47.83
comp_phasegradfilters.m,72.448,100,65.52,45,100.0,51.72
comp_pos.m,76.474,60,78.95,75,100.0,68.42
comp_quadtfdist.m,68.144,60,71.43,45,100.0,64.29
comp_robust_algorithms.m,66.304,80,44.89,75,100.0,31.63
comp_R_appA.m,72.0,30,100.0,30,100.0,100.0
comp_sepdgt.m,66.0,60,68.75,45,100.0,56.25
comp_sepdgtreal.m,66.6,60,68.0,45,100.0,60.0
comp_sigreshape_post.m,69.334,60,75.0,45,100.0,66.67
comp_sigreshape_pre.m,71.446,100,55.56,60,100.0,41.67
comp_snr.m,79.404,100,59.65,90,100.0,47.37
comp_struct.m,80.362,80,70.69,100,100.0,51.12
comp_struct_old.m,77.948,80,68.68,100,100.0,41.06
comp_struct_test.m,68.012,80,67.66,60,100.0,32.4
comp_tfrfromwin.m,78.72,100,67.44,75,100.0,51.16
comp_transferfunction.m,67.0,30,87.5,30,100.0,87.5
comp_tstamps.m,72.69,100,58.62,60,100.0,44.83
comp_ufilterbankconstphase.m,80.456,100,69.7,75,100.0,57.58
comp_ufilterbankphasegradfrommag.m,81.94,100,71.43,75,100.0,63.27
comp_ufilterbank_fft.m,65.546,60,68.18,45,100.0,54.55
comp_ufilterbank_td.m,70.668,60,76.67,60,100.0,56.67
comp_ufwt.m,69.8,60,80.0,45,100.0,64.0
comp_ugrid_uv.m,81.206,80,76.11,100,100.0,49.92
comp_ups.m,75.928,100,66.07,60,100.0,53.57
comp_upto_shift.m,66.436,100,48.72,45,100.0,38.46
comp_uwfbt.m,71.0,60,75.0,45,100.0,75.0
comp_uwpfbt.m,81.19,100,71.43,75,100.0,59.52
comp_warpedfoff.m,77.332,60,83.33,60,100.0,83.33
comp_warpedfreqresponse.m,72.968,100,62.9,60,100.0,41.94
comp_wfac.m,66.816,100,48.15,60,100.0,25.93
comp_wfbt.m,75.818,60,86.36,60,100.0,72.73
comp_window.m,73.378,80,51.23,100,100.0,35.66
comp_wpfbt.m,84.666,100,73.81,90,100.0,59.52
comp_wpfbtscale.m,72.516,60,72.41,75,100.0,55.17
comp_wss.m,75.6,80,62.31,100,100.0,35.69
comp_zerofilt.m,77.476,60,80.95,75,100.0,71.43
ComSAR_estimator.m,77.37,80,59.49,100,100.0,47.36
COMSetSubCodes.m,72.25,60,93.75,45,100.0,62.5
comsi_lung_normalized.m,80.882,100,72.55,75,100.0,56.86
COMuniquerand.m,80.352,100,61.76,90,100.0,50.0
com_char.m,73.856,60,85.71,45,100.0,78.57
Com_Interface.m,75.54,80,55.2,100,100.0,42.5
com_stk.m,72.0,30,100.0,30,100.0,100.0
conAffPoint2PlaneSimpleOLS.m,60.682,80,49.23,60,100.0,14.18
conc2Rate.m,71.274,60,72.73,60,100.0,63.64
Concat.m,83.508,100,64.91,100,100.0,52.63
concatAndAddPathsRecursive.m,77.638,100,54.55,90,100.0,43.64
concatdata.m,79.428,100,55.71,100,100.0,41.43
concatenate.m,83.43,100,64.29,100,100.0,52.86
concatenateCameraRt.m,59.0,30,75.0,15,100.0,75.0
concatenateMeshes.m,85.0,100,70.59,100,100.0,54.41
ConcatenateQRSdetectionPayloads.m,77.306,100,58.97,75,100.0,52.56
concatenateRts.m,59.0,30,75.0,15,100.0,75.0
concatenateScans.m,79.228,80,67.14,100,100.0,49.0
concatenate_bboxes.m,83.364,60,90.91,75,100.0,90.91
concatenate_classes.m,62.0,60,70.0,30,100.0,50.0
concatenate_dres.m,81.546,60,90.91,75,100.0,81.82
concatenate_feat.m,64.316,60,68.42,30,100.0,63.16
concatenate_files.m,84.082,100,65.31,100,100.0,55.1
concatenate_mp.m,75.198,80,56.13,90,100.0,49.86
Concatenate_Trim_Files.m,82.598,100,67.82,90,100.0,55.17
concatenation.m,74.804,100,45.45,100,100.0,28.57
ConcatenationLayer.m,72.984,80,51.26,100,100.0,33.66
concatm.m,81.428,60,78.57,90,100.0,78.57
ConcatNode.m,84.878,100,70.73,100,100.0,53.66
concatpath.m,79.308,60,84.62,75,100.0,76.92
ConcatTIMITtalkers.m,73.376,100,62.5,45,100.0,59.38
ConcatWordsWithSpace.m,78.182,60,72.73,90,100.0,68.18
concat_2net.m,67.556,30,100.0,30,100.0,77.78
concat_QRS_detections.m,75.922,100,62.75,60,100.0,56.86
ConcentrationTest.m,78.946,100,56.84,100,100.0,37.89
conc_feature_cell.m,72.332,60,83.33,60,100.0,58.33
cond.m,57.0,30,62.5,30,100.0,62.5
conda.m,72.794,80,49.14,100,100.0,34.83
condDiscreteProdCpdCreate.m,79.194,100,64.52,75,100.0,56.45
condense.m,70.556,30,88.89,45,100.0,88.89
condenseFields.m,82.608,100,67.39,100,100.0,45.65
condenseP.m,65.0,30,75.0,45,100.0,75.0
condentropy.m,62.272,60,86.36,15,100.0,50.0
condGauss2Cell.m,75.666,60,83.33,60,100.0,75.0
condGaussCpdCreate.m,77.036,80,70.94,75,100.0,59.24
condGaussCpdMultiFit.m,72.668,60,76.67,60,100.0,66.67
condGaussToJoint.m,60.332,60,73.33,15,100.0,53.33
condgaussTrainObserved.m,76.0,60,100.0,45,100.0,75.0
condgauss_sample.m,75.0,30,100.0,45,100.0,100.0
condition.m,80.684,60,89.47,75,100.0,78.95
ConditionalAction.m,75.4,80,48.36,100,100.0,48.64
conditionalEntropy.m,63.182,60,86.36,15,100.0,54.55
ConditionalHist.m,79.616,80,73.08,100,100.0,45.0
ConditionalTypeEnum.m,75.518,60,68.97,90,100.0,58.62
conditionPlots.m,80.144,100,71.43,75,100.0,54.29
conditions.m,68.0,30,75.0,60,100.0,75.0
ConditionSet.m,73.112,70,53.13,100,100.0,42.43
ConditionSet_Test.m,80.9,80,71.54,90,100.0,62.96
conditionSpecificGapFilling.m,80.808,70,93.87,90,100.0,50.17
condlist.m,75.518,60,65.52,90,100.0,62.07
condMixGaussTiedCpdCreate.m,79.564,80,73.05,90,100.0,54.77
condmutualinfo.m,74.0,60,77.78,60,100.0,72.22
condor_submit.m,72.578,80,64.94,75,100.0,42.95
conDst.m,82.5,100,65.0,100,100.0,47.5
condstat.m,79.896,80,67.81,100,100.0,51.67
conDstChi.m,73.09,60,77.27,60,100.0,68.18
conDstGphTra.m,72.0,100,63.16,60,100.0,36.84
conDstMask.m,64.572,60,67.86,45,100.0,50.0
conDstSpace.m,83.262,100,68.42,90,100.0,57.89
condStudentCpdCreate.m,72.84,80,75.56,60,100.0,48.64
cond_gauss_inf_engine.m,70.5,60,81.25,30,100.0,81.25
cond_indep_chisquare.m,75.86,80,58.04,100,100.0,41.26
cond_indep_fisher_z.m,73.834,100,47.92,90,100.0,31.25
cond_mutual_info_score.m,70.0,60,80.0,45,100.0,65.0
Cone.m,82.632,100,63.16,100,100.0,50.0
coneplotDemo.m,71.486,100,78.79,15,100.0,63.64
coneTriMesh.m,76.76,80,61.84,100,100.0,41.96
cone_beam_ct_example.m,73.428,80,65.19,75,100.0,46.95
conf.m,82.222,100,66.67,100,100.0,44.44
conf2mahal.m,69.0,30,100.0,15,100.0,100.0
conFeatDif.m,83.162,100,77.42,90,100.0,48.39
conffig.m,55.0,30,70.0,15,100.0,60.0
ConfGnssEng.m,65.0,30,87.5,45,100.0,62.5
confhyperg.m,81.636,100,72.73,90,100.0,45.45
confiance.m,72.546,60,100.0,30,100.0,72.73
confidenceImages2pg.m,64.0,60,56.67,60,100.0,43.33
confidence_intervals.m,70.704,60,66.67,75,100.0,51.85
config.m,58.704,60,66.67,15,100.0,51.85
config202107311.m,64.332,60,93.33,15,100.0,53.33
config5GNRModels.m,73.23,60,76.92,60,100.0,69.23
ConfigBasicSTFT.m,75.0,30,100.0,45,100.0,100.0
configChannel.m,87.25,100,76.25,100,100.0,60.0
configCMatrix.m,69.0,30,100.0,15,100.0,100.0
configdata.m,71.77,70,47.42,100,100.0,41.43
configdataset.m,79.766,80,53.33,100,100.0,65.5
ConfigDereverbNet_Regression.m,85.57,60,85.71,100,100.0,82.14
configEnvVars.m,75.98,80,59.84,100,100.0,40.06
ConfigExp.m,84.364,100,70.91,100,100.0,50.91
configFile.m,79.778,100,77.78,60,100.0,61.11
configFinder.m,75.8,100,98.0,15,100.0,66.0
configFreeSpaceModel.m,72.0,30,100.0,30,100.0,100.0
configImgs.m,71.1,80,92.17,30,100.0,53.33
configImgsIR.m,64.286,60,92.86,15,100.0,53.57
configImgsVI.m,64.286,60,92.86,15,100.0,53.57
configManager.m,69.276,70,36.38,100,100.0,40.0
ConfigMaskBFnetCE.m,84.928,100,69.57,100,100.0,55.07
configMatrixInterleaver.m,83.508,100,77.19,100,100.0,40.35
configMethod.m,66.518,60,68.97,45,100.0,58.62
configMethods.m,65.334,60,96.67,30,100.0,40.0
configMetrics.m,70.554,60,94.44,15,100.0,83.33
configML.m,76.6,100,98.0,15,100.0,70.0
configNodes.m,71.666,60,63.33,75,100.0,60.0
configpanelFINDFILE.m,64.868,80,70.39,30,100.0,43.95
configpanelGENERAL.m,68.206,80,66.67,45,100.0,49.36
configpanelPHASES.m,76.214,80,75.19,60,100.0,65.88
configpanelREQUEST.m,66.014,80,63.86,45,100.0,41.21
configpanelSEARCHWIN.m,72.314,80,69.13,60,100.0,52.44
configpanelSPLITOPTION.m,79.982,80,73.58,90,100.0,56.33
configpanelSTATION.m,75.1,80,61.04,90,100.0,44.46
ConfigPath1.m,59.0,60,55.0,30,100.0,50.0
ConfigPath2.m,65.144,60,71.43,30,100.0,64.29
configPhy.m,78.78,100,76.27,60,100.0,57.63
configPolytopeSimplifier.m,69.0,30,100.0,15,100.0,100.0
configRADIOBUTTON.m,69.882,60,70.59,60,100.0,58.82
configs.m,57.716,60,64.29,0,100.0,64.29
configScenario.m,70.85,100,66.67,30,100.0,57.58
configSens.m,81.0,100,80.0,60,100.0,65.0
configSeqs.m,68.614,100,94.74,15,100.0,33.33
configSimulation.m,81.092,100,81.82,60,100.0,63.64
configSPLITADVANCED.m,80.28,80,71.79,100,100.0,49.61
configTestGradient.m,64.094,100,57.14,30,100.0,33.33
configTrackers.m,69.668,100,91.67,15,100.0,41.67
configurable.m,66.0,60,66.67,45,100.0,58.33
configurable_handle.m,59.572,60,50.0,45,100.0,42.86
configuration.m,76.094,80,61.4,90,100.0,49.07
configurationMenu.m,74.636,100,67.03,60,100.0,46.15
ConfigurationParser.m,81.614,100,59.68,100,100.0,48.39
configuration_goodness.m,68.666,30,100.0,30,100.0,83.33
configuration_goodness_gradient.m,72.0,30,100.0,30,100.0,100.0
configure.m,72.0,100,92.5,0,100.0,67.5
configureActuator.m,78.888,60,72.22,90,100.0,72.22
configureDD.m,69.89,60,77.78,45,100.0,66.67
configureDynamics.m,76.53,80,59.65,100,100.0,43.0
configureKinematics.m,78.3,100,56.72,90,100.0,44.78
configureSetupThermoModelInputs.m,76.032,80,64.36,90,100.0,45.8
configureSimBuildModelConfig.m,69.0,30,100.0,15,100.0,100.0
configureSimParams.m,72.002,80,47.42,100,100.0,32.59
configureVariables.m,75.91,100,63.64,75,100.0,40.91
configureVDCBuildModelConfig.m,81.778,60,100.0,60,100.0,88.89
configureVDCModule.m,78.286,60,95.24,60,100.0,76.19
configure_classify.m,69.018,80,34.93,100,100.0,30.16
configure_FNRedundantManipulator.m,75.666,60,93.33,45,100.0,80.0
configure_FNSimple2D.m,69.0,30,100.0,15,100.0,100.0
configure_FNSimple3D.m,61.5,30,100.0,15,100.0,62.5
configure_GridBased2Dimrotate.m,72.0,30,100.0,30,100.0,100.0
config_color.m,65.476,60,80.95,15,100.0,71.43
config_contDynamics_conform.m,69.6,100,76.0,30,100.0,42.0
config_contDynamics_observe.m,68.222,100,69.44,30,100.0,41.67
config_contDynamics_priv_conform_black.m,69.94,100,81.82,30,100.0,37.88
config_contDynamics_simulateRandom.m,68.354,100,67.65,30,100.0,44.12
config_controllers_hsv.m,63.45,80,47.42,60,100.0,29.83
config_eMouse.m,86.68,100,83.02,90,100.0,60.38
config_gist.m,71.364,60,90.91,15,100.0,90.91
config_gp.m,80.87,80,68.97,100,100.0,55.38
config_hog2x2.m,71.0,60,85.0,30,100.0,80.0
config_hog3x3.m,70.0,60,85.0,30,100.0,75.0
config_hybridAutomaton_reach.m,67.212,100,63.64,30,100.0,42.42
config_hybridAutomaton_simulate.m,56.096,60,47.62,30,100.0,42.86
config_hybridAutomaton_simulateRandom.m,60.222,60,59.26,30,100.0,51.85
config_io.m,65.0,30,80.0,45,100.0,70.0
config_lbp.m,69.0,30,100.0,15,100.0,100.0
config_linearARX_reach.m,58.0,60,52.63,30,100.0,47.37
config_linearSysDT_isconform.m,66.528,100,60.53,30,100.0,42.11
config_linearSysDT_priv_conform_RRT.m,66.5,100,60.0,30,100.0,42.5
config_linearSysDT_reach.m,59.428,60,60.71,30,100.0,46.43
config_linearSys_priv_verifyRA_supportFunc.m,56.334,60,54.17,30,100.0,37.5
config_linearSys_priv_verifyRA_zonotope.m,59.666,60,62.5,30,100.0,45.83
config_linearSys_priv_verifySTL_kochdumper.m,56.0,60,50.0,30,100.0,40.0
config_linearSys_reach.m,68.286,100,68.57,30,100.0,42.86
config_linearSys_reachBackward.m,55.0,60,58.33,15,100.0,41.67
config_linearSys_reachInner.m,58.768,60,57.69,30,100.0,46.15
config_linespecs.m,62.0,60,93.33,30,100.0,26.67
config_linParamSys_reach.m,59.38,60,62.07,30,100.0,44.83
config_linProbSys_reach.m,58.0,60,62.07,30,100.0,37.93
config_list.m,81.0,100,72.5,75,100.0,57.5
config_lq_servo_tito.m,64.538,80,55.82,60,100.0,26.87
Config_Multiuser.m,78.182,80,73.45,75,100.0,62.46
config_ndi_wang_stengel_2000_Vg.m,64.352,70,61.23,60,100.0,30.53
config_nonlinDASys_reach.m,71.334,100,75.56,30,100.0,51.11
config_nonlinearARX_reach.m,71.714,100,73.81,30,100.0,54.76
config_nonlinearSysDT_reach.m,71.0,100,72.5,30,100.0,52.5
config_nonlinearSys_priv_reachInnerMinkdiff.m,67.118,100,70.59,15,100.0,50.0
config_nonlinearSys_priv_reachInnerParallelotope.m,71.958,100,76.6,30,100.0,53.19
config_nonlinearSys_priv_reachInnerProjection.m,70.878,100,70.73,30,100.0,53.66
config_nonlinearSys_priv_reachInnerScaling.m,72.154,100,78.85,30,100.0,51.92
config_nonlinearSys_reach.m,71.334,100,75.56,30,100.0,51.11
config_nonlinParamSys_reach.m,71.358,100,80.36,30,100.0,46.43
config_parallelHybridAutomaton_reach.m,67.29,100,61.29,30,100.0,45.16
config_parallelHybridAutomaton_simulate.m,57.09,60,50.0,30,100.0,45.45
config_parallelHybridAutomaton_simulateRandom.m,60.142,60,60.71,30,100.0,50.0
config_parallelism.m,78.428,60,78.57,75,100.0,78.57
config_person.m,65.298,80,89.89,30,100.0,26.6
config_plot_style.m,72.666,100,100.0,30,100.0,33.33
config_preset.m,69.938,70,39.36,100,100.0,40.33
config_preset_group.m,73.788,70,59.65,100,100.0,39.29
config_preset_group_cell.m,69.004,70,40.91,100,100.0,34.11
config_sequence.m,82.832,60,83.33,100,100.0,70.83
config_sequences.m,87.142,100,77.38,100,100.0,58.33
config_sequences_lite.m,74.0,30,90.0,60,100.0,90.0
config_settings.m,71.564,70,52.93,100,100.0,34.89
config_sift.m,67.94,60,82.35,15,100.0,82.35
config_ssim.m,70.632,60,84.21,30,100.0,78.95
config_sys.m,73.564,80,55.04,100,100.0,32.78
config_te.m,62.0,60,80.0,15,100.0,55.0
config_tr.m,62.0,60,80.0,15,100.0,55.0
config_tracker.m,69.244,100,100.0,30,100.0,16.22
config_trackers.m,68.0,60,90.91,30,100.0,59.09
ConfineTspOutput.m,82.572,100,74.29,100,100.0,38.57
confintDemo.m,65.636,60,90.91,0,100.0,77.27
confirm_gui_output.m,67.924,100,59.62,30,100.0,50.0
ConflictPartition.m,71.526,60,78.95,45,100.0,73.68
confmaps2pts.m,71.0,60,83.33,45,100.0,66.67
confmat.m,66.0,30,100.0,0,100.0,100.0
confMatrix.m,71.0,60,80.77,45,100.0,69.23
confMatrixShow.m,72.284,60,85.71,30,100.0,85.71
confmat_new.m,74.984,80,55.68,100,100.0,39.24
conform.m,78.586,80,59.68,100,100.0,53.25
conformal.m,81.312,80,76.39,100,100.0,50.17
conformal2.m,83.788,80,81.06,100,100.0,57.88
conformalized_mean_curvature_flow.m,84.458,80,71.29,100,100.0,71.0
conformalPlot.m,80.0,100,51.22,100,100.0,48.78
ConformityCoefficient.m,72.0,30,100.0,30,100.0,100.0
conformLat2EllipsLat.m,58.668,30,66.67,30,100.0,66.67
conformMapQuadPts1D.m,78.62,100,63.92,90,100.0,39.18
confounderajust.m,74.0,60,86.67,60,100.0,63.33
confSynth_dyn.m,78.256,80,65.91,100,100.0,45.37
confSynth_gray.m,78.714,100,57.14,90,100.0,46.43
conFun.m,73.386,60,92.31,30,100.0,84.62
confusion.m,68.0,60,70.0,45,100.0,65.0
confusionmat.m,70.556,30,88.89,45,100.0,88.89
ConfusionMatrix.m,86.842,100,68.42,100,100.0,65.79
ConfusionMatrixTest.m,67.808,60,61.9,60,100.0,57.14
confusion_matrix.m,77.0,60,77.78,75,100.0,72.22
congrow.m,67.638,60,63.64,60,100.0,54.55
congruenceblocks.m,81.348,100,66.29,100,100.0,40.45
conHst.m,79.0,60,86.67,75,100.0,73.33
conHyperplane.m,71.368,60,68.42,60,100.0,68.42
conic.m,77.706,80,69.92,90,100.0,48.61
conic2ellipse.m,82.0,100,71.11,90,100.0,48.89
ConicalSensor.m,77.672,80,62.5,100,100.0,45.86
ConicalSensorState.m,76.55,100,53.62,90,100.0,39.13
coning_minor_v000.m,77.688,80,49.11,100,100.0,59.33
coning_v000.m,73.38,60,85.71,45,100.0,76.19
conIntersect.m,66.858,60,64.29,60,100.0,50.0
conj.m,65.0,30,100.0,15,100.0,80.0
conjexp.m,65.616,60,61.54,45,100.0,61.54
conjg.m,85.0,100,91.67,75,100.0,58.33
conjgrad.m,77.028,100,56.76,100,100.0,28.38
ConjGradSolver.m,78.0,100,54.69,90,100.0,45.31
conjugate.m,76.962,100,62.75,75,100.0,47.06
conjugateFnExp.m,65.284,60,60.71,45,100.0,60.71
conjugateFnExpLowerBound.m,75.876,100,75.0,45,100.0,59.38
conjugateFunction.m,69.0,100,60.0,45,100.0,40.0
conjugategradient.m,76.528,80,59.76,100,100.0,42.88
conjugateGradMethod.m,68.644,80,52.89,60,100.0,50.33
conjugate_dir_gausspts.m,72.826,100,63.04,75,100.0,26.09
conjugate_dir_gausspts_till_6moment.m,76.02,100,72.45,75,100.0,32.65
conjugate_dir_gausspts_till_6moment_scheme2.m,66.918,80,47.66,75,100.0,31.93
conjugate_dir_gausspts_till_8moment.m,65.528,70,38.34,90,100.0,29.3
conjunctiveNormalForm.m,78.36,100,50.82,100,100.0,40.98
conKnl.m,80.74,100,61.11,100,100.0,42.59
conKnlGphKD.m,62.692,60,76.92,15,100.0,61.54
conKnlGphKU.m,61.666,60,73.33,15,100.0,60.0
conKnlGphMiss.m,68.986,80,43.28,90,100.0,31.65
conKnlGphMy.m,81.856,100,77.14,75,100.0,57.14
conKnlGphPQD.m,76.044,100,58.7,90,100.0,31.52
conKnlGphPQU.m,80.0,100,72.73,75,100.0,52.27
conKnlGphTra.m,73.21,100,73.68,45,100.0,47.37
conKnlLi.m,75.444,100,62.22,75,100.0,40.0
conKnlX.m,69.0,30,100.0,15,100.0,100.0
conMaskLengthyStartVoxels.m,76.936,100,77.78,45,100.0,61.9
conncomp.m,68.0,30,90.0,30,100.0,90.0
conndef.m,83.396,100,69.81,100,100.0,47.17
ConnecCoordFromInterpAndMesh.m,76.824,80,63.69,100,100.0,40.43
ConnecRenumbering.m,73.788,100,57.58,75,100.0,36.36
Connect1D.m,77.806,100,74.19,60,100.0,54.84
Connect2D.m,74.0,100,65.62,45,100.0,59.38
Connect3D.m,69.0,30,100.0,15,100.0,100.0
connectAdd.m,77.092,80,66.18,100,100.0,39.28
ConnectCDDIS.m,78.47,100,73.53,60,100.0,58.82
connectedComponent.m,80.0,100,67.5,90,100.0,42.5
connectedComponents.m,71.0,30,90.0,45,100.0,90.0
connectedComponentV.m,79.95,100,68.29,90,100.0,41.46
connectedFR.m,85.0,100,85.29,75,100.0,64.71
connectedkernel.m,75.894,100,52.63,90,100.0,36.84
connectedness.m,80.418,100,72.92,75,100.0,54.17
connectedness_metrics.m,77.85,100,56.99,100,100.0,32.26
connectedRxnsByEFM.m,86.364,100,72.73,100,100.0,59.09
connectedRxnsInNullSpace.m,72.766,60,88.24,45,100.0,70.59
connected_components.m,84.074,100,68.52,100,100.0,51.85
connected_components_demo_gui.m,82.922,100,68.54,100,100.0,46.07
Connected_component_region_2d.m,70.824,100,52.94,60,100.0,41.18
connected_graph.m,65.666,30,100.0,15,100.0,83.33
ConnectGraph.m,75.588,100,55.88,75,100.0,47.06
ConnectIntersection.m,74.186,100,66.67,45,100.0,59.26
connectionBasedSmooth.m,76.0,60,80.0,60,100.0,80.0
connectionLiveDisplay.m,76.488,80,53.88,100,100.0,48.56
connectionMatrixToFaceList.m,74.526,60,78.95,60,100.0,73.68
Connections2Graph.m,61.666,60,71.43,15,100.0,61.9
connectivity.m,75.808,100,78.72,45,100.0,55.32
ConnectivityComputer.m,75.408,80,65.71,90,100.0,41.33
connectivityEvidence.m,65.692,60,69.23,30,100.0,69.23
connectivity_constraint.m,72.764,60,82.35,45,100.0,76.47
connectivity_features_ALL.m,65.562,80,67.16,45,100.0,35.65
connectivity_map_generator.m,75.178,70,57.14,100,100.0,48.75
connectivity_matrix.m,75.42,60,73.68,75,100.0,68.42
ConnectLinearGraph.m,74.692,60,69.23,75,100.0,69.23
connectMake.m,78.99,80,64.1,100,100.0,50.85
connectopic_laplacian.m,79.258,80,67.15,90,100.0,59.14
connectpoly.m,70.25,60,68.75,60,100.0,62.5
ConnectProfiles.m,70.4,100,56.0,60,100.0,36.0
connectRxnGapfilling.m,75.854,80,67.27,75,100.0,57.0
connectToKuka.m,70.09,60,77.27,45,100.0,68.18
connect_by_inherit_neigh.m,76.446,100,73.02,60,100.0,49.21
connect_Callback.m,92.194,100,90.32,90,100.0,80.65
connect_del.m,77.364,60,100.0,45,100.0,81.82
connect_knn.m,77.668,60,91.67,45,100.0,91.67
ConnecWithQualityComputer.m,76.568,100,60.78,75,100.0,47.06
connfreq_estimation.m,76.752,80,74.76,60,100.0,69.0
conn_rect_strain.m,56.8,60,64.0,0,100.0,60.0
conPolyZono.m,53.0,30,60.0,15,100.0,60.0
conRBF.m,71.286,100,74.29,45,100.0,37.14
conRbfChi.m,70.578,100,71.05,45,100.0,36.84
conRBFRoot.m,64.572,60,75.0,45,100.0,42.86
ConsensusAdmm.m,68.474,100,55.26,45,100.0,42.11
consensus_und.m,81.572,100,76.79,90,100.0,41.07
conservationAnalysis.m,75.118,80,57.98,100,100.0,37.61
conservative_edge_matching.m,82.63,100,73.68,100,100.0,39.47
ConservedCluster_variability.m,71.98,100,68.09,45,100.0,46.81
consheat.m,79.38,60,85.71,75,100.0,76.19
conSimPoint2PlaneOLS.m,62.498,80,48.59,60,100.0,23.9
consist.m,76.154,100,59.62,75,100.0,46.15
consistent.m,74.616,80,60.84,90,100.0,42.24
consistentILRMA.m,78.428,80,64.1,100,100.0,48.04
consistentInitialState.m,66.222,60,61.11,60,100.0,50.0
consistentlyApplyState.m,69.518,60,68.97,60,100.0,58.62
consistentPotentials.m,72.112,100,68.89,45,100.0,46.67
consistentTimeStep.m,65.456,100,29.55,75,100.0,22.73
consoleUnfold.m,64.474,60,78.95,15,100.0,68.42
consoleUnfold2.m,70.554,60,94.44,15,100.0,83.33
consolidate.m,71.8,60,68.0,75,100.0,56.0
consolidateall.m,73.666,60,80.0,75,100.0,53.33
ConsolidateIntervals.m,79.778,100,58.89,100,100.0,40.0
consolidator.m,75.758,80,61.64,100,100.0,37.15
Constant.m,68.616,60,61.54,60,100.0,61.54
ConstantDetectionProbabilityX.m,78.77,100,61.54,90,100.0,42.31
ConstantDragCoeffModel.m,81.2,100,66.0,90,100.0,50.0
constantfactory.m,64.0,100,54.0,30,100.0,36.0
ConstantFunction.m,73.8,100,52.0,75,100.0,42.0
ConstantGlobalValues.m,78.06,80,68.8,90,100.0,51.5
ConstantHeadingModelX.m,76.628,80,54.87,100,100.0,48.27
ConstantHeadingX.m,74.504,80,51.49,100,100.0,41.03
ConstantLineSearch.m,68.332,60,53.33,75,100.0,53.33
ConstantMultiplier.m,83.684,100,63.16,100,100.0,55.26
ConstantPressureDike.m,76.666,100,68.75,75,100.0,39.58
CONSTANTS.m,73.666,60,73.33,75,100.0,60.0
constants1.m,73.0,60,87.5,30,100.0,87.5
constantSourceTerm.m,72.0,30,100.0,60,100.0,70.0
constantSourceTerm1D.m,57.0,30,70.0,15,100.0,70.0
constantSourceTerm2D.m,64.092,60,72.73,15,100.0,72.73
constantSourceTerm3D.m,64.092,60,72.73,15,100.0,72.73
ConstantTurnWithCartesianVelocityX.m,74.328,80,52.14,100,100.0,39.5
ConstantUtil.m,68.452,80,88.7,60,100.0,13.56
ConstantVelocityX.m,73.994,80,50.68,100,100.0,39.29
constant_fun.m,56.966,80,53.33,30,100.0,21.5
Constant_LineSearchInitiator.m,67.952,60,52.38,75,100.0,52.38
constant_signal_gen.m,81.778,100,57.78,100,100.0,51.11
constDhDataOf14R820.m,66.284,30,85.71,30,100.0,85.71
constDhDataOf7R800.m,66.284,30,85.71,30,100.0,85.71
Constellation.m,73.256,70,53.89,100,100.0,42.39
Constellation_Collector.m,72.468,70,61.05,100,100.0,31.29
ConstFun.m,57.914,80,59.76,30,100.0,19.81
ConstFun2.m,56.916,80,54.27,30,100.0,20.31
ConstFunHM.m,58.346,80,60.0,30,100.0,21.73
constInertialDataOf14R820.m,70.572,100,68.57,30,100.0,54.29
constInertialDataOf7R800.m,68.702,100,62.16,30,100.0,51.35
ConstitutiveTensorFromVademecum.m,63.0,60,40.0,75,100.0,40.0
ConstitutiveTensorRotator.m,72.598,80,64.61,90,100.0,28.38
constrainedDelaunayTetGen.m,79.692,60,73.08,100,100.0,65.38
constrainedLSEq.m,79.642,100,73.21,75,100.0,50.0
constrainedLSLineSpher.m,74.964,100,68.52,60,100.0,46.3
constrainedLSSpher.m,73.866,100,67.57,45,100.0,56.76
constrainedQPActive.m,84.0,100,80.0,90,100.0,50.0
constrainedRandomVector.m,68.762,60,66.67,60,100.0,57.14
constrained_foopsi.m,80.144,80,70.87,100,100.0,49.85
constrained_foopsi_cvx.m,77.486,100,75.76,45,100.0,66.67
constrained_oasisAR1.m,71.434,80,62.89,75,100.0,39.28
constrained_oasisAR2.m,71.244,80,62.03,75,100.0,39.19
constrained_quadratic.m,72.214,100,56.96,75,100.0,29.11
constrainReactions.m,56.476,80,47.76,15,100.0,39.62
constrainRxnListAboveBound.m,54.0,30,75.0,15,100.0,50.0
constrainRxns.m,73.824,70,58.66,100,100.0,40.46
constraint.m,77.728,100,54.55,100,100.0,34.09
Constraint2.m,67.952,60,57.14,75,100.0,47.62
ConstraintAttachSpring.m,85.334,100,80.0,100,100.0,46.67
constraintclass.m,79.728,60,81.82,75,100.0,81.82
ConstraintEnum.m,77.344,80,73.68,90,100.0,43.04
ConstraintEvalTypeEnum.m,79.5,100,57.5,90,100.0,50.0
ConstraintFCN.m,77.162,100,70.97,60,100.0,54.84
ConstraintFCN_models.m,78.572,100,67.86,75,100.0,50.0
ConstraintFloor.m,80.104,80,66.67,100,100.0,53.85
ConstraintJointLimit.m,82.758,100,67.24,100,100.0,46.55
ConstraintLoop.m,77.7,80,72.0,100,100.0,36.5
ConstraintManager.m,79.178,100,62.75,90,100.0,43.14
ConstraintMultQ.m,83.262,100,73.68,90,100.0,52.63
ConstraintNull.m,69.112,30,77.78,60,100.0,77.78
ConstraintPrescBody.m,88.0,100,77.78,100,100.0,62.22
ConstraintPrescJoint.m,88.372,100,76.74,100,100.0,65.12
ConstraintPrescJointM.m,87.842,100,82.35,100,100.0,56.86
ConstraintProjector.m,85.15,80,75.25,100,100.0,70.5
constraints.m,74.346,80,58.54,100,100.0,33.19
ConstraintSet.m,70.66,70,48.66,100,100.0,34.64
constraintsFunction.m,69.832,60,70.83,60,100.0,58.33
constraintsLBMPC.m,72.888,60,81.48,60,100.0,62.96
constraintsLMPC.m,73.666,60,74.07,75,100.0,59.26
constraintsNMPC.m,80.162,100,70.97,75,100.0,54.84
ConstraintStateComparisonNodeEnum.m,80.0,100,57.5,90,100.0,52.5
ConstraintStateComparisonTypeEnum.m,81.256,100,60.47,90,100.0,55.81
ConstraintValidator.m,82.388,100,61.19,100,100.0,50.75
ConstraintValues.m,79.286,100,83.93,75,100.0,37.5
constraint_gen.m,77.472,100,57.47,100,100.0,29.89
Constraint_priority.m,74.332,60,83.33,45,100.0,83.33
constraint_residuals.m,79.762,100,82.54,75,100.0,41.27
constrGroundtruth.m,79.016,100,62.71,90,100.0,42.37
constrSat.m,51.856,30,57.14,15,100.0,57.14
construct.m,74.91,80,75.47,75,100.0,44.08
constructalloptions.m,81.168,60,91.67,75,100.0,79.17
constructBC.m,78.0,100,64.29,90,100.0,35.71
constructBf.m,76.0,100,60.0,60,100.0,60.0
constructbutterfilter1D.m,67.8,60,56.0,75,100.0,48.0
constructDecoupledGeneticNetwork.m,79.0,100,65.71,75,100.0,54.29
constructElementalMatrix.m,79.864,100,70.27,75,100.0,54.05
constructEquations.m,81.492,100,68.25,90,100.0,49.21
constructGeneticNetwork.m,78.748,100,65.62,75,100.0,53.12
constructGGt.m,68.5,60,75.0,45,100.0,62.5
constructGraphFromFactors.m,64.75,60,62.5,45,100.0,56.25
ConstructHaarMat.m,76.5,60,81.25,60,100.0,81.25
constructheaderstring.m,69.328,80,48.53,75,100.0,43.11
constructheaderstringc.m,72.592,80,51.75,75,100.0,56.21
constructInit.m,83.454,100,70.91,90,100.0,56.36
constructInterface.m,66.884,100,44.19,60,100.0,30.23
Construction.m,81.206,100,84.48,75,100.0,46.55
construction_args.m,80.142,100,62.5,90,100.0,48.21
constructKernel.m,76.338,100,50.7,100,100.0,30.99
ConstructLinearKRG.m,80.468,100,67.9,90,100.0,44.44
ConstructLinearKRGOS.m,81.17,100,68.29,90,100.0,47.56
ConstructMap.m,71.692,60,69.23,60,100.0,69.23
constructMultiFasta.m,76.764,80,58.97,90,100.0,54.85
constructNPYheader.m,82.5,100,64.29,100,100.0,48.21
constructODEsol.m,76.958,100,47.83,100,100.0,36.96
constructonx.m,79.856,60,85.71,75,100.0,78.57
constructor.m,72.924,70,55.95,100,100.0,38.67
constructorTurbo.m,78.528,100,61.76,75,100.0,55.88
constructOutput.m,78.286,60,92.86,60,100.0,78.57
constructPathwayFromCelldesigner.m,64.068,70,47.35,75,100.0,27.99
constructphase.m,79.428,100,61.9,90,100.0,45.24
constructphasereal.m,81.342,80,64.71,90,100.0,72.0
constructplanargrad.m,74.076,80,58.97,90,100.0,41.41
constructpolynomialmatrix.m,73.668,60,66.67,75,100.0,66.67
constructpolynomialmatrix2d.m,84.558,100,80.33,90,100.0,52.46
constructpolynomialmatrix3d.m,80.86,80,70.09,100,100.0,54.21
ConstructRandNetwork.m,84.538,100,75.0,90,100.0,57.69
constructS.m,78.346,80,62.41,100,100.0,49.32
constructSigmoidPhenotypeFactor.m,72.0,60,71.43,75,100.0,53.57
constructSmoothPart.m,59.0,30,60.0,45,100.0,60.0
constructstimulusmatrices.m,75.5,100,57.5,75,100.0,45.0
ConstructToyNetwork.m,83.49,100,72.55,90,100.0,54.9
constructW.m,69.762,70,36.69,100,100.0,42.12
construct_C.m,71.834,60,87.5,45,100.0,66.67
construct_counter_inputSet.m,76.232,100,63.08,75,100.0,43.08
construct_dataset_filenames.m,74.5,60,75.0,75,100.0,62.5
construct_DeepMIMO_channel.m,75.088,80,67.23,75,100.0,53.21
construct_DeepMIMO_channel_TD.m,76.84,100,68.97,75,100.0,40.23
Construct_error_table.m,58.824,100,55.88,0,100.0,38.24
Construct_error_table_300VW.m,62.942,100,76.47,0,100.0,38.24
construct_full_type.m,70.748,100,53.12,60,100.0,40.62
construct_func_handle.m,70.556,30,88.89,45,100.0,88.89
construct_grid.m,75.03,100,78.79,60,100.0,36.36
construct_grid_even.m,72.572,60,71.43,60,100.0,71.43
construct_hierarchical_algorithm.m,75.0,100,60.0,60,100.0,55.0
Construct_iMSF.m,70.27,80,55.96,60,100.0,55.39
construct_initial_guess.m,76.822,100,58.82,90,100.0,35.29
construct_initial_guess_rankOne.m,75.446,100,56.38,90,100.0,30.85
construct_inputset.m,66.142,100,58.57,45,100.0,27.14
construct_patches.m,74.644,100,64.29,75,100.0,33.93
construct_q_matrix.m,66.0,60,68.75,45,100.0,56.25
construct_regwindow.m,70.308,60,84.62,30,100.0,76.92
construct_weights.m,59.0,30,87.5,15,100.0,62.5
construct_winning_matrix.m,63.0,60,65.0,45,100.0,45.0
constr_precond.m,83.0,100,72.22,90,100.0,52.78
constr_precond_inner.m,71.174,100,65.22,45,100.0,45.65
constVel.m,78.378,100,64.15,90,100.0,37.74
const_bf.m,70.472,60,73.68,45,100.0,73.68
const_bF_appA.m,73.5,60,87.5,45,100.0,75.0
const_mv2df.m,71.5,100,65.0,45,100.0,47.5
const_power_charging.m,77.828,100,68.69,75,100.0,45.45
consumeSomething.m,79.594,80,71.19,100,100.0,46.78
consumption.m,68.618,60,76.19,45,100.0,61.9
cons_smacof_pip.m,71.596,70,50.44,100,100.0,37.54
contab_ACTIVSg10k.m,57.238,70,99.98,15,100.0,1.21
contab_ACTIVSg200.m,59.546,80,98.81,15,100.0,3.92
contab_ACTIVSg2000.m,57.278,70,99.95,15,100.0,1.44
contab_ACTIVSg500.m,57.44,70,99.71,15,100.0,2.49
contactForces.m,67.556,30,88.89,30,100.0,88.89
ContactFrame.m,74.894,100,40.43,100,100.0,34.04
Contact_Formualtion.m,77.286,80,56.6,100,100.0,49.83
Contact_Geometry.m,69.412,100,44.12,75,100.0,27.94
Container.m,75.416,80,57.08,100,100.0,40.0
containersMapDemo.m,53.6,60,60.0,0,100.0,48.0
containingDirectory.m,58.668,30,66.67,30,100.0,66.67
contains.m,73.0,30,87.5,60,100.0,87.5
containsPointSet.m,75.572,100,62.86,75,100.0,40.0
containsRegexp.m,66.112,30,77.78,45,100.0,77.78
contains_.m,85.726,100,77.27,90,100.0,61.36
Contamination.m,82.274,100,78.79,75,100.0,57.58
contamination_prob.m,66.716,60,64.29,45,100.0,64.29
contDynamics.m,79.08,100,56.32,100,100.0,39.08
content.m,69.904,80,64.02,60,100.0,45.5
content_identification_macro_tags.m,58.332,60,58.33,15,100.0,58.33
content_identification_module_tags.m,69.0,30,100.0,15,100.0,100.0
content_item_macro_tags.m,61.668,60,66.67,15,100.0,66.67
contextLayerBackprop.m,74.692,60,69.23,75,100.0,69.23
contextLayerForward.m,75.112,60,77.78,60,100.0,77.78
context_data.m,81.608,100,70.11,100,100.0,37.93
context_labels.m,82.672,80,66.36,100,100.0,67.0
context_rescore.m,71.692,60,76.92,60,100.0,61.54
context_test.m,85.262,100,73.68,100,100.0,52.63
context_train.m,88.0,100,77.5,100,100.0,62.5
contiguous_indices.m,80.456,100,66.67,75,100.0,60.61
contingencyTablePairedDiffPostMc.m,72.546,60,90.91,30,100.0,81.82
contingencyTableUnpairedDiffPostMc.m,72.546,60,90.91,30,100.0,81.82
contingent_claims_analysis.m,76.776,80,56.41,100,100.0,47.47
continous_custom_current_profile.m,66.446,80,59.48,45,100.0,47.75
continuation.m,66.0,30,100.0,0,100.0,100.0
ContinuousDynamics.m,71.632,80,42.86,100,100.0,35.3
continuousFFT.m,70.774,70,46.22,100,100.0,37.65
continuous_meg.m,65.356,80,51.97,60,100.0,34.81
continuous_ns.m,74.768,60,76.92,60,100.0,76.92
continuous_prediction_2class.m,82.386,60,92.31,75,100.0,84.62
Continuum_IC2d.m,57.57,30,85.71,15,100.0,57.14
contour.m,66.572,30,71.43,60,100.0,71.43
contour2levelset.m,82.844,80,59.22,100,100.0,75.0
contour2logic.m,76.296,80,54.55,100,100.0,46.93
contour3.m,79.952,80,68.93,100,100.0,50.83
contour3Demo.m,66.0,30,100.0,0,100.0,100.0
contour3s.m,70.978,80,47.8,100,100.0,27.09
contourBone.m,80.324,80,68.84,100,100.0,52.78
contourControl.m,73.282,70,49.63,100,100.0,46.78
contourd.m,68.0,60,70.0,45,100.0,65.0
contourDemo.m,52.69,60,62.07,0,100.0,41.38
contourf.m,66.572,30,71.43,60,100.0,71.43
contourfDemo.m,66.0,30,100.0,0,100.0,100.0
ContourFitting.m,76.226,100,53.16,90,100.0,37.97
contourMatrixToPolylines.m,72.42,60,73.68,60,100.0,68.42
ContourPlots.m,62.412,100,52.94,15,100.0,44.12
contourPrinter.m,62.554,60,44.44,75,100.0,33.33
contourRegularise.m,83.126,100,68.75,100,100.0,46.88
contours2OWT.m,75.204,80,64.09,100,100.0,31.93
contours2_demo.m,78.038,100,81.13,60,100.0,49.06
contourShade.m,62.0,30,60.0,60,100.0,60.0
contourslice.m,79.826,60,78.26,100,100.0,60.87
contoursliceDemo.m,62.286,100,62.86,0,100.0,48.57
contoursSSEdemo.m,83.956,100,78.72,90,100.0,51.06
contourSUV.m,87.5,100,75.0,100,100.0,62.5
contours_demo.m,80.108,100,75.68,60,100.0,64.86
contours_hierarchy_demo.m,59.672,100,60.66,0,100.0,37.7
contourVisibility.m,80.5,100,75.0,75,100.0,52.5
contour_angles.m,84.898,100,75.51,100,100.0,48.98
contour_edges.m,63.334,60,66.67,30,100.0,60.0
contract.m,81.678,100,77.42,60,100.0,70.97
contractForwardBackward.m,81.11,100,58.33,100,100.0,47.22
contractInterval.m,80.426,100,57.45,100,100.0,44.68
contractModel.m,77.37,80,67.91,90,100.0,48.94
contractParallelLinearization.m,77.562,100,53.66,100,100.0,34.15
contractPoly.m,69.47,70,45.99,100,100.0,31.36
contractPolyBoxRevise.m,71.072,80,45.73,100,100.0,29.63
contrasepD.m,56.446,60,66.67,0,100.0,55.56
contrastBatchGUI.m,74.962,80,58.22,90,100.0,46.59
ContrastChange.m,68.666,30,100.0,30,100.0,83.33
contrastGUI.m,72.204,70,51.82,100,100.0,39.2
ContrastiveLoss.m,77.106,100,74.47,60,100.0,51.06
ContrastiveLoss_new.m,77.106,100,74.47,60,100.0,51.06
ContrastTest.m,78.674,100,65.31,75,100.0,53.06
contrast_filter_thresh_Callback.m,69.0,30,100.0,15,100.0,100.0
Contrast_MEbins.m,67.0,30,90.0,45,100.0,70.0
contributingVoxels.m,68.5,60,87.5,45,100.0,50.0
Contribution.m,79.43,100,65.48,90,100.0,41.67
control.m,85.97,100,83.58,100,100.0,46.27
ControlAllocation.m,64.0,30,80.0,30,100.0,80.0
ControlAllocation_s.m,61.0,100,56.67,15,100.0,33.33
ControlApp.m,80.0,100,66.67,75,100.0,58.33
ControlBus.m,76.348,100,73.91,60,100.0,47.83
controlFrame.m,73.472,70,52.04,100,100.0,45.32
ControlFramesEnum.m,81.016,100,59.32,100,100.0,45.76
Controller.m,62.286,60,64.29,30,100.0,57.14
ControllerDesign.m,75.888,60,72.22,75,100.0,72.22
controllerX.m,67.722,100,75.0,15,100.0,48.61
controller_3d.m,60.76,60,65.52,30,100.0,48.28
controller_cfs.m,64.462,100,56.41,30,100.0,35.9
controller_cfs_variant.m,66.142,100,55.1,45,100.0,30.61
controller_choices.m,57.954,80,24.59,60,100.0,25.18
controller_comparison.m,68.194,100,67.07,30,100.0,43.9
controller_dfs.m,64.974,100,56.41,30,100.0,38.46
controller_dfs_variant.m,71.61,100,65.22,45,100.0,47.83
controller_final.m,80.082,80,78.99,100,100.0,41.42
controller_naive.m,56.324,100,23.94,45,100.0,12.68
Controller_PD.m,71.564,100,74.36,45,100.0,38.46
controller_recon_cL.m,72.764,60,82.35,45,100.0,76.47
controlmain_steer.m,65.176,70,34.17,90,100.0,31.71
controlmain_steer2.m,64.68,70,33.73,90,100.0,29.67
controlmain_surgesteer3.m,64.648,70,33.89,90,100.0,29.35
controlMap.m,64.0,30,80.0,30,100.0,80.0
ControlModelX.m,70.668,60,66.67,60,100.0,66.67
controlPolygon.m,77.16,100,67.74,60,100.0,58.06
ControlProblem.m,78.296,80,61.01,100,100.0,50.47
ControlStage.m,66.112,30,77.78,45,100.0,77.78
ControlVariableAnalysis.m,72.578,60,84.21,45,100.0,73.68
controlWithMeasurementDelay.m,59.142,60,82.14,0,100.0,53.57
control_allocation.m,77.946,80,64.46,100,100.0,45.27
control_allocation_types.m,67.0,30,80.0,45,100.0,80.0
control_anno.m,58.0,60,85.0,0,100.0,45.0
control_AutomaticGearbox.m,79.58,100,60.53,90,100.0,47.37
control_beam.m,70.818,100,78.31,30,100.0,45.78
control_beam_MIMO.m,64.156,80,60.0,45,100.0,35.78
control_EngineLimiter.m,80.364,60,90.91,60,100.0,90.91
control_ForceRequestConverter.m,73.524,60,76.19,60,100.0,71.43
Control_Graph.m,73.064,80,73.65,75,100.0,36.67
control_IdleSpeedControl.m,70.0,30,80.0,60,100.0,80.0
control_parameters.m,55.846,60,76.92,0,100.0,42.31
control_simple_sync_serial.m,78.186,80,61.9,100,100.0,49.03
control_ThrottleRequest.m,66.5,60,58.33,60,100.0,54.17
ContrVec.m,72.532,70,51.84,100,100.0,40.82
contSet.m,78.124,100,51.56,100,100.0,39.06
contSetOperations.m,74.656,80,59.88,90,100.0,43.4
contsine.m,69.778,30,100.0,30,100.0,88.89
ContW.m,81.114,80,68.57,90,100.0,67.0
contwtgn.m,80.414,100,67.24,90,100.0,44.83
contwtgnmir.m,81.928,100,73.21,90,100.0,46.43
cont_ca_sampler.m,76.194,70,67.21,100,100.0,43.76
cont_model.m,66.334,60,70.0,45,100.0,56.67
Conv.m,82.0,100,90.62,60,100.0,59.38
Conv1DLayer.m,68.968,70,41.83,100,100.0,33.01
conv2bim.m,84.446,100,66.67,100,100.0,55.56
conv2c.m,75.112,100,66.67,60,100.0,48.89
conv2conv.m,81.0,60,100.0,45,100.0,100.0
conv2conv1by1.m,75.0,30,100.0,45,100.0,100.0
conv2conv_f.m,75.0,30,100.0,45,100.0,100.0
conv2conv_mem.m,78.0,60,86.67,60,100.0,83.33
Conv2DLayer.m,67.264,70,35.05,100,100.0,31.27
conv2fft.m,83.668,60,91.67,75,100.0,91.67
conv2full.m,75.0,30,100.0,45,100.0,100.0
conv2mtx.m,78.596,100,65.67,90,100.0,37.31
conv2out.m,72.0,30,100.0,30,100.0,100.0
conv2out_mem.m,80.044,60,82.61,75,100.0,82.61
conv2p.m,69.0,30,100.0,15,100.0,100.0
conv2pool.m,75.0,30,100.0,45,100.0,100.0
conv2sep.m,66.112,30,77.78,45,100.0,77.78
conv2Sparse.m,74.8,100,72.0,60,100.0,42.0
conv2_New.m,75.0,30,100.0,45,100.0,100.0
Conv3DLayer.m,66.958,70,34.01,100,100.0,30.78
conv3fft.m,58.158,60,73.68,15,100.0,42.11
ConvAccurPlot.m,65.778,60,77.78,30,100.0,61.11
convBaron.m,81.0,100,78.33,75,100.0,51.67
convBconv.m,75.0,30,100.0,45,100.0,100.0
convBconv_1by1.m,75.0,30,100.0,45,100.0,100.0
convBconv_last.m,75.0,30,100.0,45,100.0,100.0
convBconv_mem.m,78.668,60,86.67,60,100.0,86.67
convBestRot.m,76.482,100,72.41,60,100.0,50.0
convBinput.m,75.0,30,100.0,45,100.0,100.0
convBinput_SR.m,73.0,30,87.5,60,100.0,87.5
convBinput_with_mask.m,77.77,60,80.77,75,100.0,73.08
convBinput_with_mask_accel.m,81.666,100,72.22,75,100.0,61.11
ConvBlock.m,83.696,100,68.48,100,100.0,50.0
convBonmin.m,81.17,100,63.41,90,100.0,52.44
convBox.m,74.0,60,85.0,45,100.0,80.0
convBpool.m,75.0,30,100.0,45,100.0,100.0
convBpool_mem.m,76.8,60,84.0,60,100.0,80.0
ConvC.m,69.0,30,100.0,15,100.0,100.0
convcode.m,77.242,100,68.97,100,100.0,17.24
convdemo.m,76.71,100,54.84,90,100.0,38.71
convectioncoupledExample.m,76.588,100,100.0,30,100.0,52.94
convectiondiffusiontutorial.m,77.0,60,100.0,45,100.0,80.0
convectiondiffusiontutorial2.m,90.728,100,94.55,90,100.0,69.09
convectiondiffusiontutorial_sph.m,81.484,100,96.77,30,100.0,80.65
convectionODEexample.m,71.572,60,100.0,30,100.0,67.86
convectionTerm.m,77.334,60,100.0,60,100.0,66.67
convectionTerm1D.m,63.148,60,81.48,15,100.0,59.26
convectionTerm2D.m,70.272,100,86.36,15,100.0,50.0
convectionTerm3D.m,68.454,100,92.42,15,100.0,34.85
convectionTermCylindrical1D.m,62.334,60,80.0,15,100.0,56.67
convectionTermCylindrical2D.m,70.826,100,86.96,15,100.0,52.17
convectionTermCylindrical3D.m,70.06,100,92.65,15,100.0,42.65
convectionTermRadial2D.m,72.13,100,89.13,15,100.0,56.52
convectionTermSpherical1D.m,63.57,60,82.14,15,100.0,60.71
convectionTVDburger.m,76.614,100,89.8,30,100.0,63.27
convectionTVDexample.m,81.89,100,97.78,45,100.0,66.67
convectionTvdRHS.m,76.174,60,100.0,60,100.0,60.87
convectionTvdRHS1D.m,72.25,100,75.0,30,100.0,56.25
convectionTvdRHS2D.m,70.688,100,81.25,30,100.0,42.19
convectionTvdRHS3D.m,70.166,100,87.5,30,100.0,33.33
convectionTvdRHSCylindrical1D.m,72.112,100,75.0,30,100.0,55.56
convectionTvdRHSCylindrical2D.m,71.074,100,82.09,30,100.0,43.28
convectionTvdRHSCylindrical3D.m,71.454,100,87.88,30,100.0,39.39
convectionTvdRHSRadial2D.m,72.268,100,82.09,30,100.0,49.25
convectionTvdRHSSpherical1D.m,71.882,100,73.53,30,100.0,55.88
convectionTvdTerm.m,76.5,60,100.0,60,100.0,62.5
convectionTvdTerm1D.m,71.77,100,75.0,30,100.0,53.85
convectionTvdTerm2D.m,71.102,100,83.67,30,100.0,41.84
convectionTvdTerm3D.m,66.634,80,88.67,30,100.0,34.5
convectionTvdTermCylindrical1D.m,72.182,100,76.36,30,100.0,54.55
convectionTvdTermCylindrical2D.m,72.866,80,83.33,30,100.0,71.0
convectionTvdTermCylindrical3D.m,68.418,80,89.47,30,100.0,42.62
convectionTvdTermRadial2D.m,73.366,80,83.33,30,100.0,73.5
convectionTvdTermSpherical1D.m,72.666,100,74.07,30,100.0,59.26
convectionUpwindTerm.m,84.19,100,73.81,90,100.0,57.14
convectionUpwindTerm1D.m,79.5,100,80.0,60,100.0,57.5
convectionUpwindTerm2D.m,77.142,100,87.14,60,100.0,38.57
convectionUpwindTerm3D.m,67.0,100,89.41,15,100.0,30.59
convectionUpwindTermCylindrical1D.m,70.058,100,76.47,15,100.0,58.82
convectionUpwindTermCylindrical2D.m,68.574,100,83.61,15,100.0,44.26
convectionUpwindTermCylindrical3D.m,68.618,100,88.76,15,100.0,39.33
convectionUpwindTermRadial2D.m,70.0,100,85.0,15,100.0,50.0
convectionUpwindTermSpherical1D.m,70.274,100,72.73,15,100.0,63.64
Convection_Diffusion.m,73.09,100,68.18,45,100.0,52.27
convective_rolls.m,56.196,100,42.27,15,100.0,23.71
conventionalAirplaneAeroLoadParams.m,66.456,60,63.64,45,100.0,63.64
conventionalAirplaneAero_params_default.m,59.368,60,73.68,0,100.0,63.16
conventionalAirplaneLoadParams.m,58.668,30,66.67,30,100.0,66.67
conventional_bf_1d.m,90.834,100,85.42,100,100.0,68.75
Conventions2Wiki.m,73.38,60,85.71,45,100.0,76.19
converge.m,72.334,60,75.0,60,100.0,66.67
convergence.m,61.74,60,59.26,45,100.0,44.44
convergenceExample.m,72.636,100,68.18,45,100.0,50.0
ConvergenceHistogram.m,85.5,100,75.0,90,100.0,62.5
ConvergencePlotComputerMaterialDesignExperimentCircle.m,74.758,80,53.68,100,100.0,40.11
ConvergencePlotComputerMaterialDesignExperimentHorizontal.m,81.086,80,57.43,100,100.0,68.0
ConvergencePlotComputerMaterialDesignExperimentPoisson.m,81.086,80,57.43,100,100.0,68.0
ConvergenceScore.m,66.456,60,63.64,45,100.0,63.64
convergenceTest.m,69.884,60,64.71,60,100.0,64.71
ConvergenceVariables.m,67.668,60,56.67,75,100.0,46.67
ConvergenceVarsDispatcher.m,81.654,60,75.86,100,100.0,72.41
convergence_animation_demo.m,68.326,100,60.47,30,100.0,51.16
Convergence_DirectedSampling.m,84.366,100,71.26,100,100.0,50.57
convergence_test.m,70.18,100,79.49,15,100.0,56.41
convergenplot.m,75.544,60,95.45,45,100.0,77.27
converge_A2_imperfect.m,80.604,100,93.02,60,100.0,50.0
converge_A2_perfect.m,79.938,100,96.88,45,100.0,57.81
converge_plot.m,74.43,100,94.29,15,100.0,62.86
converse.m,72.572,60,78.57,60,100.0,64.29
converse_mc.m,72.396,70,54.27,100,100.0,37.71
converse_simo.m,78.176,100,60.32,75,100.0,55.56
converse_spec2.m,76.45,100,62.32,75,100.0,44.93
Conversion.m,72.246,80,49.06,100,100.0,32.17
conversionConZonoStarSet.m,75.752,100,71.88,60,100.0,46.88
conversionstacks_S1_IW.m,69.572,70,37.39,100,100.0,40.47
conversionstacks_SM.m,71.382,70,45.33,100,100.0,41.58
conversionStarSetConZono.m,74.428,100,61.43,75,100.0,35.71
convert(MNIST2Matlab).m,58.832,100,45.83,15,100.0,33.33
convert.m,82.552,100,67.02,100,100.0,45.74
convert.orig.m,69.092,100,87.88,0,100.0,57.58
convert2022benchmarks.m,70.772,80,40.28,90,100.0,43.58
convert2avi.m,69.454,60,68.18,60,100.0,59.09
convert2dB.m,72.42,60,73.68,60,100.0,68.42
convert2eval.m,77.456,100,72.73,60,100.0,54.55
convert2set.m,71.464,80,42.95,100,100.0,34.37
convertAngleUnits.m,74.402,100,71.64,75,100.0,25.37
convertAnnotationsDeeplab.m,73.166,60,75.0,60,100.0,70.83
convertAnnotationsToVersion11.m,80.0,100,75.0,60,100.0,65.0
convertArchives.m,68.538,60,57.69,75,100.0,50.0
convertArrayToTs.m,74.668,60,91.67,30,100.0,91.67
ConvertAtoG.m,72.834,60,75.0,75,100.0,54.17
convertATPflux2StepNumer.m,79.0,60,91.67,60,100.0,83.33
convertBb_X1Y1WH_to_X1Y1X2Y2.m,64.666,60,75.0,30,100.0,58.33
convertBb_X1Y1WH_to_Y1X1Y2X2.m,66.334,60,75.0,30,100.0,66.67
convertBb_X1Y1X2Y2_to_X1Y1WH.m,64.666,60,75.0,30,100.0,58.33
convertBb_Y1X1Y2X2_to_X1Y1WH.m,66.334,60,75.0,30,100.0,66.67
convertBPEData.m,83.226,100,66.13,100,100.0,50.0
convertCartesianToSpherical.m,67.23,60,76.92,30,100.0,69.23
convertCbModelToCNAModel.m,70.668,60,66.67,60,100.0,66.67
convertCerrToDcmDosZGrid.m,82.646,100,76.47,75,100.0,61.76
convertCerrToDcmPoints.m,77.044,60,86.96,60,100.0,78.26
convertCharArray.m,78.428,60,78.57,75,100.0,78.57
convertClu2Kwik.m,84.746,100,69.49,100,100.0,54.24
convertClusterVector.m,77.0,30,90.0,75,100.0,90.0
convertcmpsdp.m,81.662,80,69.31,90,100.0,69.0
convertCNAModelToCbModel.m,70.668,60,66.67,60,100.0,66.67
convertCobra2Fbc2_Depreciated.m,83.286,100,64.38,100,100.0,52.05
convertCobraLP2mps.m,70.538,100,71.15,45,100.0,36.54
convertCobraToSBML.m,74.768,60,76.92,60,100.0,76.92
convertCobraToSBML_Depreciated.m,78.39,70,69.6,100,100.0,52.35
convertCoordinates.m,68.6,60,60.0,75,100.0,48.0
ConvertCorrToBestRegRows.m,68.334,30,88.89,45,100.0,77.78
convertCovType.m,63.942,100,32.84,60,100.0,26.87
convertdata_PK2WL.m,81.902,100,90.32,45,100.0,74.19
convertdata_txt2PK.m,78.02,100,66.04,75,100.0,49.06
convertdata_WL2PK.m,76.706,100,64.71,60,100.0,58.82
convertDate.m,79.23,60,76.92,90,100.0,69.23
convertDebugToTrajectory.m,79.742,80,66.92,100,100.0,51.79
convertDicom2Vista_UU_donders.m,80.084,80,66.98,100,100.0,53.44
convertDicom2Vista_UU_UMC.m,73.918,80,50.32,90,100.0,49.27
convertDICOMArchives.m,81.86,100,55.81,100,100.0,53.49
convertDLToolboxNetwork.m,75.258,80,57.53,100,100.0,38.76
convertDoseToWater.m,67.316,60,68.42,45,100.0,63.16
convertDuration.m,77.908,60,95.45,75,100.0,59.09
convertEnergyUnits.m,70.356,80,71.01,75,100.0,25.77
converter.m,68.668,100,47.44,60,100.0,35.9
convertERTSimLogs.m,83.5,100,72.5,90,100.0,55.0
convertf.m,84.186,100,74.42,100,100.0,46.51
convertFigureRGB2ind.m,77.326,100,60.47,75,100.0,51.16
convertFMAT2Matlab.m,69.0,100,64.15,45,100.0,35.85
convertForceUnits.m,70.578,80,73.17,75,100.0,24.72
ConvertFormulaToMathML.m,68.822,80,54.41,75,100.0,34.7
convertFromdB.m,72.42,60,73.68,60,100.0,68.42
convertGene2PathwayInteractions.m,82.186,100,72.09,90,100.0,48.84
convertGSASparms.m,77.0,60,85.0,60,100.0,80.0
convertHDF5StrToMatlabStr.m,79.0,60,80.0,75,100.0,80.0
convertHead.m,78.24,100,65.06,90,100.0,36.14
convertHypergraphToBipartiteGraph.m,67.668,100,55.56,45,100.0,37.78
convertIGScoords.m,83.308,100,83.08,75,100.0,58.46
convertImage.m,63.134,100,30.93,60,100.0,24.74
convertimstocounts.m,63.07,60,68.97,45,100.0,41.38
convertInchiString2format.m,71.0,60,60.0,75,100.0,60.0
convertIndexList.m,69.0,30,100.0,15,100.0,100.0
convertInteractionMatrix.m,71.5,100,62.5,45,100.0,50.0
convertIntrinsics.m,64.528,100,75.47,0,100.0,47.17
Convertion.m,69.112,30,77.78,60,100.0,77.78
ConvertIPTtoICh.m,67.666,60,73.33,45,100.0,60.0
convertIrrevFluxDistribution.m,74.368,60,73.68,75,100.0,63.16
convertKaldiNetworks2Mat.m,69.75,60,75.0,45,100.0,68.75
convertKaldiNetworksPrecision.m,70.668,60,66.67,60,100.0,66.67
ConvertKilosort2Neurosuite.m,79.732,80,71.72,100,100.0,46.94
ConvertKlusta2Matlab.m,79.724,80,60.95,100,100.0,57.67
ConvertKlusta2Neurosuite.m,78.052,80,56.07,100,100.0,54.19
convertKSpace_main.m,71.506,100,56.79,60,100.0,40.74
convertLabelsTo01.m,65.332,30,83.33,30,100.0,83.33
convertLabelsToCategorical.m,72.0,30,100.0,30,100.0,100.0
convertLabelsToPM1.m,66.284,30,85.71,30,100.0,85.71
convertlat.m,62.564,80,50.32,45,100.0,37.5
convertLeksellFileToHex.m,80.526,60,78.95,90,100.0,73.68
convertLengthUnits.m,71.132,80,73.49,75,100.0,27.17
convertLine3D2Img.m,69.0,30,100.0,15,100.0,100.0
ConvertLinearSpace.m,66.334,60,66.67,45,100.0,60.0
convertLineImg23D.m,69.0,30,100.0,15,100.0,100.0
ConvertLinelet2Pts.m,78.606,100,69.7,90,100.0,33.33
convertLinksToHtml.m,78.126,100,59.38,75,100.0,56.25
ConvertLMStoIPT.m,69.8,60,72.0,45,100.0,72.0
ConvertLMStoLAlphaBeta.m,60.106,60,63.16,30,100.0,47.37
convertlocs.m,76.032,80,57.87,100,100.0,42.29
convertlogics.m,71.274,60,72.73,60,100.0,63.64
convertlorentz.m,77.75,60,93.75,60,100.0,75.0
convertMapsAcrossViews.m,77.594,100,66.67,75,100.0,46.3
ConvertMaskBF2pooling.m,86.556,100,82.22,75,100.0,75.56
ConvertMaskBF2Split.m,85.968,100,83.87,75,100.0,70.97
convertmat.m,59.446,30,66.67,45,100.0,55.56
convertmatfiles.m,71.5,100,62.5,45,100.0,50.0
ConvertMatlabMoviesToTiff.m,62.666,60,62.5,45,100.0,45.83
convertMatlabNumbers.m,71.5,100,57.5,60,100.0,40.0
convertMatToStruct.m,69.228,80,63.72,60,100.0,42.42
ConvertMesh.m,70.878,100,65.85,30,100.0,58.54
convertModel2Metstructure.m,87.698,100,78.79,90,100.0,69.7
convertModelNameToDirectories.m,69.284,30,85.71,45,100.0,85.71
convertModelToEX.m,79.456,100,63.64,90,100.0,43.64
ConvertMountainsort2Neurosuite.m,77.706,80,64.34,100,100.0,44.19
ConvertNetwork.m,80.646,80,56.73,100,100.0,66.5
ConvertObjVec2Boundary.m,59.428,60,57.14,30,100.0,50.0
convertOld2NewHMDB.m,74.0,30,90.0,60,100.0,90.0
ConvertOldConfigToNew.m,74.444,100,80.0,30,100.0,62.22
convertOldCouplingFormat.m,87.352,100,85.29,75,100.0,76.47
convertoldnet.m,77.0,60,83.33,75,100.0,66.67
convertOldStyleModel.m,77.348,80,60.07,100,100.0,46.67
convertOpenEphysToRawBInary.m,77.686,100,61.19,75,100.0,52.24
convertOperator.m,71.408,60,77.78,60,100.0,59.26
convertOxtsToPose.m,76.516,100,70.97,60,100.0,51.61
ConvertPhyKilo2Neurosuite.m,78.056,80,64.49,100,100.0,45.79
convertPmagToBshort.m,76.156,80,61.54,100,100.0,39.24
convertPolynomialForm.m,71.23,100,50.72,75,100.0,30.43
convertPressureUnits.m,70.942,80,73.04,75,100.0,26.67
ConvertPts2Linelet.m,73.0,60,80.0,75,100.0,50.0
convertquadratics.m,76.426,80,58.54,100,100.0,43.59
ConvertRawDataToRRIntervals.m,82.446,100,66.67,90,100.0,55.56
convertRawFile2RawData.m,78.778,60,100.0,45,100.0,88.89
convertRcone.m,77.334,60,90.48,60,100.0,76.19
convertRecon3DToRaven.m,81.154,100,76.92,75,100.0,53.85
ConvertRGB2020.m,64.0,30,80.0,30,100.0,80.0
convertRGBToHSI.m,67.0,30,87.5,30,100.0,87.5
ConvertRgbToHsl.m,59.48,60,62.96,30,100.0,44.44
ConvertRGBtoICh.m,75.668,60,91.67,60,100.0,66.67
convertRGBToLAB.m,68.0,60,75.0,30,100.0,75.0
convertRGBToLMS.m,67.0,30,87.5,30,100.0,87.5
ConvertRGBtosRGB.m,65.778,60,72.22,30,100.0,66.67
ConvertRGBtoXYZ.m,63.334,60,66.67,30,100.0,60.0
ConvertRGBtoYUV.m,62.0,60,66.67,30,100.0,53.33
convertRVVectOnDownwardsSoITransition.m,68.91,60,81.82,30,100.0,72.73
convertRVVectOnUpwardsSoITransition.m,68.91,60,81.82,30,100.0,72.73
convertSBMLID.m,72.696,60,86.96,60,100.0,56.52
convertSBMLToCobra_Depreciated.m,75.966,70,69.81,100,100.0,40.02
ConvertSchemeUnits.m,79.614,100,64.1,75,100.0,58.97
ConvertScoresTest.m,68.666,60,70.0,60,100.0,53.33
convertSec2YearDayHrMnSec.m,64.666,60,72.22,30,100.0,61.11
convertSeperateTsToArrayTs.m,82.706,100,70.59,90,100.0,52.94
convertSGLogs.m,80.334,100,75.0,60,100.0,66.67
convertSimLogs.m,70.23,60,76.92,45,100.0,69.23
convertsocp.m,78.666,60,93.33,60,100.0,80.0
convertSpeedUnits.m,66.284,30,85.71,30,100.0,85.71
ConvertSPMtimingsToAFNI.m,58.74,60,59.26,30,100.0,44.44
ConvertSPMtimingsToFSL.m,60.366,70,95.25,30,100.0,6.58
ConvertSpykingCircus2Neurosuite.m,73.8,70,58.25,100,100.0,40.75
ConvertStringDate.m,80.094,100,83.33,60,100.0,57.14
convertTemperatureUnits.m,68.482,60,66.67,75,100.0,40.74
convertTimeSignalToFrequencySignal.m,75.032,100,63.64,60,100.0,51.52
convertTimeUnits.m,71.108,80,73.04,75,100.0,27.5
converttochar.m,71.666,60,80.0,45,100.0,73.33
convertToCobraV2.m,70.806,100,56.72,60,100.0,37.31
ConvertToCsv.m,78.304,60,82.61,75,100.0,73.91
convertToDLToolboxNetwork.m,81.634,100,63.27,100,100.0,44.9
ConvertToGray.m,72.284,30,85.71,60,100.0,85.71
convertToIrrev.m,77.826,100,72.83,75,100.0,41.3
convertToIrreversible.m,82.844,80,71.93,100,100.0,62.29
convertToMeasPara.m,79.604,80,65.35,90,100.0,62.67
convertToMultinomial.m,80.572,100,80.0,60,100.0,62.86
ConvertToPlanarMetres.m,62.21,60,68.42,30,100.0,52.63
convertToReversible.m,77.788,100,71.05,60,100.0,57.89
convertToStr.m,72.284,30,85.71,60,100.0,85.71
convertToType.m,76.668,60,76.67,90,100.0,56.67
ConvertToWGS84.m,67.092,60,72.73,30,100.0,72.73
convertTransitionMatrix.m,68.118,100,52.94,45,100.0,42.65
ConvertTwoLFPFilessToOne.m,85.784,100,72.29,100,100.0,56.63
convertTXTToStruct.m,68.224,80,62.41,60,100.0,38.71
convertVecStruct.m,74.11,100,53.33,75,100.0,42.22
convertVMHIDName.m,78.364,80,62.32,100,100.0,49.5
convertWildDatabase.m,76.392,100,76.09,45,100.0,60.87
convertxyz2Vect.m,62.5,30,75.0,45,100.0,62.5
ConvertXYZtoCIELab.m,72.226,100,64.52,45,100.0,51.61
ConvertXYZtoCIELCh.m,72.428,100,65.71,45,100.0,51.43
ConvertXYZtoIPT.m,63.858,60,64.29,45,100.0,50.0
ConvertXYZtoLMS.m,67.154,60,69.23,45,100.0,61.54
ConvertXYZtoLUV.m,68.142,100,66.07,30,100.0,44.64
ConvertXYZtoYxy.m,66.0,60,67.86,45,100.0,57.14
convertYearDayHrMnSec2Sec.m,66.0,30,90.0,30,100.0,80.0
convertYmn2FBC2.m,79.848,100,74.24,75,100.0,50.0
convertYuvToRgb.m,55.0,30,70.0,15,100.0,60.0
convert_2dresults2mov.m,77.454,100,84.09,60,100.0,43.18
convert_3dresults2mov.m,76.39,100,82.93,60,100.0,39.02
convert_acas_to_MATLAB.m,72.0,30,100.0,30,100.0,100.0
convert_ACN_SID.m,78.902,100,70.73,75,100.0,48.78
convert_application_dimensions.m,81.578,60,84.21,90,100.0,73.68
convert_caffe2img.m,75.0,30,100.0,45,100.0,100.0
convert_caffe2mat.m,75.0,30,100.0,45,100.0,100.0
Convert_CCF_Coords_to_FP_Regions.m,75.902,100,74.39,60,100.0,45.12
Convert_Clicked_Points_to_FP_coords.m,78.756,80,62.39,90,100.0,61.39
convert_comments.m,74.838,80,54.94,100,100.0,39.25
convert_complex_data.m,82.166,100,70.83,90,100.0,50.0
convert_complex_file_type.m,82.098,100,70.97,75,100.0,64.52
convert_CPD_to_table_hidden_ps.m,74.332,60,83.33,45,100.0,83.33
convert_dataset.m,68.756,80,52.78,75,100.0,36.0
convert_dbn_CPDs_to_pots.m,72.0,60,66.67,75,100.0,58.33
convert_dbn_CPDs_to_tables.m,77.022,80,55.56,100,100.0,49.55
convert_dbn_CPDs_to_tables1.m,74.134,80,60.0,75,100.0,55.67
convert_dbn_CPDs_to_tables_slow.m,72.334,60,66.67,75,100.0,60.0
convert_decodedfeatures.m,70.518,100,63.29,45,100.0,44.3
convert_distance_color.m,75.668,60,86.67,45,100.0,86.67
convert_Distraction_RH.m,79.6,100,74.0,60,100.0,64.0
convert_dng2linear.m,83.072,100,76.06,90,100.0,49.3
convert_ecat2nii.m,60.856,60,61.9,30,100.0,52.38
Convert_eeg.m,72.554,100,64.44,45,100.0,53.33
Convert_Emotiv.m,81.374,100,78.12,60,100.0,68.75
convert_event.m,74.51,80,57.38,100,100.0,35.17
convert_EX_to_diet.m,77.0,100,75.0,60,100.0,50.0
convert_Fall.m,74.714,100,80.95,45,100.0,47.62
convert_Fatigue_RH.m,79.6,100,74.0,60,100.0,64.0
convert_fieldsign.m,75.486,100,78.38,45,100.0,54.05
convert_file.m,82.584,80,75.78,100,100.0,57.14
convert_gyro_records_to_wav.m,75.666,60,83.33,60,100.0,75.0
convert_hmm_to_gaussian_emissions.m,76.784,100,65.22,60,100.0,58.7
convert_ignore.m,69.284,30,85.71,45,100.0,85.71
convert_img2caffe.m,75.0,30,100.0,45,100.0,100.0
convert_im_scale_to_rgb.m,63.106,60,68.42,45,100.0,42.11
convert_input_to_struct.m,79.87,100,93.48,45,100.0,60.87
convert_label_strings_into_numbers.m,75.0,100,39.29,100,100.0,35.71
convert_linear2rgb.m,72.818,60,81.82,45,100.0,77.27
convert_line_segment2BoType.m,62.21,60,73.68,30,100.0,47.37
convert_lin_constraint.m,77.59,60,88.24,75,100.0,64.71
convert_lin_constraint_multipliers.m,73.524,60,80.95,60,100.0,66.67
convert_lsc_map_to_linelet_set.m,62.0,30,75.0,30,100.0,75.0
convert_markers.m,80.486,100,78.79,60,100.0,63.64
convert_masks_to_binary.m,84.412,100,88.24,75,100.0,58.82
convert_mat2caffe.m,75.0,30,100.0,45,100.0,100.0
convert_matl.m,85.27,100,83.78,75,100.0,67.57
convert_ma_roots.m,72.8,60,76.0,60,100.0,68.0
CONVERT_meshformat.m,73.368,100,53.06,75,100.0,38.78
convert_N3D_FuMa.m,82.682,100,85.11,90,100.0,38.3
convert_N3D_SN3D.m,69.306,60,65.38,75,100.0,46.15
convert_net_format.m,75.0,60,80.0,75,100.0,60.0
convert_nmea.m,74.818,80,63.19,90,100.0,40.9
convert_obs_CPD_to_table.m,69.0,30,100.0,15,100.0,100.0
convert_output_to_struct.m,88.204,100,83.67,90,100.0,67.35
convert_paro2.m,63.572,60,71.43,15,100.0,71.43
convert_pde_data.m,80.816,100,61.22,100,100.0,42.86
convert_pde_data_3d.m,82.608,100,63.04,100,100.0,50.0
convert_perspective_log.m,77.408,80,77.04,90,100.0,40.0
convert_Poly2Mat.m,69.57,60,85.71,45,100.0,57.14
convert_polynomial_to_quadratic.m,79.236,80,69.58,100,100.0,46.6
convert_polynomial_to_sdpfun.m,77.008,80,70.07,90,100.0,44.97
convert_ppod6.m,66.888,60,83.33,30,100.0,61.11
convert_pts.m,71.77,60,84.62,45,100.0,69.23
convert_qp_to_text.m,60.5,60,75.0,30,100.0,37.5
convert_rect.m,69.284,30,85.71,45,100.0,85.71
convert_roi_to_binary.m,78.0,60,100.0,60,100.0,70.0
convert_scores.m,80.332,60,83.33,75,100.0,83.33
convert_scoring_networks.m,70.78,80,41.9,90,100.0,42.0
convert_sedumi2mosek.m,74.626,80,65.56,90,100.0,37.57
convert_segmentationstyle.m,82.762,100,66.67,90,100.0,57.14
convert_sequences.m,61.0,60,51.72,45,100.0,48.28
convert_shave_image.m,63.112,30,77.78,30,100.0,77.78
convert_sigmonial_to_sdpfun.m,78.698,80,67.95,100,100.0,45.54
convert_sparse.m,54.0,30,75.0,15,100.0,50.0
Convert_State.m,74.11,100,53.33,75,100.0,42.22
convert_tidigits_rec_to_wav.m,78.428,60,85.71,75,100.0,71.43
convert_to_context_stream.m,73.222,60,83.33,45,100.0,77.78
convert_to_cphd.m,82.232,80,72.77,100,100.0,58.39
convert_to_cphd30.m,82.892,80,78.46,100,100.0,56.0
convert_to_dtype.m,81.414,100,73.17,90,100.0,43.9
convert_to_I.m,82.858,100,65.31,100,100.0,48.98
convert_to_lagged_form.m,75.0,30,100.0,45,100.0,100.0
convert_to_nifti.m,71.306,100,65.38,45,100.0,46.15
convert_to_pot.m,87.408,100,81.48,100,100.0,55.56
convert_to_rcnn.m,85.614,100,71.93,100,100.0,56.14
convert_to_table.m,72.818,60,81.82,45,100.0,77.27
convert_to_user_friendly_labels.m,76.63,60,89.47,60,100.0,73.68
convert_unit.m,76.624,100,58.44,100,100.0,24.68
convert_unwarp_resample.m,75.394,80,53.08,100,100.0,43.89
convert_video2d_to_avi.m,73.524,60,76.19,60,100.0,71.43
convert_video3d_to_2d.m,73.23,60,76.92,60,100.0,69.23
convert_video3d_to_avi.m,75.546,60,90.91,45,100.0,81.82
convert_video4d_to_3d.m,65.762,60,66.67,45,100.0,57.14
convert_video4d_to_avi.m,66.334,60,66.67,45,100.0,60.0
convert_video_to_2d.m,71.91,60,81.82,45,100.0,72.73
convert_video_to_3d.m,66.112,30,77.78,45,100.0,77.78
convert_video_to_3dtensor.m,72.0,30,100.0,30,100.0,100.0
convert_video_to_4d.m,68.332,30,83.33,45,100.0,83.33
convert_video_to_image.m,69.0,60,85.0,30,100.0,70.0
CONVERT_voxels_to_stl.m,66.888,80,50.64,75,100.0,28.8
CONVERT_voxels_to_stl_example.m,56.21,60,73.68,0,100.0,47.37
convert_wavelets2list.m,67.098,80,44.26,75,100.0,36.23
convert_Workload_RH.m,78.154,100,71.15,60,100.0,59.62
Convex.m,63.5,30,100.0,0,100.0,87.5
convexFnHand.m,69.224,100,62.92,45,100.0,38.2
convexHull.m,69.0,30,100.0,15,100.0,100.0
convexhullConcave.m,84.274,100,80.39,90,100.0,50.98
convexhullConcave2D.m,72.6,100,86.0,45,100.0,32.0
convexhullConvex.m,84.8,100,82.0,90,100.0,52.0
convexhullConvex2D.m,72.92,100,86.27,45,100.0,33.33
convexhullFromSampled.m,71.364,60,100.0,15,100.0,81.82
convexhullGeneral.m,67.63,60,89.47,15,100.0,73.68
convexhullProps.m,65.828,60,68.97,45,100.0,55.17
convexhull_demo.m,63.714,60,71.43,30,100.0,57.14
convexification.m,77.98,100,68.09,75,100.0,46.81
convexImage.m,54.0,30,62.5,15,100.0,62.5
convexness.m,75.648,60,100.0,30,100.0,88.24
convexnmfrule.m,84.018,100,86.27,75,100.0,58.82
convexnmfruletest.m,72.89,60,77.78,60,100.0,66.67
convexpair2partialcuboidhyp.m,56.448,80,16.73,75,100.0,10.51
convexplpiccis.m,66.928,100,66.07,15,100.0,53.57
ConvexProgram.m,75.246,80,57.26,100,100.0,38.97
convexQuadProg.m,69.226,80,58.13,75,100.0,33.0
convexQuadProgEqConst.m,75.8,60,76.0,75,100.0,68.0
convexQuadProgIntegerNoConst2D.m,66.916,100,52.08,45,100.0,37.5
convexQuadProgSOCP.m,72.81,100,73.02,45,100.0,46.03
convex_interpolation.m,70.0,100,87.5,0,100.0,62.5
convex_mu_nmf.m,76.684,80,61.86,90,100.0,51.56
convex_poly_coeffs.m,82.706,100,67.65,90,100.0,55.88
convFeat_to_poolFeat.m,75.826,80,66.96,75,100.0,57.17
convFeat_to_poolFeat_multi_region.m,79.11,100,61.11,90,100.0,44.44
convFft.m,84.44,80,81.82,100,100.0,60.38
convFilterSD.m,78.546,80,63.16,100,100.0,49.57
convGMatlab.m,76.582,80,59.41,75,100.0,68.5
convGuard.m,71.54,60,53.85,90,100.0,53.85
ConvHDRtoHDR.m,69.572,60,71.43,45,100.0,71.43
ConvHDRtoLDR.m,64.078,60,61.54,45,100.0,53.85
ConvHDRtoStack.m,73.154,100,63.46,60,100.0,42.31
ConvHDRvtoLDRv.m,72.0,100,59.21,60,100.0,40.79
convHull.m,69.0,30,100.0,15,100.0,100.0
convHull3D.m,70.474,60,78.95,45,100.0,68.42
convHull_.m,71.482,60,55.56,90,100.0,51.85
convIpopt.m,76.152,80,58.28,100,100.0,42.48
convkernel.m,78.0,100,60.0,90,100.0,40.0
ConvLDRtoLDR.m,68.144,60,71.43,45,100.0,64.29
ConvLDRvtoLDRi.m,63.0,30,70.0,45,100.0,70.0
convlv.m,79.916,100,68.09,90,100.0,41.49
convMatlab.m,75.498,80,59.8,100,100.0,37.69
convMatrix.m,69.0,60,70.83,60,100.0,54.17
convMax.m,75.428,60,80.95,60,100.0,76.19
ConvMtx2DUnitTest.m,66.924,100,64.62,30,100.0,40.0
ConvMtxUnitTest.m,67.818,100,67.27,30,100.0,41.82
convnet.m,72.55,70,50.75,100,100.0,42.0
convnet_avgpool.m,74.0,60,83.33,60,100.0,66.67
convnet_classify.m,83.552,80,64.76,100,100.0,73.0
convnet_maxpool.m,75.926,60,74.07,90,100.0,55.56
convnFast.m,77.98,80,70.47,100,100.0,39.43
convnfft.m,76.512,80,60.14,100,100.0,42.42
convnfft_install.m,68.334,30,88.89,45,100.0,77.78
convNlopt.m,77.648,80,62.39,90,100.0,55.85
ConvNormalEquations.m,72.0,100,61.82,60,100.0,38.18
ConvNormalEquationsFull.m,58.77,60,61.54,30,100.0,42.31
convn_fft.m,69.0,30,100.0,15,100.0,100.0
convo.m,79.128,100,64.79,90,100.0,40.85
convolution.m,69.0,60,70.0,60,100.0,55.0
convolution1d.m,64.0,30,80.0,30,100.0,80.0
convolutionalDistance.m,77.388,100,65.67,75,100.0,46.27
convolutionalEncoding.m,78.546,60,90.91,60,100.0,81.82
convolutionalProjection.m,78.89,100,66.67,75,100.0,52.78
convolutionalPropagation.m,76.778,80,57.39,100,100.0,46.5
ConvolutionalScenarios.m,57.908,80,34.78,45,100.0,29.76
convolutionalSoftCorrespondence.m,73.964,80,72.77,75,100.0,42.05
convolutionalSoftmap.m,76.736,80,67.74,90,100.0,45.94
ConvolutionDft.m,61.076,60,69.23,30,100.0,46.15
ConvolutionGradientAnalysis.m,64.124,100,53.12,30,100.0,37.5
ConvolutionIntegral_interp.m,75.572,60,71.43,75,100.0,71.43
ConvolutionLeastSquaresGradientAnalysis.m,61.114,100,52.83,15,100.0,37.74
ConvolutionOverlapSave.m,72.662,100,67.61,45,100.0,50.7
convolution_encoder.m,69.0,30,90.0,45,100.0,80.0
convolve.m,75.112,60,77.78,60,100.0,77.78
convolveNN.m,68.2,60,72.0,45,100.0,64.0
convop.m,70.87,60,56.52,90,100.0,47.83
convRateDemo.m,72.0,30,100.0,30,100.0,100.0
convRevSamples.m,74.368,60,78.95,75,100.0,57.89
convSO3.m,72.926,60,66.67,75,100.0,62.96
ConvTranspose.m,81.412,100,67.06,100,100.0,40.0
convTri.m,74.0,60,85.0,45,100.0,80.0
convXYsep.m,71.588,60,82.35,45,100.0,70.59
convXyz2Geod.m,78.27,100,63.51,90,100.0,37.84
convZ.m,67.666,60,71.43,45,100.0,61.9
conv_2d_T_from_phys_to_pix.m,68.0,30,100.0,30,100.0,80.0
conv_3d_T_from_phys_to_pix.m,62.5,30,75.0,45,100.0,62.5
conv_backprop.m,75.0,30,100.0,45,100.0,100.0
conv_diff_2d.m,61.702,100,65.96,0,100.0,42.55
CONV_European_Price.m,79.0,100,62.86,75,100.0,57.14
conv_fft2.m,80.548,100,60.27,100,100.0,42.47
conv_forward.m,75.0,30,100.0,45,100.0,100.0
conv_forward_SR.m,73.556,30,88.89,60,100.0,88.89
conv_layer_1d.m,68.964,80,53.04,75,100.0,36.78
conv_layer_2d.m,69.162,80,51.98,75,100.0,38.83
conv_mem.m,75.0,30,100.0,45,100.0,100.0
Conv_test.m,55.334,60,70.0,0,100.0,46.67
conv_T_from_pix_to_phys.m,72.0,30,100.0,30,100.0,100.0
conwaylaws.m,75.42,60,73.68,75,100.0,68.42
conZonotope.m,53.0,30,60.0,15,100.0,60.0
cooccurToScalarFeatures.m,71.626,80,63.08,75,100.0,40.05
coocurrance_alldir_mod.m,76.936,100,66.13,75,100.0,43.55
cookie_cutter.m,75.666,100,80.95,45,100.0,52.38
cook_abhinav_transfers.m,71.548,80,66.92,60,100.0,50.82
coolCmap.m,71.91,60,81.82,45,100.0,72.73
coolColorMap.m,71.332,30,83.33,60,100.0,83.33
cooldark.m,68.0,30,75.0,60,100.0,75.0
coolhot.m,69.89,60,77.78,45,100.0,66.67
coolhotCmap.m,72.11,60,83.33,45,100.0,72.22
coolhotGrayCmap.m,72.11,60,83.33,45,100.0,72.22
coolMean.m,65.5,60,75.0,30,100.0,62.5
coolwhite.m,72.334,60,75.0,60,100.0,66.67
cool_hotCmap.m,74.848,60,84.62,45,100.0,84.62
cool_skin.m,72.0,100,59.78,60,100.0,40.22
cool_springCmap.m,68.692,60,76.92,45,100.0,61.54
CooperativeOperator.m,85.454,100,81.82,75,100.0,70.45
cooper_yoo.m,67.036,100,65.52,30,100.0,39.66
coor.m,79.364,100,78.18,75,100.0,43.64
coor2D.m,77.292,80,63.43,100,100.0,43.03
CoorAdd.m,74.77,60,84.62,60,100.0,69.23
coord2angles.m,72.52,100,58.44,60,100.0,44.16
coord2ind.m,75.786,100,64.71,75,100.0,39.22
coord2sub.m,75.0,100,64.81,75,100.0,35.19
CoorDiff.m,71.694,60,84.62,60,100.0,53.85
CoordinateConvergence.m,84.444,100,71.6,100,100.0,50.62
CoordinateFrame.m,72.704,80,46.96,100,100.0,36.56
CoordinatePlot.m,74.79,80,58.68,100,100.0,35.27
Coordinates.m,73.062,70,53.07,100,100.0,42.24
coordinates2file.m,71.768,60,76.92,45,100.0,76.92
Coordinatesystem.m,60.284,30,85.71,0,100.0,85.71
coordinateTransformation.m,75.0,100,61.54,75,100.0,38.46
coordinate_constraint.m,71.332,60,93.33,30,100.0,73.33
Coordination_CC.m,59.0,30,100.0,15,100.0,50.0
Coordination_ETC.m,80.0,100,84.38,75,100.0,40.62
coordInsideMask.m,68.368,60,78.95,45,100.0,57.89
coords.m,62.334,30,100.0,15,100.0,66.67
coords2Indices.m,82.096,100,74.19,75,100.0,61.29
coords2Montage.m,83.332,100,72.22,100,100.0,44.44
coords2uv.m,72.0,30,100.0,30,100.0,100.0
coordsXform.m,68.968,100,48.48,60,100.0,36.36
coordsys2label.m,77.0,80,72.0,100,100.0,33.0
CoordSysPointRefFrame.m,73.538,80,55.74,90,100.0,41.95
coords_from_dist_gower.m,67.704,60,59.26,60,100.0,59.26
coordxtr.m,73.09,60,86.36,60,100.0,59.09
coord_to_scoremap.m,72.25,60,81.25,45,100.0,75.0
COPAR.m,79.0,100,77.33,75,100.0,42.67
coParamsDefault.m,60.352,60,58.82,30,100.0,52.94
coParamsEdit.m,79.49,100,71.43,75,100.0,51.02
COPAR_cost.m,74.912,60,91.3,45,100.0,78.26
COPAR_init.m,74.344,60,79.31,60,100.0,72.41
COPAR_pred.m,81.0,100,66.67,90,100.0,48.33
COPAR_top.m,83.874,100,90.62,60,100.0,68.75
COPAR_updateD.m,86.112,100,88.89,75,100.0,66.67
COPAR_updateX.m,84.5,100,87.5,75,100.0,60.0
COPAR_updateX2.m,86.75,100,85.42,90,100.0,58.33
COPAR_updateXc.m,86.75,100,85.0,90,100.0,58.75
COPAR_updateXc2.m,85.436,100,76.09,100,100.0,51.09
COPAR_wrapper.m,85.0,100,90.0,75,100.0,60.0
COPD_final.m,79.714,100,85.71,60,100.0,52.86
COPD_finetune.m,75.206,100,88.89,30,100.0,57.14
CoPeakGen.m,85.416,100,70.83,100,100.0,56.25
CopeakLoss.m,85.556,100,72.22,100,100.0,55.56
copnorm.m,61.0,30,80.0,15,100.0,80.0
coprime_1d.m,91.052,100,84.21,100,100.0,71.05
copterLoadParams.m,80.916,100,58.33,90,100.0,56.25
copter_paint_air.m,74.236,100,94.12,30,100.0,47.06
copter_params_default.m,68.89,100,88.89,0,100.0,55.56
copter_touch_wall.m,69.428,60,85.71,30,100.0,71.43
copter_two_points.m,67.092,60,81.82,30,100.0,63.64
copula.m,64.666,60,75.0,30,100.0,58.33
copy.m,64.092,60,90.91,15,100.0,54.55
copy2figure.m,69.926,60,77.78,60,100.0,51.85
copyalladcp.m,67.58,100,63.16,30,100.0,44.74
copyalladcp_dir.m,67.902,80,53.9,60,100.0,45.61
copyaxes.m,78.472,80,78.57,100,100.0,33.79
copyaxis.m,81.334,100,91.11,60,100.0,55.56
copyaxis_modified.m,77.538,100,78.46,60,100.0,49.23
copyBinFile.m,74.0,60,85.71,60,100.0,64.29
copyCERRfilewithBABSseg.m,69.0,60,72.0,45,100.0,68.0
copyCERRStructure.m,82.098,100,70.97,75,100.0,64.52
CopyCluster.m,62.0,30,80.0,30,100.0,70.0
CopyData2Folders.m,78.416,80,68.13,100,100.0,43.95
copyDependenciesForCERRCompile.m,69.46,100,76.92,15,100.0,55.38
copyExistingDatabase.m,76.818,100,61.36,75,100.0,47.73
copyfields.m,75.478,60,60.87,100,100.0,56.52
copyfig.m,81.286,60,82.14,100,100.0,64.29
copyfile.m,69.454,60,68.18,60,100.0,59.09
copyfileCORA.m,63.668,60,66.67,45,100.0,46.67
copyfiles.m,79.222,100,72.22,60,100.0,63.89
CopyHandles.m,83.334,100,63.89,100,100.0,52.78
copyhmm.m,72.0,30,100.0,30,100.0,100.0
CopyImport.m,77.938,100,55.67,100,100.0,34.02
copyLossConvertToClipboard.m,75.0,30,100.0,45,100.0,100.0
copymatrix.m,71.5,60,75.0,60,100.0,62.5
CopyNetWeightsByLayerIdx.m,66.668,60,66.67,60,100.0,46.67
copyNeuralNetwork.m,70.092,60,72.73,45,100.0,72.73
copyobj.m,78.478,100,63.04,75,100.0,54.35
copyOrbitToClipboardFromStateLog.m,70.23,60,100.0,45,100.0,46.15
copyOrbitToClipboardFromText.m,79.096,100,74.19,60,100.0,61.29
copyOrigPhaseTseries.m,78.0,60,70.0,90,100.0,70.0
copyOrigTseries.m,82.546,100,65.91,90,100.0,56.82
copyOrLinkFilesBasedOnSizeThreshold.m,80.0,60,85.0,75,100.0,80.0
copyright_cfg.m,66.0,30,100.0,0,100.0,100.0
copyScan.m,83.126,100,79.69,75,100.0,60.94
CopySegmentProp.m,71.0,60,88.89,45,100.0,61.11
copysign.m,58.668,30,66.67,30,100.0,66.67
copyStrToScan.m,81.0,100,74.29,75,100.0,55.71
copyStrToScan_meshBased.m,81.596,80,65.85,100,100.0,62.13
copyStrToScan_noMesh.m,82.222,100,62.63,100,100.0,48.48
copyStruct.m,69.284,30,85.71,45,100.0,85.71
copyStructsFromFilesToPlanC.m,85.308,100,73.08,90,100.0,63.46
copyTestLeakToTrain.m,72.158,100,70.18,45,100.0,45.61
copyToComps.m,81.53,100,72.06,90,100.0,45.59
copy_brainvision_files.m,74.61,80,53.97,100,100.0,39.08
copy_cell_objects.m,58.668,30,66.67,30,100.0,66.67
copy_cleaned_images.m,77.0,100,82.22,45,100.0,57.78
copy_ctf_files.m,82.462,100,63.08,100,100.0,49.23
copy_dependencies_to_folder.m,73.686,100,42.11,100,100.0,26.32
copy_element.m,73.0,60,66.67,75,100.0,63.33
copy_everything.m,66.714,60,76.19,45,100.0,52.38
copy_fields.m,73.38,60,58.62,100,100.0,48.28
copy_files.m,78.24,100,60.24,90,100.0,40.96
copy_from_zserver.m,79.65,100,67.44,75,100.0,55.81
copy_model_weights.m,64.332,60,58.33,45,100.0,58.33
copy_network_params.m,76.5,60,87.5,60,100.0,75.0
copy_object.m,69.446,100,41.67,75,100.0,30.56
Copy_of_MGFF_RGB_demo.m,58.0,60,60.0,30,100.0,40.0
Copy_of_MPC_Matrics.m,62.848,100,41.03,45,100.0,28.21
Copy_of_orbiting.m,77.352,80,79.82,60,100.0,66.94
Copy_of_plot_controller.m,68.29,70,39.88,100,100.0,31.57
Copy_of_Prediction.m,66.284,30,85.71,30,100.0,85.71
Copy_of_PR_hku_is.m,66.666,60,73.33,30,100.0,70.0
Copy_of_PR_omron.m,66.666,60,73.33,30,100.0,70.0
Copy_of_PR_thur.m,66.0,60,73.33,30,100.0,66.67
Copy_of_snd_l_constraints.m,72.586,100,55.17,75,100.0,32.76
Copy_of_verify_eevbnn.m,73.056,70,57.96,90,100.0,47.32
Copy_of_virtualTeachPendant_main.m,81.648,60,94.12,60,100.0,94.12
copy_proc_das.m,69.58,60,78.95,30,100.0,78.95
copy_raw_das.m,74.668,60,91.67,30,100.0,91.67
copy_sensors_history.m,69.112,30,77.78,60,100.0,77.78
copy_series.m,77.926,60,66.67,100,100.0,62.96
copy_to_all_Callback.m,78.428,60,80.95,75,100.0,76.19
cop_plot.m,70.324,100,72.97,30,100.0,48.65
cor.m,68.0,60,72.0,60,100.0,48.0
cor2.m,67.81,60,66.67,60,100.0,52.38
cora2spaceex.m,81.528,100,58.82,90,100.0,58.82
coraApp.m,65.51,70,31.15,100,100.0,26.4
CORAcolor.m,86.42,100,82.72,100,100.0,49.38
CORAerror.m,74.546,70,58.73,100,100.0,44.0
CORAGITBRANCH.m,78.918,100,54.05,100,100.0,40.54
CORAlinprog.m,73.7,80,48.28,100,100.0,40.22
Coral_Geometry.m,73.068,80,55.34,60,100.0,70.0
coranaEval.m,71.0,60,93.33,15,100.0,86.67
coranaFeval.m,80.472,60,94.12,60,100.0,88.24
coranaMin.m,62.332,30,83.33,15,100.0,83.33
CORAquadprog.m,79.344,100,57.38,100,100.0,39.34
CORAROOT.m,55.668,30,66.67,15,100.0,66.67
CORAtable.m,77.612,80,58.68,100,100.0,49.38
CORAtableParameters.m,72.644,100,51.61,60,100.0,51.61
CORAtableSingleColumn.m,72.606,100,54.55,60,100.0,48.48
CORAVERSION.m,53.0,30,60.0,15,100.0,60.0
CORAvideo_snippets.m,73.692,80,63.6,75,100.0,49.86
CORAwarning.m,83.118,100,74.03,100,100.0,41.56
CORA_WARNINGS_ENABLED.m,72.8,100,38.67,100,100.0,25.33
CORCO.m,78.188,80,62.91,100,100.0,48.03
cordBoxFlip.m,67.5,30,87.5,45,100.0,75.0
cordBoxNew.m,67.5,30,87.5,45,100.0,75.0
cordierite.m,69.0,30,100.0,15,100.0,100.0
core.m,77.836,80,61.43,100,100.0,47.75
core9config.m,50.624,70,55.69,15,100.0,12.43
core9config_rcc5.m,50.584,70,55.72,15,100.0,12.2
CORE9matrix.m,77.458,100,54.05,90,100.0,43.24
CoreBrowser.m,77.28,70,63.84,100,100.0,52.56
CoreData.m,76.71,80,52.88,100,100.0,50.67
coregister.m,76.546,70,65.11,100,100.0,47.62
CoregisterSurfaces.m,78.062,100,66.33,75,100.0,48.98
coregister_to.m,83.0,100,67.0,100,100.0,48.0
coreg_inv.m,74.778,100,81.11,45,100.0,47.78
coreg_pos.m,70.154,60,73.08,60,100.0,57.69
coreg_qc.m,73.726,100,68.97,60,100.0,39.66
corelucydenoiseNew.m,78.332,100,61.9,75,100.0,54.76
coreMetRxnAnalysis.m,68.164,80,48.57,75,100.0,37.25
corenums.m,80.946,100,72.97,75,100.0,56.76
coreplot.m,69.0,60,65.0,60,100.0,60.0
coreReach.m,53.0,30,60.0,15,100.0,60.0
corespec.m,76.234,80,61.21,100,100.0,39.96
coreStreamObject.m,78.146,70,69.64,100,100.0,51.09
Core_Antenna.m,74.482,70,56.24,100,100.0,46.17
core_MAMR.m,84.478,100,71.64,100,100.0,50.75
core_numbers.m,75.784,100,62.16,60,100.0,56.76
core_numbers_example.m,79.318,100,75.61,60,100.0,60.98
core_periphery_dir.m,85.234,100,78.72,90,100.0,57.45
Core_PP.m,74.342,70,57.11,100,100.0,44.6
Core_Reference_Frame.m,74.262,70,58.68,100,100.0,42.63
core_RMAMR.m,86.196,100,77.46,100,100.0,53.52
Core_SEID.m,73.38,70,56.04,100,100.0,40.86
Core_Sky.m,73.996,70,57.97,100,100.0,42.01
Core_UI.m,70.122,70,43.33,100,100.0,37.28
Core_Utils.m,73.572,70,57.12,100,100.0,40.74
corfreq.m,71.274,60,72.73,60,100.0,63.64
coriolis.m,68.692,60,69.23,45,100.0,69.23
coriolisMatrix.m,71.05,100,58.97,45,100.0,51.28
corn.m,71.0,60,75.0,45,100.0,75.0
corner2image.m,64.556,30,88.89,15,100.0,88.89
corner2rect.m,72.428,60,78.57,45,100.0,78.57
CornerDb.m,83.656,100,70.97,100,100.0,47.31
cornerfinder.m,72.58,80,50.84,100,100.0,32.06
cornerfinder2.m,72.606,80,50.86,100,100.0,32.17
cornerfinder_saddle_point.m,72.838,80,39.52,100,100.0,44.67
cornerplot.m,75.898,80,60.21,100,100.0,39.28
cornerpoints.m,61.668,60,86.67,15,100.0,46.67
corners.m,68.666,30,100.0,30,100.0,83.33
corners2affine.m,72.572,60,76.19,60,100.0,66.67
corner_subpixels_demo_gui.m,84.416,100,70.13,100,100.0,51.95
CORNIA_.m,67.23,60,76.92,30,100.0,69.23
corning_edf_data.m,53.308,70,94.53,0,100.0,2.01
corning_edf_data_new.m,52.332,70,90.0,0,100.0,1.66
cornk.m,67.23,60,76.92,30,100.0,69.23
cornk_kernel.m,64.704,60,66.67,45,100.0,51.85
cornk_kernel_q.m,64.0,30,70.0,60,100.0,60.0
cornk_run.m,72.506,100,59.49,60,100.0,43.04
cornu.m,65.692,60,76.92,30,100.0,61.54
cornu_kernel.m,63.856,60,61.9,45,100.0,52.38
cornu_run.m,73.066,100,60.0,60,100.0,45.33
corn_expert.m,76.6,100,60.0,75,100.0,48.0
corn_kernel.m,54.856,30,57.14,30,100.0,57.14
corn_kernel_q.m,64.0,30,80.0,30,100.0,80.0
corn_run.m,74.8,100,60.0,60,100.0,54.0
corr.m,75.11,60,83.33,60,100.0,72.22
corrclusth.m,81.93,80,75.0,100,100.0,54.65
corrCoeffSpearman.m,71.706,100,64.71,60,100.0,33.82
corrcoef_cell.m,80.372,100,76.27,90,100.0,35.59
corrcubic.m,82.91,60,81.82,100,100.0,72.73
corrdim.m,82.878,100,73.17,90,100.0,51.22
corrDn.m,64.0,60,53.57,60,100.0,46.43
correct.m,83.332,100,62.96,100,100.0,53.7
correctAssocProbApprox.m,63.456,60,63.64,30,100.0,63.64
correctBadNodes.m,64.0,30,87.5,15,100.0,87.5
correctBadNodes2.m,59.0,30,75.0,15,100.0,75.0
CorrectBCTable.m,72.264,60,63.16,75,100.0,63.16
CorrectBCTable_v2.m,66.572,60,78.57,30,100.0,64.29
correctBlockEkf.m,56.0,30,60.0,30,100.0,60.0
correctColors.m,69.786,100,62.75,45,100.0,41.18
correctdpv.m,71.0,60,81.25,45,100.0,68.75
correctEXPConeClosureInitial.m,79.412,60,76.47,90,100.0,70.59
correctfit.m,87.728,100,79.55,100,100.0,59.09
correctHG1700.m,68.0,80,77.17,30,100.0,52.83
correctIncorrect.m,83.486,100,78.79,75,100.0,63.64
correction.m,70.974,100,56.41,60,100.0,38.46
correction_step.m,79.154,100,57.69,90,100.0,48.08
correction_step_bkup.m,76.176,100,61.76,75,100.0,44.12
correction_step_bkup2.m,76.56,100,63.64,75,100.0,44.16
correctKnownLmks.m,75.436,100,51.28,90,100.0,35.9
correctLmk.m,65.0,60,60.0,45,100.0,60.0
correctMetName.m,61.952,60,52.38,45,100.0,52.38
correctMetNameCD.m,66.112,30,77.78,45,100.0,77.78
correctNaNInVelVect.m,70.0,30,87.5,45,100.0,87.5
correctnav_Cen_v000.m,69.334,60,70.0,60,100.0,56.67
correctnav_eframe_v000.m,74.0,60,78.57,60,100.0,71.43
correctnav_localframe_v000.m,68.91,60,90.91,30,100.0,63.64
correctness.m,64.0,60,54.55,60,100.0,45.45
correctNormals.m,55.5,60,50.0,30,100.0,37.5
CorrectorCoefficientsComputer.m,75.536,80,66.44,90,100.0,41.24
CorrectorComputer.m,76.44,80,70.59,90,100.0,41.61
correctPatient24_HN.m,73.5,60,83.33,45,100.0,79.17
correctPatient30_HN.m,74.332,60,83.33,45,100.0,83.33
correctPatient51_HN.m,74.332,60,83.33,45,100.0,83.33
correctPatientNames_HN.m,80.424,100,74.58,75,100.0,52.54
correctRxnNameCD.m,66.112,30,77.78,45,100.0,77.78
correctToClassSpecificBbs.m,82.084,100,66.67,100,100.0,43.75
correct_azimuth.m,56.668,60,66.67,15,100.0,41.67
correct_bbox.m,64.428,60,75.0,30,100.0,57.14
correct_bidirectional_offset.m,81.734,100,74.67,90,100.0,44.0
correct_elevation.m,60.0,60,66.67,15,100.0,58.33
correct_light_blobs_in_microscope_mosaic.m,72.806,100,42.86,90,100.0,31.17
correct_mc.m,79.962,100,64.71,90,100.0,45.1
correct_overlap.m,79.068,100,58.67,90,100.0,46.67
correct_rec_biases.m,69.0,100,85.37,45,100.0,14.63
correct_rv_crescent_tips.m,78.182,100,68.18,75,100.0,47.73
correct_segments.m,73.56,70,56.88,100,100.0,40.92
correct_smooth.m,74.404,80,45.21,100,100.0,46.81
correct_w.m,85.79,100,78.95,100,100.0,50.0
correct_yaw.m,65.274,60,72.73,30,100.0,63.64
correlate.m,82.784,100,65.22,90,100.0,58.7
CorrelateCross.m,78.294,100,55.88,90,100.0,45.59
Correlated.m,77.6,100,78.67,60,100.0,49.33
correlatedGaussianNoise.m,69.606,100,57.58,45,100.0,45.45
Correlated_Normalisation.m,64.528,60,58.82,45,100.0,58.82
correlateFluxWithTaxonAbundance.m,78.326,80,63.2,100,100.0,48.43
correlation.m,73.818,100,72.73,60,100.0,36.36
CorrelationAnalysis.m,82.5,100,77.5,75,100.0,60.0
CorrelationPlot.m,77.14,80,58.27,100,100.0,47.43
correlation_demo_Callback.m,69.0,30,100.0,15,100.0,100.0
correlation_image.m,82.528,100,69.81,90,100.0,52.83
correlation_image_3D.m,78.386,100,72.31,75,100.0,44.62
correlation_image_endoscope.m,84.932,100,75.34,100,100.0,49.32
correlation_image_max.m,77.334,100,51.67,90,100.0,45.0
correlation_pnr_parallel.m,82.058,80,71.29,90,100.0,69.0
correlation_report.m,76.546,100,88.64,60,100.0,34.09
correlation_with_reference.m,75.334,100,71.43,60,100.0,45.24
CorrelativeMatchFun.m,76.176,80,70.0,90,100.0,40.88
correlmx.m,81.0,100,75.0,75,100.0,55.0
correlogram.m,83.448,100,74.71,100,100.0,42.53
correxp.m,77.778,60,77.78,90,100.0,61.11
correxpg.m,79.0,60,80.0,90,100.0,65.0
CorrFilter.m,81.586,100,61.9,100,100.0,46.03
corrFingerGeneration.m,81.032,100,71.43,75,100.0,58.73
corrgauss.m,75.75,60,75.0,75,100.0,68.75
corrgram.m,82.616,80,64.08,100,100.0,69.0
CorridorBasedMinimumSnap.m,73.042,100,67.71,60,100.0,37.5
corrimage.m,76.152,70,62.47,100,100.0,48.29
corrint.m,85.184,80,76.92,100,100.0,69.0
corrlin.m,77.368,60,73.68,90,100.0,63.16
corrmap.m,75.13,70,60.97,100,100.0,44.68
corrmap_createclust.m,65.692,60,69.23,30,100.0,69.23
corrmap_plot_v1.m,69.314,70,41.31,100,100.0,35.26
corrmap_plot_v2.m,70.778,70,41.09,100,100.0,42.8
corrmat.m,74.334,60,86.67,45,100.0,80.0
corrMatrix.m,63.222,60,61.11,45,100.0,50.0
corrMatrix2D.m,70.316,60,68.42,60,100.0,63.16
corrMatrix3D.m,73.934,100,58.06,60,100.0,51.61
corrMatrix4D.m,77.352,100,58.82,75,100.0,52.94
corrphon.m,64.53,60,64.71,45,100.0,52.94
CorrPlot.m,77.788,100,71.05,60,100.0,57.89
CorrPlotWeighted.m,76.248,100,65.62,75,100.0,40.62
corrPoints.m,71.362,80,44.64,100,100.0,32.17
CorrQuality.m,65.444,60,72.22,45,100.0,50.0
corrsparsity.m,79.166,100,70.83,75,100.0,50.0
corrspherical.m,82.0,60,81.82,100,100.0,68.18
corrspline.m,87.318,100,78.05,100,100.0,58.54
corrStaticFC.m,76.3,80,60.0,100,100.0,41.5
CorrTable.m,80.0,100,69.44,75,100.0,55.56
CorrTableUnbalanced.m,78.044,100,65.22,75,100.0,50.0
CorrUnbalanced.m,76.026,100,64.1,75,100.0,41.03
corrw.m,64.75,60,62.5,45,100.0,56.25
CORR_error.m,69.142,30,100.0,30,100.0,85.71
corr_filter.m,84.374,100,81.25,75,100.0,65.62
corr_filter_thresh_Callback.m,69.0,30,100.0,15,100.0,100.0
corr_fun.m,70.714,60,100.0,15,100.0,78.57
corr_ivech.m,69.182,60,72.73,45,100.0,68.18
corr_meas.m,75.384,60,69.23,90,100.0,57.69
corr_vech.m,68.334,30,88.89,45,100.0,77.78
cortex.m,59.0,30,75.0,15,100.0,75.0
cortex_dark.m,59.0,30,75.0,15,100.0,75.0
cortex_light.m,59.0,30,75.0,15,100.0,75.0
cortical_labeling_afd_txt.m,73.424,80,64.56,75,100.0,47.56
cortical_labeling_dir_afd_txt.m,71.866,80,63.51,75,100.0,40.82
cortical_labeling_table.m,70.21,100,65.79,30,100.0,55.26
cortParc_drive.m,69.2,60,84.0,30,100.0,72.0
cortParc_env.m,81.046,80,76.11,90,100.0,59.12
corundum.m,69.0,30,100.0,15,100.0,100.0
cos.m,80.172,80,60.68,100,100.0,60.18
cos4.m,64.0,60,70.0,30,100.0,60.0
cos4correct.m,76.736,100,68.42,60,100.0,55.26
cosamp.m,72.2,60,84.0,45,100.0,72.0
cosamp_cgls.m,69.966,60,79.31,45,100.0,65.52
cosar_valid_data.m,78.53,100,77.55,60,100.0,55.1
cosd.m,54.856,30,57.14,30,100.0,57.14
cosdeg.m,61.0,30,80.0,15,100.0,80.0
cosg.m,64.0,30,80.0,30,100.0,80.0
cosh.m,80.0,60,75.0,90,100.0,75.0
COSHdist.m,59.666,60,58.33,30,100.0,50.0
coshint.m,68.332,30,83.33,45,100.0,83.33
coshminus1.m,55.668,30,66.67,15,100.0,66.67
coshSlope2.m,68.0,60,75.0,30,100.0,75.0
cosine.m,67.314,60,73.68,45,100.0,57.89
cosineRamp.m,59.0,30,75.0,15,100.0,75.0
CosineSim.m,69.456,60,63.64,60,100.0,63.64
cosineSimilarity.m,82.952,100,62.3,100,100.0,52.46
cosineSimilarity_invProbSample.m,80.442,80,70.71,100,100.0,51.5
cosineSimilarity_randSample.m,81.326,80,71.32,100,100.0,55.31
cosine_jamming.m,67.334,60,86.67,30,100.0,60.0
cosint.m,63.428,30,85.71,30,100.0,71.43
cosminus1.m,55.668,30,66.67,15,100.0,66.67
CoSpace.m,75.75,100,62.5,60,100.0,56.25
CoSpace_l1.m,75.872,100,64.52,60,100.0,54.84
CoSpace_single.m,75.75,100,62.5,60,100.0,56.25
cossin2hue.m,71.0,60,75.0,45,100.0,75.0
cosspace.m,74.0,60,85.0,60,100.0,65.0
cost.m,69.728,60,63.64,75,100.0,50.0
Cost2.m,67.952,60,57.14,75,100.0,47.62
cost4Points.m,77.054,100,94.74,30,100.0,60.53
CostComplianceVolume.m,74.334,100,60.0,75,100.0,36.67
costFun.m,64.0,30,80.0,30,100.0,80.0
CostFunc.m,64.092,60,72.73,15,100.0,72.73
costFunction.m,62.904,60,57.14,45,100.0,52.38
CostFunctionFactory.m,80.436,60,82.61,90,100.0,69.57
CostFunctionGWO.m,83.714,100,76.19,90,100.0,52.38
CostFunctionMPSO.m,67.316,60,68.42,45,100.0,63.16
costFunctionReg.m,61.8,60,52.0,45,100.0,52.0
CostFunPreCalib.m,75.488,100,60.98,75,100.0,41.46
costgen.m,64.668,60,66.67,30,100.0,66.67
costgradcompute.m,84.898,100,67.35,100,100.0,57.14
costgradcomputefixedrankembedded.m,67.524,60,76.19,30,100.0,71.43
costgradf.m,72.698,100,72.09,60,100.0,31.4
costgrad_check.m,73.428,60,71.43,75,100.0,60.71
costIoU.m,85.476,100,90.48,75,100.0,61.9
costJacobian.m,73.94,60,82.35,45,100.0,82.35
costlbfixed.m,55.0,60,53.33,15,100.0,46.67
costLBMPC.m,69.218,60,69.57,60,100.0,56.52
costlfixed.m,63.0,100,58.97,15,100.0,41.03
costLMPC.m,69.218,60,69.57,60,100.0,56.52
costm.m,82.0,100,61.67,100,100.0,48.33
costMat.m,70.0,60,70.0,60,100.0,60.0
costNMPC.m,69.386,60,73.08,60,100.0,53.85
CostNN.m,76.914,80,59.71,100,100.0,44.86
costSensitiveloss.m,81.858,100,71.43,75,100.0,62.86
costwbfixed.m,63.0,100,54.55,15,100.0,45.45
costwfixed.m,63.0,100,59.52,15,100.0,40.48
cost_base.m,71.334,60,100.0,30,100.0,66.67
Cost_DataTermAL.m,69.0,30,100.0,15,100.0,100.0
cost_fun.m,75.286,60,92.86,45,100.0,78.57
cost_func.m,74.0,60,87.5,60,100.0,62.5
cost_func2.m,72.286,60,92.86,30,100.0,78.57
cost_function.m,67.092,60,72.73,30,100.0,72.73
cost_function_forward.m,78.606,100,67.21,75,100.0,50.82
cost_lcl_tsvm.m,74.0,60,80.77,60,100.0,69.23
cost_mat.m,73.0,60,93.33,45,100.0,66.67
Cost_QGMRF.m,60.842,100,38.16,45,100.0,21.05
cost_save.m,69.668,100,72.73,15,100.0,60.61
Cost_STCR.m,82.0,100,70.0,90,100.0,50.0
cost_table.m,81.25,100,60.0,100,100.0,46.25
cost_table_utils.m,81.082,80,70.91,100,100.0,54.5
CosyneTalkBirdFigs.m,77.968,80,68.73,90,100.0,51.11
cos_pos.m,75.078,100,66.67,60,100.0,48.72
cot.m,79.524,60,76.19,90,100.0,71.43
cotangent.m,79.778,100,67.78,100,100.0,31.11
coTch.m,74.588,60,76.47,60,100.0,76.47
cotd.m,54.856,30,57.14,30,100.0,57.14
cotDerivVal.m,65.0,60,66.67,45,100.0,53.33
cotes.m,77.614,100,75.44,60,100.0,52.63
cotes_xw.m,81.102,100,77.97,75,100.0,52.54
coth.m,80.966,60,75.86,100,100.0,68.97
cotLaplacian.m,72.83,100,85.37,30,100.0,48.78
cotmatrix.m,88.75,100,81.25,100,100.0,62.5
cotmatrix3.m,72.0,30,100.0,30,100.0,100.0
cotmatrix_embedded.m,67.556,30,100.0,30,100.0,77.78
cotmatrix_intrinsic.m,68.476,60,85.71,30,100.0,66.67
cotWeights.m,64.0,60,95.0,15,100.0,50.0
CouetteBC2D.m,63.454,60,68.18,30,100.0,59.09
CouetteFlow.m,83.0,100,71.67,90,100.0,53.33
CouetteIC2D.m,65.06,60,70.59,30,100.0,64.71
count.m,65.666,30,100.0,15,100.0,83.33
countall3graphlets.m,84.252,100,71.88,90,100.0,59.38
countall4graphlets.m,77.952,80,68.93,90,100.0,50.83
countBetweenRobotLinks.m,68.614,60,65.38,60,100.0,57.69
countC.m,74.0,60,78.57,60,100.0,71.43
countcode.m,81.41,100,66.2,100,100.0,40.85
countconnected3graphlets.m,70.638,60,63.64,75,100.0,54.55
countconnected4graphlets.m,77.6,100,58.0,90,100.0,40.0
countconnected5graphlets.m,71.848,80,55.56,90,100.0,33.68
countCorrespondences.m,62.0,30,75.0,30,100.0,75.0
countcover.m,67.25,60,68.75,45,100.0,62.5
countDirs.m,80.238,100,71.43,75,100.0,54.76
CountEfiles.m,83.91,100,72.73,90,100.0,56.82
countEmpty.m,69.0,60,68.75,60,100.0,56.25
counterExampleNDness.m,68.05,100,64.1,30,100.0,46.15
counterExampleNDness_correct.m,67.818,100,63.64,30,100.0,45.45
countf0.m,61.0,30,70.0,45,100.0,60.0
countFiles.m,76.464,100,58.54,75,100.0,48.78
countFrequency.m,64.156,60,57.89,45,100.0,57.89
counting.m,71.592,100,55.1,60,100.0,42.86
countingCars.m,72.508,100,64.91,45,100.0,52.63
CountingClusterSet.m,70.7,80,40.41,100,100.0,33.09
counting_problem_poisson.m,63.766,60,88.24,0,100.0,70.59
counting_sort.m,61.952,60,61.9,45,100.0,42.86
countJumps.m,72.0,30,100.0,30,100.0,100.0
countLinesOfCode.m,65.25,60,62.5,60,100.0,43.75
countLinesOfCodeDir.m,69.716,60,64.29,60,100.0,64.29
CountMagFiles.m,76.286,60,75.0,75,100.0,71.43
countNumberOfErrors.m,72.0,30,100.0,30,100.0,100.0
CountPfiles.m,74.334,60,76.67,75,100.0,60.0
countpolygons.m,70.154,60,76.92,60,100.0,53.85
countPR.m,72.0,30,100.0,30,100.0,100.0
countProcessedBytes.m,64.948,100,52.63,30,100.0,42.11
CountProcessedFrequencies.m,76.0,60,86.67,60,100.0,73.33
CountRefine.m,76.516,100,64.52,60,100.0,58.06
counts.m,71.778,60,72.22,60,100.0,66.67
countSat.m,73.092,60,72.73,60,100.0,72.73
countsig.m,78.218,100,64.13,90,100.0,36.96
CountSketch.m,71.0,30,90.0,45,100.0,90.0
CountSpikesPerCycle.m,74.692,60,69.23,75,100.0,69.23
countTestCases.m,75.0,30,100.0,45,100.0,100.0
countTestNodes.m,69.0,30,100.0,15,100.0,100.0
countTestOutcomes.m,69.0,30,100.0,15,100.0,100.0
countTransitions.m,67.868,60,52.17,75,100.0,52.17
countTSeries.m,79.308,60,84.62,75,100.0,76.92
countUnique.m,75.582,80,50.91,100,100.0,47.0
CountVisualWordsIndex.m,69.112,30,77.78,60,100.0,77.78
countWords.m,68.0,60,60.0,75,100.0,45.0
count_10_cycles.m,82.776,100,94.44,75,100.0,44.44
count_10_cycles_I.m,69.096,100,62.9,60,100.0,22.58
count_10_cycles_II.m,69.096,100,62.9,60,100.0,22.58
count_10_cycles_III.m,69.096,100,62.9,60,100.0,22.58
count_10_cycles_IV.m,69.096,100,62.9,60,100.0,22.58
count_10_cycles_IX.m,69.418,100,62.9,60,100.0,24.19
count_10_cycles_V.m,69.096,100,62.9,60,100.0,22.58
count_10_cycles_VI.m,69.096,100,62.9,60,100.0,22.58
count_10_cycles_VII.m,69.418,100,62.9,60,100.0,24.19
count_10_cycles_VIII.m,69.418,100,62.9,60,100.0,24.19
count_10_cycles_X.m,69.418,100,62.9,60,100.0,24.19
count_10_cycles_XI.m,69.418,100,62.9,60,100.0,24.19
count_10_cycles_XII.m,69.418,100,62.9,60,100.0,24.19
count_6_cycles.m,72.488,100,68.29,60,100.0,34.15
count_8_cycles.m,80.334,60,88.89,75,100.0,77.78
count_8_cycles_I.m,75.0,100,60.0,90,100.0,25.0
count_8_cycles_II.m,75.334,100,60.0,90,100.0,26.67
count_8_cycles_III.m,75.0,100,60.0,90,100.0,25.0
count_calls.m,66.334,60,75.0,30,100.0,66.67
count_correct_person.m,76.244,100,69.7,60,100.0,51.52
count_discarded_data.m,82.568,100,78.38,75,100.0,59.46
count_lines.m,54.856,30,57.14,30,100.0,57.14
count_mfiles.m,69.0,30,100.0,15,100.0,100.0
count_network_parameters.m,62.82,60,54.55,45,100.0,54.55
count_objects.m,79.442,100,76.74,60,100.0,60.47
count_occurrence.m,71.768,60,76.92,45,100.0,76.92
count_squares.m,72.57,100,69.64,45,100.0,48.21
count_squares_distorted.m,68.908,100,65.45,30,100.0,49.09
count_squares_fisheye_distorted.m,68.594,100,66.67,30,100.0,46.3
count_unique.m,76.8,100,50.0,100,100.0,34.0
coupled11AnalysisGUI.m,74.598,70,57.14,100,100.0,45.85
coupled11GUI.m,77.53,70,73.28,100,100.0,44.37
coupled11LearnAnalysisGUI.m,73.606,70,56.43,100,100.0,41.6
coupled11LearnGUI.m,76.642,70,73.58,100,100.0,39.63
CoupledEls.m,67.0,30,80.0,45,100.0,80.0
coupledkmAnalysisGUI.m,74.538,70,58.78,100,100.0,43.91
coupledkmGUI.m,78.29,70,73.51,100,100.0,47.94
coupledVanDerPol1.m,63.456,60,72.73,30,100.0,54.55
coupledVanDerPol2.m,63.456,60,72.73,30,100.0,54.55
coupledVanDerPol_ARCH23.m,58.638,60,63.64,15,100.0,54.55
coupled_domains.m,71.772,100,87.72,15,100.0,56.14
coupleRxnList2Rxn.m,73.616,100,73.08,45,100.0,50.0
couplingcoeff.m,80.806,100,67.74,75,100.0,61.29
couplingtable.m,85.098,100,68.63,100,100.0,56.86
Couplingtotal.m,74.778,70,63.81,100,100.0,40.08
couprelease.m,79.04,80,66.23,100,100.0,48.97
coupreleasecontour.m,84.918,100,78.69,100,100.0,45.9
CourseraClient.m,74.808,70,59.42,100,100.0,44.62
course_roll.m,77.834,60,79.17,75,100.0,75.0
cov.m,77.616,80,61.26,100,100.0,46.82
cov1para.m,53.666,60,53.33,15,100.0,40.0
cov2cor.m,56.0,30,60.0,30,100.0,60.0
cov2corr.m,69.0,30,100.0,15,100.0,100.0
cov2csdat.m,79.168,80,64.53,100,100.0,51.31
cov2elli.m,68.482,60,59.26,75,100.0,48.15
cov2ellipse.m,70.666,60,72.22,60,100.0,61.11
cov2RTKlib.m,79.294,60,100.0,60,100.0,76.47
cov2sdat.m,77.836,80,62.07,100,100.0,47.11
cov2spec.m,78.614,100,63.27,90,100.0,39.8
cov3elli.m,68.348,60,69.57,60,100.0,52.17
covADD.m,81.64,100,75.41,100,100.0,32.79
covar.m,76.308,60,84.62,60,100.0,76.92
COVAREP_feature_extraction.m,82.732,80,76.55,100,100.0,57.11
COVAREP_feature_formant_extraction.m,80.378,100,54.72,100,100.0,47.17
COVAREP_feature_formant_extraction_perfile.m,80.28,80,75.68,100,100.0,45.72
COVAREP_formant_extraction.m,80.0,100,55.56,100,100.0,44.44
covarf.m,55.668,30,66.67,15,100.0,66.67
Covariance.m,77.678,100,86.79,45,100.0,56.6
CovarianceDescriptor.m,64.078,60,61.54,45,100.0,53.85
covarianceIntersect.m,74.314,80,55.32,100,100.0,36.25
covarianceIntersectSCI.m,74.756,100,58.54,75,100.0,40.24
covariances.m,80.0,100,57.89,100,100.0,42.11
covariances_p300.m,78.42,60,73.68,90,100.0,68.42
covariance_scatter_matrix.m,83.81,100,76.19,100,100.0,42.86
covarTest.m,68.494,80,70.64,45,100.0,46.83
covary.m,75.0,30,100.0,45,100.0,100.0
covboot.m,84.166,100,68.75,100,100.0,52.08
covc.m,72.0,60,80.0,60,100.0,60.0
covcma.m,69.0,60,66.67,60,100.0,58.33
covcond.m,63.716,60,64.29,30,100.0,64.29
covConst.m,67.704,60,70.37,60,100.0,48.15
covCos.m,84.47,100,76.47,90,100.0,55.88
covdata.m,81.666,100,68.75,100,100.0,39.58
covdet.m,72.0,30,100.0,30,100.0,100.0
covDiscrete.m,80.354,100,70.59,90,100.0,41.18
covDiv.m,79.714,100,62.86,90,100.0,45.71
covEllipsoid.m,82.5,100,63.89,100,100.0,48.61
cover.m,57.0,30,100.0,15,100.0,40.0
cover2d.m,72.488,100,68.29,60,100.0,34.15
Coverage.m,74.076,70,52.81,100,100.0,47.57
coverDC_SamplingMask.m,63.858,60,66.67,45,100.0,47.62
cover_art.m,70.728,100,69.09,30,100.0,54.55
cover_sets.m,78.072,80,66.14,100,100.0,44.22
covEye.m,67.81,60,76.19,60,100.0,42.86
covFITC.m,73.666,100,61.11,60,100.0,47.22
covGaborard.m,80.816,100,67.35,100,100.0,36.73
covGaboriso.m,81.43,100,69.05,100,100.0,38.1
covGrid.m,80.544,80,72.13,100,100.0,50.59
covinterp.m,81.128,100,64.79,100,100.0,40.85
covjack.m,68.546,60,63.64,60,100.0,59.09
covLIN.m,68.0,60,75.0,60,100.0,45.0
covLINard.m,73.082,100,67.57,60,100.0,37.84
covLINiso.m,73.668,100,66.67,60,100.0,41.67
covLINone.m,66.858,60,71.43,60,100.0,42.86
covm.m,74.68,80,53.4,75,100.0,65.0
covMask.m,77.534,100,62.79,90,100.0,34.88
CovMat.m,75.668,60,86.67,45,100.0,86.67
covMat2CorrMat.m,67.0,30,87.5,30,100.0,87.5
covmatadapt.m,83.97,100,74.63,90,100.0,55.22
covMaternard.m,84.4,100,72.0,100,100.0,50.0
covMaternard_fast.m,82.536,100,66.2,100,100.0,46.48
covMaterniso.m,85.128,100,74.36,100,100.0,51.28
covMatEstShrinkage.m,77.668,100,66.67,75,100.0,46.67
covmatrix.m,79.714,60,92.86,60,100.0,85.71
covNNard.m,81.128,100,64.79,100,100.0,40.85
covNNone.m,78.912,100,73.91,75,100.0,45.65
covNoise.m,66.0,60,73.33,60,100.0,36.67
covnw.m,78.334,100,66.67,75,100.0,50.0
covParaPlot.m,71.476,70,62.2,90,100.0,35.18
covPERard.m,80.388,100,71.64,90,100.0,40.3
covPeriodic.m,83.946,100,78.38,90,100.0,51.35
covPeriodicNoDC.m,80.022,100,71.91,90,100.0,38.2
covPERiso.m,80.962,100,72.22,90,100.0,42.59
covplot.m,74.09,80,54.77,100,100.0,35.68
covPoly.m,81.75,100,75.0,90,100.0,43.75
covPPard.m,85.0,100,75.0,100,100.0,50.0
covPPERard.m,80.168,100,72.29,90,100.0,38.55
covPPERard_fast.m,76.04,80,55.56,100,100.0,44.64
covPPiso.m,86.8,100,78.0,100,100.0,56.0
covPref.m,79.63,60,89.47,75,100.0,73.68
covProd.m,82.0,100,72.5,100,100.0,37.5
covRQard.m,82.546,100,72.73,90,100.0,50.0
covRQard_fast.m,83.384,100,66.15,100,100.0,50.77
covRQiso.m,82.57,100,77.14,90,100.0,45.71
covScale.m,76.8,100,76.0,60,100.0,48.0
covSEard.m,79.538,100,69.23,90,100.0,38.46
covSEard_fast.m,80.364,100,63.64,100,100.0,38.18
covSEfact.m,80.832,100,77.08,75,100.0,52.08
covSEiso.m,81.87,100,74.19,90,100.0,45.16
covSEisoU.m,70.572,60,71.43,75,100.0,46.43
covSEvlen.m,85.284,100,77.36,100,100.0,49.06
covSM.m,83.266,100,77.55,100,100.0,38.78
covSum.m,82.856,100,77.14,100,100.0,37.14
covvar.m,75.186,80,56.43,100,100.0,39.5
covW.m,66.0,30,90.0,30,100.0,80.0
covx.m,72.668,60,91.67,45,100.0,66.67
cov_cell.m,70.364,60,72.73,60,100.0,59.09
cov_deriv.m,69.0,30,100.0,15,100.0,100.0
cov_deriv2.m,70.74,100,71.74,45,100.0,36.96
cov_deriv_sq_dist.m,80.966,60,86.21,100,100.0,58.62
cov_endo_priors.m,74.0,100,45.0,90,100.0,35.0
cow.m,59.0,30,80.0,15,100.0,70.0
cow.sphparam.m,55.624,70,100.0,0,100.0,8.12
coxFn.m,78.158,100,65.79,75,100.0,50.0
coxnet.m,76.11,100,70.83,75,100.0,34.72
CO_NonlinearAutocorr.m,76.616,60,61.54,100,100.0,61.54
CO_PartialAutoCorr.m,69.286,60,50.0,90,100.0,46.43
co_ppg_peak_detector.m,78.286,100,78.57,60,100.0,52.86
co_reggui.m,78.144,80,64.39,100,100.0,46.33
CO_RM_AMInformation.m,75.884,60,64.71,90,100.0,64.71
CO_StickAngles.m,77.688,80,68.52,100,100.0,39.92
CO_tc3.m,79.936,100,61.29,90,100.0,48.39
CO_TranslateShape.m,81.976,100,69.14,100,100.0,40.74
CO_trev.m,72.0,60,60.0,90,100.0,50.0
CO_TSTL_amutual.m,82.784,100,65.82,100,100.0,48.1
Cp.m,54.0,30,62.5,15,100.0,62.5
cp2s2f.m,64.29,100,67.74,15,100.0,38.71
cp2s3f.m,75.636,100,66.67,75,100.0,36.51
cp4s4f.m,82.962,100,76.54,100,100.0,38.27
cpan.m,68.614,60,65.38,60,100.0,57.69
cpause.m,67.5,30,87.5,45,100.0,75.0
cpca.m,82.248,100,70.79,100,100.0,40.45
cpcr.m,85.0,100,79.17,100,100.0,45.83
cpd.m,73.33,70,54.92,100,100.0,41.73
cpd3_sd.m,81.636,100,75.0,90,100.0,43.18
cpd3_sgsd.m,84.676,80,72.38,100,100.0,71.0
cpdag_to_dag.m,83.128,100,66.67,90,100.0,58.97
cpdag_to_dag2.m,75.0,100,60.47,75,100.0,39.53
cpdClamp.m,69.858,60,66.67,75,100.0,47.62
cpderr.m,78.19,100,76.19,60,100.0,54.76
CPDFromFactor.m,73.878,100,68.29,45,100.0,56.1
cpdgen.m,59.0,30,75.0,15,100.0,75.0
cpdres.m,79.5,60,75.0,100,100.0,62.5
cpds2Factors.m,72.77,60,61.54,100,100.0,42.31
CPDUnif.m,75.39,100,50.72,90,100.0,36.23
cpd_aels.m,84.512,100,72.09,90,100.0,60.47
cpd_als.m,79.994,80,67.41,100,100.0,52.56
cpd_els.m,74.674,80,57.59,90,100.0,45.78
cpd_eps.m,80.75,80,68.89,100,100.0,54.86
cpd_lsb.m,74.5,60,68.75,75,100.0,68.75
cpd_minf.m,83.542,100,68.75,100,100.0,48.96
cpd_nls.m,75.918,80,60.69,100,100.0,38.9
cpd_rnd.m,85.18,100,79.49,90,100.0,56.41
CPD_to_CPT.m,69.0,30,100.0,15,100.0,100.0
CPD_to_dpots.m,75.0,30,100.0,45,100.0,100.0
CPD_to_lambda_msg.m,79.5,60,93.75,75,100.0,68.75
CPD_to_linear_gaussian.m,76.942,60,88.24,60,100.0,76.47
CPD_to_pi.m,79.0,30,100.0,75,100.0,90.0
CPD_to_pot.m,79.0,60,100.0,60,100.0,75.0
CPD_to_scgpot.m,80.694,100,80.43,60,100.0,63.04
CPD_to_upot.m,69.0,30,100.0,15,100.0,100.0
CPF.m,84.442,100,81.36,90,100.0,50.85
cpf_corrector.m,75.648,80,59.83,90,100.0,48.41
cpf_current_mpc.m,63.572,60,78.57,15,100.0,64.29
cpf_default_callback.m,81.58,80,73.79,100,100.0,54.11
cpf_detect_events.m,77.684,80,63.06,90,100.0,55.36
cpf_flim_event.m,62.06,60,70.59,15,100.0,64.71
cpf_flim_event_cb.m,79.482,100,67.24,75,100.0,55.17
cpf_nose_event.m,59.0,30,75.0,15,100.0,75.0
cpf_nose_event_cb.m,73.208,60,65.52,75,100.0,65.52
cpf_p.m,79.6,60,76.0,90,100.0,72.0
cpf_plim_event.m,63.572,60,76.19,15,100.0,66.67
cpf_plim_event_cb.m,80.168,100,75.28,75,100.0,50.56
cpf_predictor.m,63.572,60,78.57,15,100.0,64.29
cpf_p_jac.m,80.714,60,85.71,90,100.0,67.86
cpf_qlim_event.m,63.0,60,76.67,15,100.0,63.33
cpf_qlim_event_cb.m,78.092,100,70.1,75,100.0,45.36
cpf_register_callback.m,82.88,100,75.76,75,100.0,63.64
cpf_register_event.m,74.2,60,76.0,75,100.0,60.0
cpf_tangent.m,70.222,100,75.0,15,100.0,61.11
cpf_target_lam_event.m,75.666,60,83.33,60,100.0,75.0
cpf_target_lam_event_cb.m,83.286,100,65.75,100,100.0,50.68
cpf_vlim_event.m,60.334,60,66.67,15,100.0,60.0
cpf_vlim_event_cb.m,76.0,100,58.33,75,100.0,46.67
CPH.m,79.858,80,74.62,100,100.0,44.67
CPHD_cardinality_pred.m,68.2,60,72.0,45,100.0,64.0
cphd_update_meta.m,73.956,60,73.91,75,100.0,60.87
CPH_compress.m,62.444,60,61.11,30,100.0,61.11
CPH_learn.m,62.6,60,60.0,45,100.0,48.0
Cplex.m,74.38,100,60.82,75,100.0,36.08
cplex2yalmip.m,83.768,100,75.36,100,100.0,43.48
cplexbilp.m,69.0,30,100.0,15,100.0,100.0
cplexlp.m,69.0,30,100.0,15,100.0,100.0
cplexlsqbilp.m,69.0,30,100.0,15,100.0,100.0
cplexlsqlin.m,69.0,30,100.0,15,100.0,100.0
cplexlsqmilp.m,69.0,30,100.0,15,100.0,100.0
cplexlsqmiqcp.m,69.0,30,100.0,15,100.0,100.0
cplexlsqnonneglin.m,69.0,30,100.0,15,100.0,100.0
cplexlsqnonnegmilp.m,69.0,30,100.0,15,100.0,100.0
cplexlsqnonnegmiqcp.m,69.0,30,100.0,15,100.0,100.0
cplexlsqnonnegqcp.m,69.0,30,100.0,15,100.0,100.0
cplexlsqqcp.m,69.0,30,100.0,15,100.0,100.0
cplexmilp.m,69.0,30,100.0,15,100.0,100.0
cplexmiqcp.m,69.0,30,100.0,15,100.0,100.0
cplexmiqp.m,69.0,30,100.0,15,100.0,100.0
cplexoptimget.m,69.0,30,100.0,15,100.0,100.0
cplexoptimset.m,69.0,30,100.0,15,100.0,100.0
CPLEXParamSet.m,76.41,100,51.28,100,100.0,30.77
cplexqcp.m,69.0,30,100.0,15,100.0,100.0
cplexqp.m,69.0,30,100.0,15,100.0,100.0
cplexStatus.m,81.416,80,82.58,100,100.0,44.5
cplex_fault_finding.m,65.556,100,72.22,0,100.0,55.56
cplex_options.m,82.21,100,68.42,90,100.0,52.63
cplot.m,82.188,100,73.44,100,100.0,37.5
cplotg.m,76.79,100,50.62,100,100.0,33.33
cpltaxes.m,68.286,60,75.0,60,100.0,46.43
cplus.m,71.138,60,75.86,75,100.0,44.83
cplxdual2D.m,62.906,60,66.67,45,100.0,42.86
cplxdual2D_plots.m,62.344,60,100.0,0,100.0,51.72
cplxdual3D.m,62.6,60,68.0,45,100.0,40.0
cplxdual3D_plots.m,59.744,100,53.49,15,100.0,30.23
cpMatrixVec.m,72.0,30,100.0,30,100.0,100.0
cpml.m,77.07,100,65.12,90,100.0,30.23
CpOfdmModulator.m,81.906,100,67.86,100,100.0,41.67
CPOSeismicProperties.m,60.98,100,58.59,15,100.0,31.31
cpot.m,74.77,60,92.31,60,100.0,61.54
cpot_to_mpot.m,73.0,60,75.0,60,100.0,70.0
cpower.m,83.478,100,72.46,100,100.0,44.93
cpp.m,82.168,100,68.67,100,100.0,42.17
cprint.m,70.23,60,76.92,45,100.0,69.23
cprintd.m,67.154,60,76.92,45,100.0,53.85
cprintdn.m,65.614,60,76.92,45,100.0,46.15
cprintfn.m,65.614,60,76.92,45,100.0,46.15
cprints.m,65.0,60,73.33,45,100.0,46.67
cprintsn.m,65.0,60,73.33,45,100.0,46.67
cprod.m,69.666,60,73.33,75,100.0,40.0
cprproject_read.m,79.742,100,77.42,60,100.0,61.29
CPR_Imaging_Demo.m,77.064,100,85.11,30,100.0,70.21
cpr_opll_2pols.m,80.672,100,76.12,75,100.0,52.24
CPSMOEA.m,75.572,60,71.43,75,100.0,71.43
CPSOGSA.m,68.172,80,54.07,75,100.0,31.79
CPSO_func.m,73.132,80,73.81,60,100.0,51.85
CPT.m,69.0,30,100.0,15,100.0,100.0
cpt2Factor.m,65.332,30,83.33,30,100.0,83.33
cptcmap.m,75.362,70,59.63,100,100.0,47.18
CPT_from_bnet.m,76.0,30,100.0,60,100.0,90.0
cpu.m,81.772,100,67.09,100,100.0,41.77
CpuGroup.m,76.0,60,80.0,60,100.0,80.0
cpuinfo.m,79.454,80,70.24,100,100.0,47.03
cpuMPmuFEAT.m,76.384,100,73.97,60,100.0,47.95
cpuusage_paralelchange.m,80.846,100,82.69,60,100.0,61.54
cpuusage_tasknumchange.m,81.132,100,86.96,60,100.0,58.7
cpuusage_userincrease.m,78.364,100,77.27,60,100.0,54.55
cpu_cores.m,65.334,30,100.0,30,100.0,66.67
CpxInfo.m,77.5,100,66.07,75,100.0,46.43
cpy_admd.m,77.834,60,87.5,75,100.0,66.67
cpy_amwlcmfunc.m,85.968,100,87.1,75,100.0,67.74
cpy_final_AAGD.m,66.0,30,100.0,0,100.0,100.0
cpy_lr.m,84.5,100,87.5,75,100.0,60.0
cpy_maxmed.m,66.666,60,100.0,0,100.0,73.33
cpy_mgdwe.m,77.0,60,87.5,75,100.0,62.5
cpy_mpcm.m,78.036,60,89.66,75,100.0,65.52
cpy_RLCM.m,76.5,60,93.75,60,100.0,68.75
cp_affine_v000.m,61.0,30,90.0,15,100.0,70.0
cp_allan_var_v000.m,83.532,100,74.47,90,100.0,53.19
cp_apr.m,70.614,70,40.15,100,100.0,42.92
cp_atan.m,83.364,60,90.91,75,100.0,90.91
cp_descriptor.m,86.262,100,85.86,100,100.0,45.45
cp_findFulseIndex.m,72.284,30,85.71,60,100.0,85.71
cp_getAffine.m,80.75,60,87.5,75,100.0,81.25
cp_grayFusion.m,69.142,30,100.0,30,100.0,85.71
cp_graymosaic.m,85.0,100,84.38,75,100.0,65.62
CP_l1pwc_sweep_lambda.m,77.79,100,67.44,75,100.0,46.51
cp_Main.m,83.8,100,98.0,45,100.0,76.0
cp_match.m,77.544,100,67.27,75,100.0,45.45
cp_mismatchRemoval.m,81.572,100,80.0,75,100.0,52.86
CP_ML_StepDetect.m,80.844,100,62.11,100,100.0,42.11
cp_M_v000.m,73.956,60,78.26,75,100.0,56.52
cp_nmu.m,76.73,80,56.41,90,100.0,57.24
cp_opt.m,82.9,100,66.67,100,100.0,47.83
cp_readImage.m,79.782,100,63.04,100,100.0,35.87
cp_redsys_v000.m,76.38,60,100.0,60,100.0,61.9
cp_registration.m,78.766,80,81.33,75,100.0,57.5
cp_rgbCheckerBoard.m,74.0,60,86.36,60,100.0,63.64
cp_rgbmosaic.m,65.334,30,100.0,30,100.0,66.67
cp_sensorio_v000.m,81.856,100,77.14,75,100.0,57.14
cp_showMatch.m,82.666,60,90.0,90,100.0,73.33
cp_signal_gen.m,79.788,100,61.05,100,100.0,37.89
cp_SSgain_v000.m,80.232,80,73.23,100,100.0,47.93
cp_subpixelFine.m,70.168,60,79.17,45,100.0,66.67
cp_Tparam_v000.m,69.0,30,100.0,15,100.0,100.0
cp_T_v000.m,76.522,60,85.71,75,100.0,61.9
CP_wavelet_varchg.m,78.15,100,55.56,100,100.0,35.19
cp_wn_pow_v000.m,71.588,60,82.35,45,100.0,70.59
cqcc.m,86.442,100,77.97,100,100.0,54.24
cqcc_extraction.m,73.798,80,50.57,100,100.0,38.42
cqiSelect.m,75.858,70,60.77,100,100.0,48.52
cqt.m,75.644,80,59.77,100,100.0,38.45
cqtCell2Sparse.m,72.0,60,85.0,45,100.0,70.0
cqtFillSparse.m,74.334,60,88.89,45,100.0,77.78
cqtfilters.m,76.834,80,66.49,100,100.0,37.68
cqtSparse2Cell.m,71.0,60,86.36,45,100.0,63.64
CR3BPOrbitStateModel.m,76.564,80,59.82,90,100.0,53.0
CR3BPOrbitVariable.m,71.228,80,54.07,90,100.0,32.07
crab.m,68.238,100,71.43,15,100.0,54.76
crack.m,85.638,100,88.64,60,100.0,79.55
crackdata.m,59.0,60,60.0,30,100.0,45.0
crackFVM.m,87.818,100,85.45,90,100.0,63.64
crackFVMP2.m,85.462,100,83.58,90,100.0,53.73
crackPattern.m,77.81,80,44.55,100,100.0,64.5
crackPattern2.m,79.706,100,57.35,100,100.0,41.18
crack_performance.m,86.176,100,77.94,100,100.0,52.94
crack_withcoarsen.m,81.77,100,80.0,75,100.0,53.85
Cramer.m,76.5,60,81.25,60,100.0,81.25
crameri.m,78.57,100,57.14,100,100.0,35.71
crameri_documentation.m,58.748,100,53.12,0,100.0,40.62
crand.m,69.0,30,100.0,15,100.0,100.0
CRandomWalk.m,77.926,100,68.29,75,100.0,46.34
Crane_fixedparam.m,68.394,100,59.6,45,100.0,37.37
Crane_varyparam.m,72.334,100,73.96,45,100.0,42.71
CrankNicolsonFD_BlackScholes_func.m,82.028,100,75.68,75,100.0,59.46
Crank_Nicolson.m,74.0,100,70.0,45,100.0,55.0
crashCheck.m,72.416,100,56.25,60,100.0,45.83
crazyflie.m,70.524,60,80.95,45,100.0,66.67
CRA_enterFunc.m,72.966,60,79.31,60,100.0,65.52
CRA_loadData.m,71.59,60,88.24,45,100.0,64.71
CRA_test.m,66.714,60,75.0,45,100.0,53.57
CRA_test_LR.m,76.256,100,72.34,60,100.0,48.94
CRA_Train.m,74.666,60,100.0,30,100.0,83.33
crbf_gen.m,78.946,100,55.26,100,100.0,39.47
crbf_plot_grid.m,62.706,60,64.71,30,100.0,58.82
crbf_warp_pts.m,69.0,30,100.0,15,100.0,100.0
crbm.m,75.802,70,65.72,100,100.0,43.29
crb_general_det_1d.m,77.848,60,84.62,60,100.0,84.62
crb_general_sto_1d.m,77.75,60,87.5,60,100.0,81.25
crb_uc_sto_1d.m,84.942,100,94.12,60,100.0,70.59
crb_uc_sto_pos_err.m,81.182,100,81.82,75,100.0,49.09
crc16.m,77.588,60,76.47,75,100.0,76.47
Crc24Coder.m,84.374,100,68.75,100,100.0,53.12
crc24q.m,76.706,100,70.59,60,100.0,52.94
crc32.m,72.384,60,65.38,75,100.0,61.54
crcDecode.m,66.456,60,72.73,45,100.0,54.55
CRC_check.m,63.89,30,77.78,45,100.0,66.67
CRC_encoding.m,64.0,30,80.0,30,100.0,80.0
CRC_features_calculation.m,78.386,80,75.31,90,100.0,46.62
crc_generator_matrix.m,73.0,60,80.0,60,100.0,65.0
creaky_voice_do_detection.m,73.572,100,68.57,45,100.0,54.29
creal.m,77.0,60,78.57,75,100.0,71.43
creatDataset_BIWI.m,67.414,80,55.14,60,100.0,41.93
create.m,77.58,100,61.29,75,100.0,51.61
Create1DDistribution.m,65.762,60,66.67,45,100.0,57.14
create2dbf.m,63.858,60,71.43,45,100.0,42.86
create3DgaussianEllipsoid.m,65.0,60,75.0,30,100.0,60.0
create3DModels.m,67.08,100,62.16,30,100.0,43.24
CreateAffinePanel.m,60.946,100,52.75,30,100.0,21.98
createAgreementContour.m,81.0,60,100.0,45,100.0,100.0
createAnimation.m,76.566,80,67.1,90,100.0,45.73
createAnnotations.m,72.452,100,70.97,30,100.0,61.29
createAtlas.m,83.298,100,70.1,100,100.0,46.39
CreateBadge.m,69.696,60,82.61,45,100.0,60.87
createBasePanel.m,66.302,80,56.62,45,100.0,49.89
CreateBasicOperator.m,71.5,100,45.0,75,100.0,37.5
createBasisTransform.m,82.0,100,77.14,90,100.0,42.86
createBasisTransform3d.m,76.034,100,74.14,75,100.0,31.03
createBatchMWBM.m,76.918,80,55.9,100,100.0,48.69
createBC.m,72.926,60,70.37,75,100.0,59.26
createBC1D.m,62.368,60,78.95,15,100.0,57.89
createBC2D.m,59.0,60,76.67,15,100.0,43.33
createBC3D.m,65.778,100,80.56,15,100.0,33.33
createBClist.m,69.182,60,72.73,45,100.0,68.18
createBIDS_blood_auto_tsv_and_json_short.m,76.408,100,75.93,45,100.0,61.11
createBIDS_blood_manual_tsv_and_json_full.m,79.75,100,80.0,75,100.0,43.75
createBIDS_blood_manual_tsv_and_json_short.m,76.408,100,77.78,45,100.0,59.26
createBIDS_bold_json_full.m,72.2,100,79.0,45,100.0,37.0
createBIDS_bold_json_short.m,75.122,100,75.51,45,100.0,55.1
createBIDS_channels_tsv.m,75.124,100,64.06,60,100.0,51.56
createBIDS_coordsystem_json.m,76.272,100,75.0,45,100.0,61.36
createBIDS_dataset_description_json.m,69.424,100,59.57,45,100.0,42.55
createBIDS_data_WriteBrainVisionWithFieldtrip.m,68.5,100,64.58,30,100.0,47.92
createBIDS_electrodes_tsv.m,75.122,100,75.51,45,100.0,55.1
createBIDS_events_tsv_json_full.m,73.444,100,72.22,45,100.0,50.0
createBIDS_fmap_json.m,57.894,80,34.55,45,100.0,29.92
createBIDS_ieeg_json.m,72.72,100,79.07,45,100.0,39.53
createBIDS_meg_json_full.m,73.544,100,82.95,45,100.0,39.77
createBIDS_meg_json_short.m,75.924,100,78.85,45,100.0,55.77
createBIDS_micr_json_full.m,74.416,100,77.08,45,100.0,50.0
createBIDS_micr_json_short.m,77.57,100,82.28,60,100.0,45.57
createBIDS_participants_tsv.m,75.668,100,75.93,45,100.0,57.41
createBIDS_pet_json_full.m,74.656,100,90.91,45,100.0,37.37
createBIDS_pet_json_short.m,75.666,100,85.71,45,100.0,47.62
createBIDS_samples_tsv.m,77.0,100,67.5,60,100.0,57.5
createBIDS_T1w_json_full.m,72.596,100,77.53,45,100.0,40.45
createBIDS_T1w_json_full_schma_based.m,68.334,100,55.0,45,100.0,41.67
createBIDS_T1w_json_short.m,72.53,100,68.63,45,100.0,49.02
createBilevelMILPproblem.m,77.272,80,75.29,90,100.0,41.07
createBlobROI.m,72.0,30,100.0,30,100.0,100.0
CreateBlurAndDecimationOperator.m,76.074,100,72.22,60,100.0,48.15
createBreachSystem.m,65.5,60,68.75,30,100.0,68.75
CreateBSplineMethodPanel.m,63.91,100,58.21,30,100.0,31.34
createBusObjMFile.m,75.334,60,79.17,75,100.0,62.5
createCamProjectionMatrices.m,60.0,30,70.0,30,100.0,70.0
createCellMasks.m,84.488,100,75.68,90,100.0,56.76
createCellVariable.m,79.0,60,80.0,75,100.0,80.0
createCellVector.m,78.126,100,71.88,75,100.0,43.75
CreateCenteredMattesPanel.m,56.824,80,50.29,30,100.0,23.83
CreateCenteredMIPanel.m,56.816,80,49.04,30,100.0,25.04
createCenterSurroundMasks2.m,80.58,100,66.13,90,100.0,46.77
createChannelMapFile.m,54.142,60,57.14,0,100.0,53.57
createCheckerBoardImage.m,63.112,30,77.78,30,100.0,77.78
createCircle.m,70.2,60,72.0,75,100.0,44.0
CreateCliqueTree.m,75.0,100,55.56,75,100.0,44.44
CreateCliqueTreeHMM.m,78.86,100,70.18,75,100.0,49.12
CreateClusterAndRAtables.m,74.696,100,65.17,60,100.0,48.31
CreateClusterGraph.m,74.632,100,68.42,60,100.0,44.74
CreateClusteringData.m,81.19,80,73.64,100,100.0,52.31
createcollage.m,69.926,60,74.07,60,100.0,55.56
CreateCollocationTopics.m,82.0,100,76.92,90,100.0,43.08
createColorsMap.m,66.284,30,85.71,30,100.0,85.71
createCombinedSession.m,78.808,80,66.85,100,100.0,47.19
CreateCommentsField.m,79.274,100,81.82,60,100.0,54.55
createComplexStructure.m,71.284,100,77.36,30,100.0,49.06
createComputedSpeciesData.m,76.852,80,61.17,100,100.0,43.09
createConnectedPorespace.m,75.57,100,57.14,75,100.0,45.71
createConnMatrixForOptimization.m,77.714,60,71.43,100,100.0,57.14
CreateConstellation.m,72.516,70,55.36,100,100.0,37.22
createContextSpecificModel.m,73.762,80,50.3,100,100.0,38.51
createControls.m,68.904,60,61.9,75,100.0,47.62
createConvexHullMethod.m,77.334,60,70.0,90,100.0,66.67
createConvexHullMethodConcave.m,79.222,60,94.44,75,100.0,66.67
createConvexHullMethodConvex.m,79.222,60,94.44,75,100.0,66.67
CreateConvMtx.m,73.118,100,70.59,45,100.0,50.0
CreateConvMtx1D.m,76.0,100,72.0,60,100.0,48.0
CreateConvMtx2D.m,72.332,100,72.22,45,100.0,44.44
CreateConvMtx2DSparse.m,72.332,100,72.22,45,100.0,44.44
CreateConvMtxSparse.m,73.092,100,72.73,45,100.0,47.73
createcov.m,77.974,100,59.49,100,100.0,30.38
createCrescent.m,68.778,60,72.22,45,100.0,66.67
createCroppedimage.m,83.818,100,78.18,90,100.0,50.91
createCube.m,61.636,60,77.27,30,100.0,40.91
createCubeOctahedron.m,64.154,60,84.62,30,100.0,46.15
createCustomMessageFromROSPackageDemo.m,62.768,60,76.92,0,100.0,76.92
CreateCVrealdata.m,60.186,60,66.67,15,100.0,59.26
CreateCVtoy.m,58.896,60,47.37,45,100.0,42.11
createCylinder.m,60.0,30,70.0,30,100.0,70.0
createCylinderVariousR.m,61.0,60,53.33,45,100.0,46.67
createData.m,65.846,60,100.0,0,100.0,69.23
CreateDataAppTest.m,80.628,100,88.24,60,100.0,54.9
CreateDataAppTestReg.m,65.436,60,86.96,15,100.0,65.22
CreateDatadictGUI.m,71.876,80,53.09,100,100.0,26.29
createdatafile.m,80.524,80,74.06,100,100.0,48.56
createdatamatc.m,82.0,60,100.0,75,100.0,75.0
createdatamatpb.m,78.43,60,92.86,75,100.0,64.29
createdatamatpt.m,81.43,60,90.48,90,100.0,66.67
createDataTipROE.m,81.154,100,69.23,75,100.0,61.54
createData_CCR.m,64.494,100,54.93,45,100.0,22.54
createData_CDPLSA.m,74.388,100,93.55,30,100.0,48.39
createData_CRA.m,67.32,80,58.93,45,100.0,52.67
createData_HIDC.m,65.056,100,54.93,45,100.0,25.35
createData_IHR.m,72.546,60,90.91,30,100.0,81.82
createData_TriTL.m,65.056,100,54.93,45,100.0,25.35
createDeBruijnSeq.m,70.974,100,57.69,60,100.0,37.18
createDebugModel.m,82.164,80,75.41,90,100.0,65.41
CreateDecomp.m,63.518,80,41.23,45,100.0,51.36
CreateDefaultAtlasParm.m,86.052,100,86.84,75,100.0,68.42
CreateDefaultFreeSurferAtlas.m,77.0,60,85.71,75,100.0,64.29
CreateDefaultFreeSurferRegParms.m,79.826,100,73.91,60,100.0,65.22
createDefaultKsptotOptions.m,70.5,60,87.5,30,100.0,75.0
CreateDefaultRegParms.m,78.808,100,72.34,60,100.0,61.7
createDeltaMatchMatrix.m,71.476,60,80.95,45,100.0,71.43
CreateDemonsPanel.m,61.202,80,48.65,30,100.0,47.36
createDemoShapes2d.m,54.446,100,41.67,0,100.0,30.56
createDemoShapes3d.m,50.562,80,31.77,15,100.0,26.04
createDemoWithParameters.m,75.164,80,66.99,75,100.0,53.83
createDICimageSet.m,74.402,100,59.7,75,100.0,37.31
createDifferenceStructure.m,81.842,100,71.05,75,100.0,63.16
createDirectedCircle.m,76.936,100,67.74,75,100.0,41.94
CreateDirectories.m,72.572,60,78.57,60,100.0,64.29
createdires.m,71.274,60,72.73,60,100.0,63.64
createDistinguishableColors.m,68.0,30,80.0,60,100.0,70.0
createDodecahedron.m,70.848,100,75.76,30,100.0,48.48
createDoogFilter.m,66.428,60,85.71,15,100.0,71.43
createDoseProjFigures.m,78.612,80,69.89,100,100.0,43.17
createDREESfiles.m,68.942,100,67.65,30,100.0,47.06
createDualParameterization.m,78.696,60,78.26,90,100.0,65.22
createDummyModel.m,66.534,80,54.48,60,100.0,38.19
createDummyScan.m,82.828,100,68.69,100,100.0,45.45
createDurerPolyhedron.m,65.826,60,73.91,30,100.0,65.22
CreateDvbInterleaver.m,83.158,100,73.68,100,100.0,42.11
CreateDvbPuncturingPattern.m,71.614,60,76.92,75,100.0,46.15
createDynamoLinks.m,86.8,100,72.0,100,100.0,62.0
createEdge.m,85.406,100,70.27,100,100.0,56.76
createEdge3d.m,84.706,100,67.65,100,100.0,55.88
CreateEditData.m,72.696,60,78.26,60,100.0,65.22
CreateEditRow.m,84.092,100,81.82,75,100.0,63.64
createEllipse.m,82.85,100,69.7,90,100.0,54.55
createEllipsoidNHOOD.m,71.5,100,70.0,45,100.0,42.5
CreateEmptyAtlas.m,80.384,100,89.74,75,100.0,37.18
CreateEmptyExvivoAtlas.m,83.57,100,80.95,75,100.0,61.9
createEmptyFields.m,82.154,100,66.15,100,100.0,44.62
createEqTriangle.m,66.0,60,73.33,30,100.0,66.67
createEulerAnglesRotation.m,62.274,60,72.73,15,100.0,63.64
CreateEulerPanel.m,60.836,80,52.1,30,100.0,42.08
createEvalSets.m,71.434,100,66.22,45,100.0,45.95
CreateEvent.m,76.762,80,54.33,100,100.0,49.48
createExpandedStructure.m,84.484,100,65.52,100,100.0,56.9
createExpandedStructure2D.m,79.49,100,65.31,75,100.0,57.14
CreateExternSystem.m,78.75,100,68.75,75,100.0,50.0
createExtremePathwayModel.m,71.0,60,85.0,45,100.0,65.0
createFaceVariable.m,78.752,100,71.88,75,100.0,46.88
createFactorLookupTable.m,73.728,60,81.82,45,100.0,81.82
createFactors.m,76.88,100,84.85,45,100.0,54.55
createFCP.m,80.0,100,66.67,90,100.0,43.33
createfdata.m,69.75,60,75.0,45,100.0,68.75
createFieldNameFromParameters.m,77.904,80,65.47,90,100.0,54.05
createFigHandle.m,79.256,100,92.31,45,100.0,58.97
createFigHandleWithNumber.m,84.13,100,89.13,75,100.0,56.52
createfigure.m,75.454,80,56.04,100,100.0,41.23
createFilteredScanForDLS.m,80.578,100,86.84,45,100.0,71.05
createFiringTimeSets.m,88.5,100,80.0,100,100.0,62.5
createFlippedDataPascal.m,71.222,100,58.33,45,100.0,52.78
CreateFocusSpectrogram.m,81.666,100,74.07,75,100.0,59.26
createForestPlot.m,85.0,100,69.12,100,100.0,55.88
createFragmentIncidenceMatrix.m,69.926,60,66.67,60,100.0,62.96
createFrames.m,64.334,60,66.67,45,100.0,50.0
createFullDataDependencyGraph.m,86.808,100,70.21,100,100.0,63.83
createGabor.m,82.09,100,70.45,90,100.0,50.0
createGammaDose.m,77.614,100,75.44,60,100.0,52.63
createGaussian.m,68.334,30,88.89,45,100.0,77.78
createGaussianKernel.m,65.74,60,60.87,60,100.0,47.83
createGenericFaceModel.m,65.054,80,36.27,45,100.0,64.0
CreateGfile.m,78.72,100,67.44,75,100.0,51.16
CreateGfileWrap.m,72.572,60,71.43,60,100.0,71.43
CreateGPR.m,74.34,80,40.87,100,100.0,50.83
CreateGradientOperator.m,63.0,60,66.67,30,100.0,58.33
CreateGradientOperatorUnitTest.m,58.334,100,50.0,0,100.0,41.67
creategraph.m,81.668,100,78.79,75,100.0,54.55
createGraphicsStructures.m,61.668,60,66.67,15,100.0,66.67
createGraphStructures.m,58.0,60,51.72,30,100.0,48.28
CreateGrayDisk.m,76.09,60,77.27,75,100.0,68.18
createGridFromCovMat.m,85.2,100,68.0,100,100.0,58.0
createGround.m,72.888,60,83.33,60,100.0,61.11
createGroupContributionStruct.m,78.794,100,68.97,75,100.0,50.0
createGroupIncidenceMatrix.m,83.0,100,68.75,100,100.0,46.25
createGroupIncidenceMatrix_jankowski.m,80.5,100,58.33,90,100.0,54.17
creategrRulesField.m,77.0,60,76.92,75,100.0,73.08
createH5.m,77.0,100,76.32,60,100.0,48.68
createHashTable.m,78.306,60,86.96,75,100.0,69.57
CreateHDRvFromImage.m,72.8,100,64.0,60,100.0,40.0
createHelpDemoDocumentation.m,71.57,100,67.14,45,100.0,45.71
createHomothecy.m,70.154,60,76.92,60,100.0,53.85
createHRWarmup.m,77.416,80,63.64,100,100.0,43.44
createHS.m,74.75,60,87.5,45,100.0,81.25
createHypotrochoid.m,63.856,60,61.9,45,100.0,52.38
createIcosahedron.m,69.0,100,72.5,30,100.0,42.5
createImagBasis.m,74.044,60,95.65,45,100.0,69.57
createImage.m,74.0,60,78.57,60,100.0,71.43
CreateImageFilterMtx.m,59.274,80,27.8,60,100.0,28.57
CreateImageOverview.m,71.2,60,72.0,60,100.0,64.0
CreateImageSeq.m,70.556,30,100.0,45,100.0,77.78
createIMBeamlet.m,78.47,100,70.59,60,100.0,61.76
createIMBeamlet_planChk.m,79.616,100,66.67,75,100.0,56.41
createIMuids.m,79.352,100,59.46,90,100.0,47.3
createInChIStruct.m,76.39,100,65.85,60,100.0,56.1
createIndexVector.m,69.236,60,76.47,45,100.0,64.71
createInitialTranslationTransform.m,60.882,60,70.59,15,100.0,58.82
createIntegratorOutBus.m,72.146,80,50.81,75,100.0,54.92
createIntersectionStructure.m,81.828,100,70.73,75,100.0,63.41
createIntImg.m,64.75,60,62.5,45,100.0,56.25
createJ.m,69.0,30,100.0,15,100.0,100.0
createJob_runJob.m,78.0,60,100.0,30,100.0,100.0
createJointControlButtons.m,75.428,100,71.43,60,100.0,45.71
createLandmarks.m,66.186,60,70.37,45,100.0,55.56
CreateLargeScaleFading.m,68.528,100,72.41,30,100.0,40.23
createLaunchWindowTable.m,68.702,100,72.97,30,100.0,40.54
CreateLDRStackFromHDR.m,77.574,100,60.64,90,100.0,37.23
createLgraphUsingConnections.m,67.668,60,66.67,45,100.0,66.67
CreateLidVelocity.m,69.456,60,63.64,60,100.0,63.64
CreateLight.m,72.0,60,85.0,45,100.0,70.0
createLine.m,82.942,100,67.65,100,100.0,47.06
createLine3d.m,72.54,100,63.08,75,100.0,24.62
createLineReflection.m,59.444,60,77.78,15,100.0,44.44
createListOfImagesFromVOCOpts.m,66.716,60,64.29,45,100.0,64.29
createlistSLC.m,79.33,80,61.72,100,100.0,54.93
createLmkGraphics.m,74.13,100,56.52,75,100.0,39.13
CreateLogisticRegressor.m,63.456,60,63.64,30,100.0,63.64
createLowerResolutionImage.m,78.5,100,57.5,90,100.0,45.0
CreateLTEInterleaver.m,75.702,80,98.51,60,100.0,40.0
createMainBlocksGraph.m,86.452,100,70.97,100,100.0,61.29
createMap.m,55.334,30,66.67,30,100.0,50.0
createMapFig.m,73.838,80,60.54,90,100.0,38.65
createMapTable2.m,69.236,60,76.47,45,100.0,64.71
createmask.m,81.666,60,87.5,90,100.0,70.83
CreateMatrixFromPrimaries.m,69.226,100,74.19,30,100.0,41.94
CreateMatrixFromPrimaries_xy.m,61.636,60,72.73,30,100.0,45.45
CreateMattesPanel.m,56.126,80,48.92,30,100.0,21.71
createmconstructor.m,75.666,100,75.0,45,100.0,58.33
CreateMeasurement.m,59.21,60,63.16,15,100.0,57.89
CreateMeasurement_nb_clutter.m,56.904,60,57.14,15,100.0,52.38
CreateMeasurement_range_bearing.m,75.472,100,67.65,45,100.0,64.71
createMedian.m,80.162,100,77.42,75,100.0,48.39
createMengerSponge.m,70.236,100,92.94,30,100.0,28.24
createMesh1D.m,79.908,100,79.07,60,100.0,60.47
createMesh2D.m,80.8,100,90.0,60,100.0,54.0
createMesh3D.m,79.868,100,96.72,60,100.0,42.62
createMeshCylindrical1D.m,79.908,100,79.07,60,100.0,60.47
createMeshCylindrical2D.m,80.8,100,90.0,60,100.0,54.0
createMeshCylindrical3D.m,76.23,60,88.46,75,100.0,57.69
createMeshFacesOfVertex.m,70.668,60,66.67,60,100.0,66.67
createMeshRadial2D.m,77.436,60,86.96,75,100.0,65.22
createMeshSpherical1D.m,79.908,100,79.07,60,100.0,60.47
createMeshSpherical3D.m,83.234,100,82.35,75,100.0,58.82
createMeshTilted2D.m,78.774,100,85.48,60,100.0,48.39
createMetaboliteIDs.m,71.574,80,82.61,45,100.0,50.26
createMetIntrcNetwork.m,77.576,80,72.92,90,100.0,44.96
createMhaDosesFromCERR.m,71.38,60,58.62,90,100.0,48.28
createMhaMask.m,80.362,100,56.36,100,100.0,45.45
createMhaScansFromCERR.m,83.242,100,62.16,100,100.0,54.05
createMissingData.m,78.616,60,88.46,60,100.0,84.62
createMobject.m,72.776,60,94.44,15,100.0,94.44
createModel.m,72.176,100,79.37,45,100.0,36.51
createModelFactors.m,67.666,60,72.22,45,100.0,61.11
createModelNewCompartment.m,81.53,100,67.65,90,100.0,50.0
CreateMovie.m,71.0,30,100.0,45,100.0,80.0
createMPCForParkingValet.m,71.882,100,76.47,30,100.0,52.94
createMPCForTrackingParkingValet.m,72.252,100,71.88,30,100.0,59.38
createMPCmatrices.m,77.0,100,62.5,60,100.0,62.5
createMS.m,73.63,60,89.47,45,100.0,73.68
createMultiframeTestphan.m,78.856,100,77.14,60,100.0,57.14
createMultipleH5.m,77.194,100,76.62,60,100.0,49.35
createMultipleH5_SfsNet.m,71.308,80,64.02,60,100.0,52.52
createMultipleH5_SyntheticImages.m,77.122,100,76.83,60,100.0,48.78
createMultipleSpeciesModel.m,78.256,80,57.28,90,100.0,64.0
createMultiStageHFs.m,83.642,100,74.36,90,100.0,53.85
createMultiStageHFsCGEOR.m,83.0,100,72.22,90,100.0,52.78
createMWBM.m,78.028,100,50.7,100,100.0,39.44
createNACA4.m,75.392,80,69.75,75,100.0,52.21
createNACA5.m,74.538,80,69.84,75,100.0,47.85
createNavigationMontage.m,73.228,100,50.63,75,100.0,40.51
createNeibor.m,77.636,100,61.82,90,100.0,36.36
CreateNetwork.m,72.478,100,65.22,45,100.0,52.17
createNeuropilMasks.m,82.222,100,59.26,100,100.0,51.85
createNeuropilMasksMD.m,83.264,100,65.79,90,100.0,60.53
createnewblocklibrary.m,70.244,100,66.67,30,100.0,54.55
createNewCERRAxes.m,83.714,100,72.73,90,100.0,55.84
CreateNewDataTypes.m,75.852,60,85.19,60,100.0,74.07
createNewDeformObject.m,77.0,60,93.33,45,100.0,86.67
createNewHumanBiomassRxn.m,68.136,80,61.06,45,100.0,54.62
createNewIM.m,78.122,100,75.51,60,100.0,55.1
createNewMetaboliteStructure.m,82.092,100,69.32,90,100.0,51.14
createNewMetEntryFromArray.m,82.118,100,66.18,90,100.0,54.41
CreateNewModel.m,76.75,60,100.0,30,100.0,93.75
CreateNewSession.m,75.428,60,78.57,60,100.0,78.57
createNewTracks.m,78.374,100,81.25,45,100.0,65.62
createNifti.m,84.75,100,76.25,90,100.0,57.5
createNMEAOutput.m,77.354,100,67.65,75,100.0,44.12
CreateNNStruct.m,83.638,100,63.64,100,100.0,54.55
createNoInfoPDF.m,77.334,100,71.11,60,100.0,55.56
CreateNoiseIndices.m,75.89,60,77.78,75,100.0,66.67
createNonemptySolution_FuncGen.m,70.524,60,80.95,45,100.0,66.67
createNumericalModel.m,66.0,30,80.0,60,100.0,60.0
createobjective.m,79.618,100,80.95,60,100.0,57.14
createObjPatch.m,81.23,60,76.92,100,100.0,69.23
createObs.m,78.452,100,77.42,60,100.0,54.84
createObsCovariance.m,76.882,80,65.52,90,100.0,48.89
createObservations.m,77.262,100,82.61,45,100.0,58.7
CreateObservSeqMar1.m,65.538,60,61.54,60,100.0,46.15
createOctahedron.m,54.0,30,60.0,30,100.0,50.0
CreateOff.m,81.316,100,78.95,75,100.0,52.63
CreateOperators_psi.m,65.274,60,72.73,30,100.0,63.64
CreateOpticalFlowPanel.m,70.8,100,68.0,30,100.0,56.0
CreateOptimizerPanel.m,60.856,100,48.57,30,100.0,25.71
createOptions.m,70.858,60,100.0,30,100.0,64.29
createoutput.m,73.0,60,100.0,30,100.0,75.0
createOutputAndScratchFoldersForPipelineStep.m,65.21,60,63.16,45,100.0,57.89
createOutputStructure.m,79.0,60,95.0,75,100.0,65.0
createPan.m,66.0,30,90.0,30,100.0,80.0
createPanModels.m,79.244,70,82.65,100,100.0,43.57
createParameterStruct.m,82.116,80,65.14,100,100.0,65.44
createParamMapFromAnatomy.m,70.0,60,65.0,60,100.0,65.0
CreateParamSet.m,80.412,100,60.82,100,100.0,41.24
createParaPanel.m,76.584,80,58.42,75,100.0,69.5
createParaTree.m,76.866,80,59.86,100,100.0,44.47
CreatePatchExpert.m,71.366,100,65.85,30,100.0,60.98
createPath.m,72.0,30,100.0,30,100.0,100.0
createPCimage.m,80.888,100,71.11,90,100.0,43.33
createpdf.m,72.0,60,80.0,60,100.0,60.0
createPeriplasmaticSpace.m,77.264,100,72.37,60,100.0,53.95
createPersonalizedModel.m,79.494,100,68.54,75,100.0,53.93
createPlanCFromFiles.m,77.082,80,64.23,100,100.0,41.18
createPlane.m,80.606,100,62.12,100,100.0,40.91
createPlmCmdFile.m,72.818,60,86.36,45,100.0,72.73
createPlotGroup.m,88.234,100,79.41,100,100.0,61.76
createPolyhedronFromConstraints.m,80.0,60,75.0,90,100.0,75.0
CreatePosNegColormap.m,64.412,60,76.47,15,100.0,70.59
CreateRandomLogParamSets.m,75.808,100,61.9,60,100.0,57.14
CreateRandomSolution.m,68.0,30,100.0,30,100.0,80.0
createRandRegGraph.m,75.0,100,61.33,75,100.0,38.67
createRaster.m,72.422,80,59.66,75,100.0,47.45
createRateLimiter.m,71.99,100,68.97,45,100.0,45.98
createRateLimiterWOSat.m,73.0,100,70.0,45,100.0,50.0
createRawFormat.m,75.456,60,63.64,90,100.0,63.64
createRay.m,76.666,60,76.19,90,100.0,57.14
createRay3d.m,59.0,30,75.0,15,100.0,75.0
createRBioNetDBFromVMHDB.m,86.262,100,76.09,90,100.0,65.22
createrBioNetStructure.m,72.862,80,64.96,60,100.0,59.35
createReadmeAnnotation.m,82.23,100,71.15,90,100.0,50.0
createReadmeAppendNotes.m,73.332,100,47.22,75,100.0,44.44
createReadmeParams.m,83.526,100,73.68,90,100.0,53.95
createReadmeSession.m,77.34,80,63.64,100,100.0,43.06
createRebinnedImages.m,60.286,30,100.0,0,100.0,71.43
createRectangle.m,59.666,60,58.33,30,100.0,50.0
createResultsFolder.m,69.0,60,62.5,60,100.0,62.5
createRGBStack.m,72.958,100,57.14,75,100.0,32.65
createRhombododecahedron.m,64.668,60,86.67,30,100.0,46.67
createRobots.m,82.95,100,68.85,100,100.0,45.9
createROI.m,71.26,100,59.26,60,100.0,37.04
createROIFromRange.m,79.784,80,68.75,100,100.0,50.17
createRotation.m,70.154,60,84.62,60,100.0,46.15
createRotation3dLineAngle.m,72.572,60,76.19,60,100.0,66.67
createRotation90.m,84.444,100,73.33,100,100.0,48.89
createRotationAboutPoint3d.m,57.0,30,62.5,30,100.0,62.5
createRotationOx.m,77.556,100,80.56,60,100.0,47.22
createRotationOy.m,73.428,100,73.81,60,100.0,33.33
createRotationOz.m,77.0,100,80.56,60,100.0,44.44
createRotationVector3d.m,70.088,60,69.57,60,100.0,60.87
createRotationVectorPoint3d.m,60.856,60,57.14,30,100.0,57.14
createrplabstudioparameters.m,68.348,60,60.87,60,100.0,60.87
createSampleTimeGraphs.m,75.808,100,53.42,90,100.0,35.62
createSampleTimeSets.m,78.368,100,54.08,100,100.0,37.76
createSaturation.m,73.314,100,72.55,45,100.0,49.02
createSatWorldPlot.m,81.154,100,76.92,75,100.0,53.85
createSBMLFiles.m,74.908,60,77.27,60,100.0,77.27
createScaling.m,72.926,60,85.19,75,100.0,44.44
createScaling3d.m,82.608,100,78.26,100,100.0,34.78
createSCP.m,81.256,100,67.44,90,100.0,48.84
createsdpcut.m,79.618,100,78.57,60,100.0,59.52
createsdplibfile.m,83.53,100,66.67,100,100.0,50.98
CreateSegments.m,70.384,100,58.59,60,100.0,33.33
CreateSegmentsApprox.m,70.666,100,61.11,45,100.0,47.22
createSenFig.m,76.574,80,45.54,100,100.0,57.33
createSensors.m,80.244,100,62.2,100,100.0,39.02
createSessionForDLSeg.m,79.556,60,88.89,60,100.0,88.89
createSignal.m,74.556,100,57.78,75,100.0,40.0
CreateSimilarityPanel.m,64.532,80,52.98,60,100.0,29.68
createSimLmk.m,67.666,60,72.22,45,100.0,61.11
createSimLmkGraphics.m,73.206,60,72.41,75,100.0,58.62
createSimStructures.m,70.154,60,73.08,60,100.0,57.69
createSinusoidalPipe.m,58.5,60,45.83,45,100.0,41.67
createSlamStructures.m,58.0,60,54.55,30,100.0,45.45
CreateSmallScaleFading.m,80.714,100,68.57,75,100.0,60.0
createSoccerBall.m,64.668,60,66.67,30,100.0,66.67
createSOCDataset.m,77.0,60,76.92,75,100.0,73.08
createSolution.m,56.0,30,90.0,30,100.0,30.0
createspec.m,78.404,100,70.21,75,100.0,46.81
CreateSpectrogram.m,83.714,100,71.43,90,100.0,57.14
createSpectrum.m,64.092,60,72.73,15,100.0,72.73
createSphere.m,76.154,60,76.92,90,100.0,53.85
createSphericalPack.m,72.636,100,69.7,45,100.0,48.48
CreateStacks.m,73.37,70,48.09,100,100.0,48.76
createStandardFolder.m,77.526,60,78.95,75,100.0,73.68
createStapleStruct.m,78.428,60,82.14,75,100.0,75.0
createStellatedMesh.m,85.5,100,70.0,100,100.0,57.5
createSTL.m,72.222,100,73.33,30,100.0,57.78
createStruct.m,68.706,60,64.71,60,100.0,58.82
createStructFromBusObj.m,81.284,60,85.71,75,100.0,85.71
createStructuresMatrices.m,73.632,70,50.16,100,100.0,48.0
createStructuresMatrices_plnChk.m,78.13,80,65.82,100,100.0,44.83
createSubFaceModels.m,58.15,80,33.33,45,100.0,32.42
createSubSamples.m,70.666,60,53.33,90,100.0,50.0
createSummationMatrix.m,80.328,100,59.02,100,100.0,42.62
createSureFitRawData.m,78.808,80,63.79,100,100.0,50.25
createSureFitRawData2.m,75.594,80,58.5,100,100.0,39.47
createSymbolicLink.m,82.222,60,83.33,90,100.0,77.78
createSymbolicLinkInStandardFolder.m,87.302,100,88.37,90,100.0,58.14
createsyntheticdata.m,65.446,60,66.67,45,100.0,55.56
CreateSystem.m,75.112,60,77.78,60,100.0,77.78
createTableObservers.m,70.782,80,39.84,90,100.0,44.07
createTcpIpClient.m,85.096,100,74.19,90,100.0,61.29
createTEDSDataset.m,79.5,60,83.33,75,100.0,79.17
createTestGraph01.m,59.8,60,92.0,15,100.0,32.0
createTestGraph02.m,59.138,60,96.55,15,100.0,24.14
createTestGraph03.m,60.334,60,96.67,15,100.0,30.0
createTestSuite.m,78.812,80,54.73,100,100.0,59.33
createTetrahedralMeshGrid.m,69.704,100,63.93,60,100.0,24.59
createTetrahedron.m,61.158,60,68.42,30,100.0,47.37
createTetrakaidecahedron.m,66.462,60,80.77,30,100.0,61.54
createTextureMaps.m,78.912,100,70.65,75,100.0,48.91
createTile.m,62.142,60,85.71,15,100.0,50.0
createTile3d.m,59.616,60,84.62,15,100.0,38.46
createTime.m,49.0,30,50.0,15,100.0,50.0
createtimegraph.m,75.738,60,94.74,45,100.0,78.95
createTissueSpecificModel.m,79.688,80,64.19,100,100.0,54.25
createTopographyMatrix.m,82.962,100,70.37,100,100.0,44.44
createToyModel.m,76.0,100,75.0,45,100.0,60.0
createToyModelForAltOpts.m,73.222,60,94.44,45,100.0,66.67
createToyModelForBiomassPrecursorCheck.m,65.0,60,90.0,15,100.0,60.0
createToyModelForConnectedComponentAnalysis.m,73.0,60,93.33,45,100.0,66.67
createToyModelForConstraints.m,74.334,60,96.3,45,100.0,70.37
createToyModelForgapFind.m,70.564,60,91.3,45,100.0,56.52
createToyModelForGeoFBA.m,74.75,60,93.75,45,100.0,75.0
createToyModelForLifting.m,78.544,60,86.36,60,100.0,86.36
createToyModelForLooplessFVA.m,72.0,60,85.0,45,100.0,70.0
createToyModelForMDFBA.m,78.332,60,93.33,45,100.0,93.33
createToyModelForMinimizeFlux.m,69.888,60,94.44,45,100.0,50.0
createToyModelForPreProcessing.m,77.924,60,92.31,45,100.0,92.31
createTrainingModel.m,78.766,80,65.62,90,100.0,58.21
createTrajectory.m,63.858,60,64.29,45,100.0,50.0
createTranslation.m,78.25,60,87.5,75,100.0,68.75
createTranslation3d.m,76.472,60,89.47,75,100.0,57.89
createTreeView.m,61.75,60,62.5,30,100.0,56.25
createTrefoilKnot.m,53.6,60,60.0,0,100.0,48.0
createTriangIdxMeshGrid.m,68.594,100,51.06,60,100.0,31.91
createUIControlsROE.m,77.666,80,77.57,90,100.0,40.76
createUIControlsROEPreset.m,78.45,80,75.64,90,100.0,46.61
createUID.m,80.572,100,95.24,60,100.0,47.62
createUnconnectedDiGraph.m,72.0,30,100.0,30,100.0,100.0
createUniformlySlicedPlanC.m,77.402,100,48.05,100,100.0,38.96
createUnionStructure.m,82.566,100,72.97,75,100.0,64.86
createUniversalReactionModel.m,74.326,100,69.77,60,100.0,41.86
createUniversalReactionModel2.m,73.878,80,70.63,75,100.0,43.76
createUntexturedSphere.m,72.0,30,100.0,30,100.0,100.0
createVAnatomy.m,75.0,30,100.0,45,100.0,100.0
createVector.m,59.0,30,75.0,15,100.0,75.0
CreateVehicles.m,68.616,60,61.54,60,100.0,61.54
createVelocititesControlButtons.m,77.172,80,66.93,90,100.0,48.93
CreateVersorPanel.m,57.65,80,50.0,30,100.0,28.25
createVideoCapture.m,76.254,80,60.71,100,100.0,40.56
CreateVideoSequence.m,74.334,60,96.3,45,100.0,70.37
CreateViolaPanel.m,58.592,80,47.2,30,100.0,35.76
createVolAnat.m,75.352,80,70.21,75,100.0,51.55
createVolAnatSKERI.m,77.116,80,71.5,90,100.0,44.08
createVolumeVector.m,59.0,30,75.0,15,100.0,75.0
createVulcanoPlot.m,80.778,100,70.83,90,100.0,43.06
createWahbaProblem.m,75.298,70,52.49,100,100.0,54.0
createWaypointData.m,66.25,100,75.0,0,100.0,56.25
createwdata.m,84.304,100,79.75,100,100.0,41.77
CreateWimaxInterleaver.m,83.956,100,83.52,100,100.0,36.26
CreateWimaxPuncturingPattern.m,69.0,30,100.0,15,100.0,100.0
createWindow.m,77.486,80,57.66,100,100.0,49.77
CreateWindowRRintervals.m,82.118,100,65.88,100,100.0,44.71
createWorld.m,76.222,60,83.33,60,100.0,77.78
createXMatrix.m,77.408,80,58.04,90,100.0,59.0
createXMatrix2.m,74.91,80,55.88,90,100.0,48.67
createXORdata.m,78.25,60,87.5,75,100.0,68.75
createXYCoordVec.m,72.0,60,66.67,75,100.0,58.33
createZeroState.m,67.5,30,87.5,45,100.0,75.0
create_2d_bicubic_interp_matrix.m,80.652,100,82.61,75,100.0,45.65
create_2d_bilinear_interp_matrix.m,69.742,100,53.23,60,100.0,35.48
create_2d_image_downsample_matrix.m,63.714,60,71.43,30,100.0,57.14
create_2d_image_resize_matrix.m,72.0,30,100.0,30,100.0,100.0
create_2d_image_upsample_matrix.m,81.118,60,88.24,75,100.0,82.35
create_3d_cubic_interp_matrix.m,79.0,100,76.67,75,100.0,43.33
create_3d_image_upsample_matrix.m,79.5,60,87.5,75,100.0,75.0
create_3d_linear_interp_matrix.m,79.314,100,72.55,75,100.0,49.02
create_adjacency_graph.m,84.666,100,83.33,90,100.0,50.0
Create_a_dataset_from_videos_and_labels.m,67.666,60,70.83,45,100.0,62.5
create_binned_data_from_raster_data.m,74.466,80,47.5,100,100.0,44.83
create_body_model.m,67.764,80,71.32,45,100.0,42.5
create_buildings.m,71.0,60,75.0,45,100.0,75.0
create_burst.m,76.066,80,54.25,100,100.0,46.08
create_cache.m,70.556,30,88.89,45,100.0,88.89
Create_CCNF_Regressor.m,73.23,100,60.0,60,100.0,46.15
create_cen_experts_gen.m,67.164,80,60.75,45,100.0,50.07
create_cen_experts_menpo.m,68.042,80,62.96,45,100.0,52.25
create_cen_experts_OF.m,62.75,80,37.25,30,100.0,66.5
create_cen_experts_sparse.m,66.704,80,64.93,45,100.0,43.59
create_cfg_cfg_basicio.m,83.204,100,82.05,75,100.0,58.97
create_CHS.m,63.714,60,66.67,30,100.0,61.9
create_clinician_policy.m,63.856,60,57.14,45,100.0,57.14
Create_Cluster_Center.m,75.276,60,79.31,75,100.0,62.07
create_colortable.m,53.5,30,100.0,0,100.0,37.5
create_config.m,72.0,30,100.0,30,100.0,100.0
create_confusion_matrices_and_MI.m,71.17,80,38.22,100,100.0,37.63
create_curls.m,84.286,100,80.0,90,100.0,51.43
create_data.m,60.442,80,100.0,15,100.0,7.21
create_database.m,71.5,100,75.0,30,100.0,52.5
create_dataset.m,74.8,100,62.0,60,100.0,52.0
create_data_noisy_L2.m,69.0,30,100.0,15,100.0,100.0
Create_data_test.m,65.044,70,48.72,60,100.0,46.5
Create_data_train.m,64.2,70,48.75,60,100.0,42.25
create_deformed_scan.m,79.694,100,78.57,75,100.0,44.9
create_divs.m,76.364,60,77.27,90,100.0,54.55
create_Ds.m,81.64,100,59.02,100,100.0,49.18
create_Dw.m,62.856,60,78.57,15,100.0,60.71
create_empty_image.m,76.0,60,80.0,60,100.0,80.0
create_experiment.m,83.422,100,76.32,75,100.0,65.79
create_F.m,74.332,60,83.33,45,100.0,83.33
create_figure.m,84.978,100,81.4,90,100.0,53.49
create_figure3.m,73.274,100,83.64,30,100.0,52.73
create_file_list_single_au_classification.m,64.604,100,51.16,30,100.0,41.86
create_flat_triangular_mesh.m,78.452,100,70.97,60,100.0,61.29
create_folder_map.m,64.314,60,73.68,30,100.0,57.89
create_folds.m,75.284,60,85.71,45,100.0,85.71
create_frame_bytes.m,81.28,80,81.07,90,100.0,55.33
create_frame_figure.m,77.56,80,70.99,90,100.0,46.81
create_G.m,65.826,60,72.41,45,100.0,51.72
create_gc_weights.m,61.834,60,62.5,45,100.0,41.67
create_gnuradio_zc.m,77.332,60,83.33,60,100.0,83.33
create_greenspan_settings.m,83.334,100,70.37,100,100.0,46.3
create_grid.m,62.274,60,81.82,15,100.0,54.55
create_guess.m,81.304,100,66.3,100,100.0,40.22
create_hdf5.m,74.572,100,79.59,30,100.0,63.27
create_hedgehog_mesh.m,72.186,60,66.67,75,100.0,59.26
create_HMW_LC.m,63.758,60,75.86,45,100.0,37.93
create_HS.m,63.714,60,66.67,30,100.0,61.9
create_imagemodel.m,79.252,80,71.15,100,100.0,45.11
create_image_pyramid.m,74.184,100,63.27,75,100.0,32.65
create_image_set_for_marker_registration.m,69.418,100,58.06,60,100.0,29.03
create_input.m,67.894,100,84.21,0,100.0,55.26
create_iomat_file.m,71.5,60,75.0,60,100.0,62.5
create_irregular_grid.m,71.988,80,63.41,75,100.0,41.53
create_irregular_grid_with_min_angle.m,78.0,60,100.0,30,100.0,100.0
create_iso_pyramid.m,81.58,100,65.79,100,100.0,42.11
create_kernel.m,76.052,100,61.4,75,100.0,43.86
create_kernelmodel.m,76.69,100,63.38,75,100.0,45.07
create_labels.m,91.75,100,87.5,90,100.0,81.25
create_LC_observations.m,76.536,80,70.18,90,100.0,42.5
create_list.m,70.8,60,88.0,30,100.0,76.0
create_loc_cc_fftn_cache.m,80.744,100,80.85,75,100.0,47.87
create_logisticloss_label.m,72.262,60,73.68,75,100.0,52.63
create_lp_solve_model.m,83.83,100,74.47,100,100.0,44.68
create_lp_solve_native_model.m,83.83,100,74.47,100,100.0,44.68
create_lrmodel.m,83.89,100,87.04,75,100.0,57.41
create_map.m,72.286,60,100.0,30,100.0,71.43
create_marker_templates.m,73.5,100,75.0,30,100.0,62.5
create_masks.m,73.304,100,65.22,60,100.0,41.3
create_mask_demo_gui.m,77.618,80,62.77,100,100.0,45.32
create_mask_ipt_demo.m,61.474,60,78.95,0,100.0,68.42
create_model_regression.m,71.25,100,46.25,75,100.0,35.0
create_multi.m,76.638,80,60.19,90,100.0,53.0
create_new_exp.m,74.58,100,72.09,45,100.0,55.81
create_ngf_cache.m,71.5,60,75.0,60,100.0,62.5
create_nn_unittests.m,70.48,100,64.81,45,100.0,42.59
create_nullspace.m,80.634,80,71.67,90,100.0,61.5
create_object_array.m,61.0,60,53.33,45,100.0,46.67
create_one_step_regression_XY.m,67.316,60,78.95,45,100.0,52.63
create_pad_mask.m,71.77,60,84.62,45,100.0,69.23
create_parameters.m,78.968,100,92.42,60,100.0,42.42
create_parameters12.m,70.314,80,74.36,75,100.0,22.21
create_parameters_nonstationary.m,79.524,100,82.14,75,100.0,40.48
create_parameters_switch.m,68.924,100,48.72,60,100.0,35.9
create_pasted_segmentations.m,74.334,60,88.89,45,100.0,77.78
create_pasted_segmentations_refined.m,73.144,60,89.29,45,100.0,71.43
create_pattern_fcn.m,69.43,60,92.86,30,100.0,64.29
Create_pdm_brows.m,68.466,80,62.62,45,100.0,54.71
Create_pdm_inner_face.m,71.25,80,62.75,45,100.0,68.5
Create_pdm_menpo.m,69.46,100,63.22,45,100.0,39.08
Create_pdm_mouth.m,68.466,80,62.62,45,100.0,54.71
Create_pdm_wild.m,69.0,100,62.22,45,100.0,37.78
Create_pdm_wild_with_eyes.m,66.432,80,65.44,45,100.0,41.72
create_plots.m,67.896,80,77.99,45,100.0,36.49
create_plot_image.m,70.728,60,81.82,30,100.0,81.82
create_points.m,56.0,60,100.0,0,100.0,20.0
create_policy.m,73.236,100,51.47,75,100.0,39.71
create_problem.m,76.914,80,64.08,100,100.0,40.49
create_pyramid.m,68.334,30,88.89,45,100.0,77.78
create_random_maze.m,69.666,60,60.0,75,100.0,53.33
create_random_qp.m,63.408,100,57.41,30,100.0,29.63
create_regions_from_boxes.m,77.704,100,67.57,75,100.0,45.95
create_regular_grid.m,76.334,100,76.67,60,100.0,45.0
create_restrictions_and_markov_chains0.m,65.826,60,95.65,30,100.0,43.48
create_restrictions_and_markov_chains1.m,74.5,100,80.0,45,100.0,47.5
create_restrictions_and_markov_chains2.m,64.0,30,80.0,30,100.0,80.0
create_restrictions_and_markov_chains3.m,74.642,100,79.49,45,100.0,48.72
create_restrictions_and_markov_chains4.m,64.0,30,80.0,30,100.0,80.0
create_restrictions_and_markov_chains5.m,60.572,30,71.43,30,100.0,71.43
create_restrictions_and_markov_chains6.m,64.0,30,80.0,30,100.0,80.0
create_roi_masks2.m,72.754,100,62.26,60,100.0,41.51
create_SBM.m,82.0,100,72.5,75,100.0,62.5
create_sdpknapsack_cuts.m,80.89,100,80.56,60,100.0,63.89
create_segmentations_from_detections.m,72.682,100,61.36,60,100.0,42.05
create_setup_files.m,81.874,100,68.75,75,100.0,65.62
create_shifted_buildings.m,75.332,60,70.83,75,100.0,70.83
create_small_dataset.m,66.876,100,84.38,0,100.0,50.0
create_spdiag.m,69.0,30,100.0,15,100.0,100.0
create_specific_binding_mask.m,75.284,60,85.71,45,100.0,85.71
create_SPHARM_des_LSF.m,77.642,100,64.15,75,100.0,49.06
create_study_fv.m,72.0,100,53.85,60,100.0,46.15
create_subdivision_pattern.m,67.666,60,73.33,45,100.0,60.0
create_synthetic_dataset.m,74.372,80,56.49,90,100.0,45.37
create_system.m,68.276,80,61.07,60,100.0,40.31
create_T.m,77.618,60,80.95,90,100.0,57.14
create_table.m,71.432,100,83.78,45,100.0,28.38
create_table_cell.m,68.334,30,88.89,45,100.0,77.78
create_table_of_algorithms.m,76.318,80,63.16,100,100.0,38.43
create_table_of_algorithms_comb.m,75.538,80,60.61,100,100.0,37.08
create_table_subset.m,70.07,100,73.21,45,100.0,32.14
create_text_file.m,63.112,30,77.78,30,100.0,77.78
Create_tpamap_Datadict.m,81.83,100,65.96,90,100.0,53.19
create_training_directory.m,80.668,60,91.67,60,100.0,91.67
create_training_images_Callback.m,81.814,80,74.5,100,100.0,54.57
create_train_samples.m,59.5,60,81.25,0,100.0,56.25
Create_Trajectory.m,77.746,100,66.67,75,100.0,47.06
create_trivial_initial.m,73.0,60,86.67,45,100.0,73.33
create_tsne_Callback.m,81.524,80,72.83,100,100.0,54.79
create_uni.m,72.428,60,85.71,45,100.0,71.43
create_VAE_model.m,74.2,60,72.0,75,100.0,64.0
Create_Video.m,80.638,100,71.43,90,100.0,41.76
create_yaw_height_hdc_weights.m,66.264,60,63.16,45,100.0,63.16
create_zc.m,73.364,60,68.18,75,100.0,63.64
create_zc_seq.m,75.0,30,100.0,45,100.0,100.0
creatingexcelfromtext.m,57.428,30,100.0,0,100.0,57.14
creatLap.m,76.334,60,100.0,30,100.0,91.67
creator.m,61.0,30,80.0,15,100.0,80.0
creat_points.m,66.0,30,100.0,0,100.0,100.0
cRecon.m,72.0,60,84.0,60,100.0,56.0
cRecon1.m,70.668,60,77.78,60,100.0,55.56
cReconBW.m,67.666,60,75.0,45,100.0,58.33
credibleRegion.m,71.858,100,60.0,45,100.0,54.29
credit.m,58.508,100,50.75,0,100.0,41.79
CreditAssignment.m,71.77,60,84.62,45,100.0,69.23
crepmat.m,72.556,60,66.67,75,100.0,61.11
crescentfullmoon.m,81.45,100,74.19,75,100.0,58.06
creshape.m,74.06,60,70.59,75,100.0,64.71
crest2.m,77.684,60,94.74,60,100.0,73.68
crestfactor.m,69.0,30,100.0,15,100.0,100.0
crest_envelope.m,71.242,100,55.7,60,100.0,40.51
CREST_tracking.m,78.636,80,60.99,100,100.0,52.19
crf2ChainTrainDemo.m,71.356,100,73.21,30,100.0,53.57
crf2Create.m,65.168,60,66.67,45,100.0,54.17
crf2FitStruct.m,78.434,80,66.41,90,100.0,55.76
crf2ImgTrainDemo.m,65.0,100,65.91,0,100.0,59.09
crf2InferNodes.m,79.58,100,58.95,100,100.0,38.95
crf2InferNodesAndEdges.m,72.572,60,78.57,60,100.0,64.29
crf2Map.m,72.696,60,78.26,60,100.0,65.22
crf2Sample.m,74.0,60,79.17,60,100.0,70.83
crf2Train.m,84.4,100,72.0,90,100.0,60.0
crfFitStructDemo.m,74.896,100,76.92,45,100.0,52.56
crfrnn_demo.m,69.72,100,62.79,30,100.0,55.81
crfTrainScript.m,76.906,100,76.74,45,100.0,62.79
criteria2005IIIb.m,63.0,60,68.75,30,100.0,56.25
criteria4asyncbci.m,76.284,80,64.66,90,100.0,46.76
criteria4momentarybci.m,69.54,80,53.7,60,100.0,54.0
criterion.m,61.776,60,44.44,60,100.0,44.44
critic.m,85.09,100,65.45,100,100.0,60.0
criticalpointfinder.m,60.31,60,51.72,45,100.0,44.83
cronbach.m,67.158,60,63.16,60,100.0,52.63
crop.m,73.332,60,73.33,60,100.0,73.33
cropAroundCOM.m,72.506,100,64.56,60,100.0,37.97
cropbyval.m,84.616,100,75.0,100,100.0,48.08
cropCBCT.m,63.262,60,68.42,30,100.0,57.89
cropCurAnatSlice.m,78.776,100,55.1,100,100.0,38.78
cropCurSlice.m,80.234,100,62.35,100,100.0,38.82
cropdata.m,52.4,60,40.0,30,100.0,32.0
cropDose.m,82.686,100,78.12,90,100.0,45.31
cropface.m,73.192,80,64.29,75,100.0,46.67
cropFilterResponse.m,66.832,60,70.83,45,100.0,58.33
CropFullAnat.m,77.0,60,78.57,75,100.0,71.43
cropim.m,69.0,30,100.0,15,100.0,100.0
CropImage.m,73.182,60,100.0,15,100.0,90.91
cropImagePatches.m,76.226,80,66.96,75,100.0,59.17
CropInplanes.m,82.382,100,67.86,100,100.0,44.05
cropInvalidPixels.m,64.0,30,80.0,30,100.0,80.0
CropMargin.m,82.642,100,64.15,100,100.0,49.06
cropped2full.m,59.348,60,78.26,15,100.0,43.48
CroppedImageFlow.m,81.04,80,71.62,100,100.0,53.58
croppos.m,62.0,60,80.0,15,100.0,55.0
cropPost.m,76.186,100,65.12,60,100.0,55.81
cropScan.m,83.174,80,71.7,100,100.0,64.17
cropShoulder.m,69.0,30,100.0,15,100.0,100.0
cropStack.m,74.0,60,83.33,60,100.0,66.67
CropStackDialog.m,73.126,80,54.95,100,100.0,30.68
cropvector.m,76.23,60,76.92,75,100.0,69.23
CropVol.m,83.572,100,80.0,75,100.0,62.86
crop_4dvideo.m,73.728,60,81.82,45,100.0,81.82
crop_all.m,78.472,100,67.65,60,100.0,64.71
crop_bg.m,67.0,60,95.0,30,100.0,50.0
crop_borders.m,76.41,80,49.58,100,100.0,52.47
crop_candidates.m,71.0,60,78.57,45,100.0,71.43
crop_data.m,72.284,30,85.71,60,100.0,85.71
crop_dataset.m,71.8,80,58.0,75,100.0,46.0
crop_for_chewing_structs.m,79.866,100,75.68,75,100.0,48.65
crop_for_constrictor.m,76.898,100,73.47,60,100.0,51.02
crop_for_larynx.m,79.082,100,71.43,75,100.0,48.98
crop_for_pancreas.m,76.52,100,64.56,75,100.0,43.04
crop_gray.m,75.54,100,78.85,45,100.0,53.85
crop_half_FOV.m,72.57,60,85.71,60,100.0,57.14
crop_images.m,86.546,100,74.55,100,100.0,58.18
crop_qim.m,70.23,60,76.92,45,100.0,69.23
crop_scale_sample.m,68.138,60,65.52,60,100.0,55.17
crop_volume.m,72.284,30,85.71,60,100.0,85.71
cRosenSuzuki.m,78.0,60,100.0,30,100.0,100.0
cross2.m,83.0,60,90.0,100,100.0,65.0
cross2Matrix.m,63.428,30,85.71,30,100.0,71.43
cross3d.m,60.428,30,85.71,15,100.0,71.43
cross7.m,65.142,60,85.71,30,100.0,50.0
crossARH.m,72.0,30,100.0,30,100.0,100.0
crossCompChargeDiff.m,85.0,100,69.44,100,100.0,55.56
crossCor.m,64.0,30,80.0,30,100.0,80.0
crosscorrdim.m,79.5,100,71.88,60,100.0,65.62
crossCorrelation.m,72.606,100,59.09,60,100.0,43.94
CrossCov.m,71.91,60,81.82,45,100.0,72.73
CrossCutter.m,71.858,100,62.86,45,100.0,51.43
crossDatasetTrainTest.m,81.654,100,87.93,60,100.0,60.34
crossdef.m,66.0,30,100.0,0,100.0,100.0
crossentropy.m,76.166,60,70.83,100,100.0,50.0
CrossEntropyNode.m,84.314,100,66.67,100,100.0,54.9
crossentropy_internal.m,84.878,100,73.17,100,100.0,51.22
crossf.m,76.568,70,67.15,100,100.0,45.69
crossfold.m,79.236,70,72.79,100,100.0,53.39
crossfreq.m,80.832,80,78.63,100,100.0,45.53
crosshair.m,73.85,70,62.26,100,100.0,36.99
crosshair_subplots.m,73.414,70,55.97,100,100.0,41.1
crossing.m,79.538,100,63.46,90,100.0,44.23
crossJ.m,66.232,60,53.85,75,100.0,42.31
CrossMask.m,64.666,60,73.33,30,100.0,60.0
crossmat.m,72.0,30,100.0,30,100.0,100.0
crossmatrix.m,62.332,30,83.33,15,100.0,83.33
crossMatToVec.m,72.0,30,100.0,30,100.0,100.0
crossnobis.m,74.75,80,57.62,100,100.0,36.13
crossover.m,79.728,60,90.91,75,100.0,72.73
CrossoverTest.m,77.856,100,65.71,75,100.0,48.57
crossover_continious.m,74.522,100,61.9,75,100.0,35.71
crossp.m,57.57,30,85.71,15,100.0,57.14
crossprod.m,70.666,60,74.07,60,100.0,59.26
crossprodcovc.m,69.0,30,100.0,15,100.0,100.0
crossProdDerivs.m,64.492,100,53.52,45,100.0,23.94
crossProdMat.m,71.856,60,82.14,60,100.0,57.14
crossProdOp.m,72.0,30,100.0,30,100.0,100.0
crossProduct.m,77.262,60,68.42,100,100.0,57.89
crossProduct3d.m,77.588,60,82.35,75,100.0,70.59
crossProductPlanar.m,82.0,60,90.0,100,100.0,60.0
CrossProductVector.m,72.39,100,52.17,75,100.0,34.78
crossprodw.m,69.0,30,100.0,15,100.0,100.0
crossrefract.m,60.112,30,88.89,15,100.0,66.67
CrossSpecMat.m,76.514,100,62.12,75,100.0,45.45
CrossSpecMatc.m,76.846,100,63.08,75,100.0,46.15
CrossSpecMatpb.m,76.25,100,62.5,75,100.0,43.75
CrossSpecMatpt.m,80.254,100,63.38,90,100.0,47.89
crossTimesMatrix.m,59.614,60,76.92,15,100.0,46.15
crossvalidate.m,81.892,100,66.22,100,100.0,43.24
CrossValidateKNN.m,81.666,100,76.92,75,100.0,56.41
crossvalidatelssvm.m,84.416,100,74.03,100,100.0,48.05
CrossValidatePairs.m,82.118,100,67.65,90,100.0,52.94
crossvalidate_grid_search.m,72.386,80,52.43,60,100.0,69.5
crossValidation.m,82.168,100,73.96,90,100.0,46.88
CrossValidation1Param.m,73.6,100,66.0,60,100.0,42.0
CrossValidationDirty.m,72.274,100,68.49,60,100.0,32.88
CrossValidationTest.m,79.0,100,90.91,45,100.0,59.09
CrossValidationTest_obj.m,80.216,100,71.01,75,100.0,55.07
CrossValidationTest_obj2.m,81.364,100,72.73,75,100.0,59.09
CrossValidationTest_tree4.m,82.188,100,73.44,75,100.0,62.5
crossvalide.m,72.0,30,100.0,30,100.0,100.0
CrossWeightAverage.m,82.0,100,70.0,90,100.0,50.0
cross_binary_product_cardinality.m,79.5,60,87.5,75,100.0,75.0
cross_corr.m,81.5,100,67.5,90,100.0,50.0
cross_entropy.m,85.182,60,100.0,75,100.0,90.91
cross_entropy_metrics.m,79.488,100,56.41,100,100.0,41.03
cross_grad.m,71.77,60,92.31,45,100.0,61.54
cross_outer.m,59.0,30,87.5,15,100.0,62.5
cross_product.m,59.0,30,75.0,15,100.0,75.0
cross_quantilograms_sb.m,72.724,80,56.16,90,100.0,37.46
cross_quantilograms_sn.m,72.502,80,56.49,90,100.0,36.02
cross_sectional_metrics.m,76.196,80,58.65,100,100.0,42.33
cross_validate.m,65.192,80,51.46,30,100.0,64.5
crouzeix_raviart_cotmatrix.m,82.254,100,78.72,90,100.0,42.55
crouzeix_raviart_grad.m,65.406,60,74.07,30,100.0,62.96
crouzeix_raviart_massmatrix.m,75.304,60,95.65,60,100.0,60.87
Crowding.m,71.848,60,84.62,30,100.0,84.62
CrowdingDistance.m,74.826,60,78.26,75,100.0,60.87
CrowdingDist_kd.m,62.0,30,80.0,30,100.0,70.0
crowding_pick.m,87.692,100,79.49,100,100.0,58.97
crowd_distance.m,80.108,100,68.09,75,100.0,57.45
crptool_fnn.m,75.878,70,66.95,100,100.0,42.44
CRRA_Utility.m,67.332,60,73.33,30,100.0,73.33
crstepHess.m,68.762,60,66.67,60,100.0,57.14
crtbase.m,79.09,60,77.27,90,100.0,68.18
crtbp.m,86.57,100,77.14,90,100.0,65.71
crtrp.m,70.668,60,66.67,60,100.0,66.67
cruise.m,69.0,30,100.0,15,100.0,100.0
cruise_performance.m,68.894,80,61.86,45,100.0,57.61
cruise_reserved_fuel.m,72.912,100,67.39,45,100.0,52.17
crust.m,80.0,100,82.22,60,100.0,57.78
CryoCARE.m,79.866,80,65.0,100,100.0,54.33
crYOLO.m,74.828,70,56.03,100,100.0,48.11
CrystalDirections.m,58.472,100,45.28,15,100.0,32.08
CrystalOperations.m,63.2,80,50.5,15,100.0,70.5
CrystalReferenceSystem.m,58.556,100,48.61,15,100.0,29.17
crystalShape.m,75.044,80,56.22,100,100.0,39.0
CrystalShapes.m,56.348,80,40.36,30,100.0,31.38
CrystalShapeSmorf.m,52.0,60,50.0,0,100.0,50.0
CrystalSymmetries.m,52.438,100,37.8,0,100.0,24.39
crystalSymmetry.m,73.158,80,53.81,100,100.0,31.98
cr_idx.m,69.43,60,90.48,30,100.0,66.67
CR_RAD.m,75.638,100,66.67,60,100.0,51.52
cr_subsolver.m,77.046,80,63.28,100,100.0,41.95
cr_train_list.m,67.764,100,61.76,30,100.0,47.06
cs2_func.m,61.25,60,75.0,15,100.0,56.25
cs3dPath.m,57.0,30,62.5,30,100.0,62.5
CS4300_A2_report.m,68.39,100,51.39,60,100.0,30.56
CS4300_agent1.m,69.0,30,100.0,15,100.0,100.0
CS4300_agent_Astar.m,79.966,100,67.21,90,100.0,42.62
CS4300_agent_Astar_AC.m,76.542,100,62.5,90,100.0,30.21
CS4300_agent_Astar_PC.m,75.55,100,59.18,90,100.0,28.57
CS4300_Ask.m,69.0,30,100.0,15,100.0,100.0
CS4300_A_star_Man.m,69.0,30,100.0,15,100.0,100.0
CS4300_board_fits_percept.m,77.856,100,68.57,75,100.0,45.71
CS4300_choose1.m,70.0,30,87.5,45,100.0,87.5
CS4300_choose_closest.m,82.878,100,73.17,90,100.0,51.22
CS4300_demo_logistic.m,60.94,100,46.99,30,100.0,27.71
CS4300_demo_perceptron.m,60.94,100,46.99,30,100.0,27.71
CS4300_EC_report.m,65.572,100,51.43,45,100.0,31.43
CS4300_Example1.m,75.384,60,80.77,90,100.0,46.15
CS4300_frontier.m,70.666,60,76.19,60,100.0,57.14
CS4300_gen_board.m,76.23,60,88.46,75,100.0,57.69
CS4300_gen_res.m,75.0,30,100.0,45,100.0,100.0
CS4300_gen_turn_seq.m,76.906,100,71.43,75,100.0,38.1
CS4300_get_percept.m,78.404,100,72.34,75,100.0,44.68
CS4300_hybrid_agent.m,71.342,80,61.08,75,100.0,40.63
CS4300_hybrid_agent0.m,75.634,80,63.41,90,100.0,44.76
CS4300_image_process.m,73.248,100,65.62,60,100.0,40.62
CS4300_literal_CNF.m,69.0,30,100.0,15,100.0,100.0
CS4300_logistic_learning.m,73.334,60,80.0,60,100.0,66.67
CS4300_make_percept_sentence.m,66.0,60,66.67,60,100.0,43.33
CS4300_MC_agent.m,74.448,80,62.8,90,100.0,39.44
CS4300_MDP_policy.m,72.75,60,81.25,60,100.0,62.5
CS4300_MDP_policy_iteration_args.m,65.0,30,100.0,15,100.0,80.0
CS4300_move.m,67.626,100,56.25,60,100.0,21.88
CS4300_m_distance.m,69.0,30,100.0,15,100.0,100.0
CS4300_perceptron_learning.m,74.834,60,87.5,60,100.0,66.67
CS4300_policies_with_different_rewards.m,78.416,100,84.91,60,100.0,47.17
CS4300_P_no_attack.m,74.488,100,66.67,75,100.0,30.77
CS4300_run_trials.m,77.552,100,61.7,75,100.0,51.06
CS4300_run_value_iteration.m,69.0,30,100.0,15,100.0,100.0
CS4300_show_board.m,79.25,100,80.0,90,100.0,26.25
CS4300_show_trace.m,75.0,30,100.0,45,100.0,100.0
CS4300_show_tree.m,70.572,60,64.29,75,100.0,53.57
CS4300_Tell.m,69.0,60,56.67,75,100.0,53.33
CS4300_traceback.m,75.0,30,100.0,45,100.0,100.0
CS4300_update.m,79.79,100,67.37,100,100.0,31.58
CS4300_WP_estimates.m,72.516,60,72.41,75,100.0,55.17
CS4300_Wumpus_BFS.m,88.456,100,88.64,90,100.0,63.64
CS4300_Wumpus_DFS.m,88.91,100,88.64,90,100.0,65.91
CS4300_Wumpus_neighbors.m,74.91,60,81.82,60,100.0,72.73
CS4300_Wumpus_new_state.m,68.482,60,70.37,75,100.0,37.04
CS4300_Wumpus_solution.m,71.762,60,76.19,75,100.0,47.62
CS4300_Wumpus_transition.m,84.666,100,85.71,90,100.0,47.62
CS4300_WW1.m,85.058,100,84.31,90,100.0,50.98
CS4300_WW2.m,69.546,60,90.91,15,100.0,81.82
CS4300_WW3.m,64.2,100,74.0,15,100.0,32.0
CS5350_gen_nuke_quake_data.m,66.938,100,95.45,15,100.0,24.24
csa.m,79.102,100,70.51,75,100.0,50.0
csad.m,77.096,100,76.19,45,100.0,64.29
csapsPar.m,71.38,60,58.62,90,100.0,48.28
csa_header.m,73.0,30,87.5,60,100.0,87.5
csc.m,79.472,60,73.68,90,100.0,73.68
cscatter.m,64.0,60,52.94,60,100.0,47.06
cscd.m,58.668,30,66.67,30,100.0,66.67
cscDerivVal.m,73.376,100,75.0,45,100.0,46.88
csch.m,80.966,60,75.86,100,100.0,68.97
CsCl_MD_rndAngle_staged_individualSaves_v6_v3b_mLC_sloGro16k.m,79.374,80,67.2,100,100.0,49.67
CSD.m,76.23,60,76.92,75,100.0,69.23
CSDF.m,78.248,80,61.74,100,100.0,49.5
csdp.m,64.954,80,52.05,60,100.0,32.72
csdpset.m,92.0,100,83.64,100,100.0,76.36
csd_amp.m,84.478,100,76.12,100,100.0,46.27
csd_chan_locations.m,69.464,80,33.55,100,100.0,33.77
csd_generate.m,69.634,80,38.38,100,100.0,29.79
csd_phase.m,83.824,100,75.0,100,100.0,44.12
CSEA.m,84.908,100,78.18,90,100.0,56.36
csearch.m,75.344,80,67.22,100,100.0,29.5
CSEMT.m,75.81,80,57.86,100,100.0,41.19
csFilter.m,69.0,60,75.0,45,100.0,65.0
csf_demo.m,77.282,100,69.81,60,100.0,56.6
csf_predict.m,85.944,80,78.22,100,100.0,71.5
csf_train.m,81.572,100,70.24,90,100.0,47.62
csf_visualize.m,77.91,60,81.82,75,100.0,72.73
csgrid.m,75.29,100,62.32,75,100.0,39.13
csgrid_cfp.m,63.89,30,77.78,45,100.0,66.67
cshift.m,63.284,30,85.71,15,100.0,85.71
cshift2D.m,63.284,30,85.71,15,100.0,85.71
cshift3D.m,72.888,60,94.44,60,100.0,50.0
csi2batch.m,67.092,60,72.73,30,100.0,72.73
csibatch.m,82.06,100,70.59,75,100.0,64.71
csiboost.m,65.546,60,68.18,45,100.0,54.55
csidata.m,74.79,100,72.09,60,100.0,41.86
csidemo.m,76.256,100,65.96,60,100.0,55.32
CSIError.m,72.888,100,69.44,45,100.0,50.0
csifile.m,87.948,100,82.05,100,100.0,57.69
CSII.m,75.128,80,57.31,100,100.0,38.33
CSILegend_Fast.m,86.282,100,79.49,75,100.0,76.92
CSILegend_Slow.m,85.556,100,79.17,100,100.0,48.61
csimca.m,77.566,70,64.97,100,100.0,52.86
csimem.m,82.706,100,72.06,90,100.0,51.47
csimpls.m,79.9,80,76.0,100,100.0,43.5
csiparamsgui.m,79.042,100,72.34,75,100.0,47.87
csiReport.m,74.526,60,78.95,60,100.0,73.68
csirsPanelDimensions.m,73.412,60,94.12,60,100.0,52.94
csiVariation.m,88.182,100,77.27,100,100.0,63.64
csi_plot.m,69.242,100,64.86,30,100.0,51.35
CSL.m,77.374,100,57.81,90,100.0,39.06
CSLBoundaries.m,57.208,80,49.57,15,100.0,41.47
CSM.m,66.964,60,59.26,60,100.0,55.56
CSMaster.m,91.892,100,86.49,100,100.0,72.97
csminit.m,79.51,80,70.63,100,100.0,46.92
CSMInverter.m,77.746,100,54.43,90,100.0,44.3
csminwel.m,79.094,80,73.96,100,100.0,41.51
csmmeta.m,79.39,100,63.41,75,100.0,58.54
CSM_app_start.m,80.0,100,80.0,60,100.0,60.0
csnr.m,68.666,30,100.0,30,100.0,83.33
CSO.m,75.0,60,80.0,75,100.0,60.0
csolve.m,77.752,80,74.34,90,100.0,44.42
csp.m,67.0,60,80.0,15,100.0,80.0
cspace3.m,82.706,100,68.63,90,100.0,54.9
CSPargusFilename.m,79.176,100,61.86,100,100.0,34.02
Csparse.m,77.42,80,66.5,100,100.0,40.6
CsparsePx.m,78.428,100,68.57,75,100.0,48.57
CsparsePy.m,71.666,60,70.0,75,100.0,53.33
CsparsePz.m,76.474,60,78.95,75,100.0,68.42
CSPcorrectAEDT_AEST.m,78.546,60,90.91,60,100.0,81.82
CSPepoch2LocalMatlab.m,59.0,30,75.0,15,100.0,75.0
CSPGbulkRectAndMap.m,85.192,80,81.25,100,100.0,64.71
CSPGbulkShorelineMapper.m,69.0,30,100.0,15,100.0,100.0
CSPGcropShorelinePoints.m,83.446,100,75.56,75,100.0,66.67
CSPGdeleteShoreline.m,84.546,60,90.91,90,100.0,81.82
CSPGeditShorelinePoints.m,74.766,100,88.24,15,100.0,70.59
CSPgetImageList.m,77.908,60,77.27,75,100.0,77.27
CSPgetParticipationStatistics.m,83.512,100,85.11,75,100.0,57.45
CSPgetShorelineList.m,79.38,60,80.95,75,100.0,80.95
CSPgetTideLevel.m,58.332,60,58.33,15,100.0,58.33
CSPGgetVirtualGCP.m,77.334,60,88.89,60,100.0,77.78
CSPGloadExistingGeometry.m,84.198,100,74.65,90,100.0,56.34
CSPGloadImage.m,83.944,80,78.51,100,100.0,61.21
CSPGmakeBeachWidthAnimation.m,80.686,80,73.1,90,100.0,60.33
CSPGmakeShorelineChangePlot.m,82.398,80,70.8,100,100.0,61.19
CSPGmakeTransectFiles.m,89.01,100,85.71,100,100.0,59.34
CSPGmakeTrendPlot.m,78.188,80,62.88,100,100.0,48.06
CSPGmapShoreline.m,85.07,100,73.24,100,100.0,52.11
CSPGminusXdays.m,77.75,60,87.5,60,100.0,81.25
CSPGnextImage.m,79.308,60,84.62,75,100.0,76.92
CSPGplotShorelineForecast.m,80.92,100,85.14,60,100.0,59.46
CSPGplusXdays.m,77.75,60,87.5,60,100.0,81.25
CSPGpreviousImage.m,76.308,60,84.62,60,100.0,76.92
CSPGqaShoreline.m,69.0,30,100.0,15,100.0,100.0
CSPGrectifyImage.m,84.694,80,76.47,100,100.0,67.0
CSPGsaveShoreline.m,89.876,100,87.5,90,100.0,71.88
CSPGshiftSLxshore.m,76.412,60,76.47,75,100.0,70.59
cspice_furnsh.m,77.556,60,66.67,100,100.0,61.11
cspice_unload.m,77.556,60,66.67,100,100.0,61.11
CSpline.m,82.118,100,75.0,90,100.0,45.59
CSPloadPaths.m,69.0,30,100.0,15,100.0,100.0
CSPmakeDayTimex.m,77.572,60,89.29,60,100.0,78.57
CSPparseFilename.m,66.25,60,100.0,15,100.0,56.25
CSPplotParticipationStatistics.m,86.538,100,82.93,90,100.0,59.76
CSPprocessEZDetach.m,79.646,100,75.76,75,100.0,47.47
CSPprocessSharePath.m,80.926,100,77.78,75,100.0,51.85
CSPraw2Processed.m,91.08,100,81.08,100,100.0,74.32
CSPraw2ProcessedNoDB.m,88.588,100,79.41,90,100.0,73.53
CSPreadSiteDB.m,75.666,100,86.36,45,100.0,46.97
cspselect_directorsCut.m,74.0,60,77.27,60,100.0,72.73
cspselect_equalPerClass.m,59.0,30,75.0,15,100.0,75.0
cspselect_fixedNumber.m,76.0,60,80.0,75,100.0,65.0
CSPsetPaths.m,66.0,30,100.0,0,100.0,100.0
CSPtagRegisteredImages.m,72.482,60,93.1,30,100.0,79.31
CSPtagRegisteredImagesNoTide.m,74.298,60,96.3,30,100.0,85.19
cspy.m,77.0,30,90.0,75,100.0,90.0
csqi.m,76.896,60,72.41,90,100.0,62.07
CSRKDApredict.m,77.0,60,76.92,75,100.0,73.08
CSRKDAtrain.m,76.0,100,66.25,75,100.0,38.75
CSR_Fusion.m,78.396,100,73.58,75,100.0,43.4
csr_to_sparse.m,71.168,60,66.67,75,100.0,54.17
cssmooth.m,75.408,80,56.16,100,100.0,40.88
cssp_off2on.m,78.778,100,80.0,45,100.0,68.89
CSSVC.m,80.596,100,61.19,100,100.0,41.79
cst2coordinates.m,70.982,100,52.54,60,100.0,42.37
CstActivateLocalWCS.m,63.222,60,61.11,45,100.0,50.0
CstAdd.m,62.0,30,83.33,30,100.0,66.67
CstAir.m,75.048,100,88.1,30,100.0,57.14
CstAlignWCSwithFace.m,72.0,30,100.0,30,100.0,100.0
CstAlignWCSwithPoint.m,72.0,30,100.0,30,100.0,100.0
Cstblood.m,75.166,100,100.0,30,100.0,45.83
CstBone.m,76.154,100,100.0,30,100.0,50.77
Cstbrick.m,62.0,60,65.0,30,100.0,55.0
CstCopperAnnealedLossy.m,75.02,100,96.08,30,100.0,49.02
CstCopperPureLossy.m,71.862,80,94.64,30,100.0,54.67
Cstcreatedielectricmaterial.m,79.514,100,97.3,30,100.0,70.27
Cstcylinder.m,73.112,100,63.89,60,100.0,41.67
CstDefaultUnits.m,71.078,60,92.31,30,100.0,73.08
CstDefineBackroundMaterial.m,72.494,100,93.51,30,100.0,38.96
CstDefineEfieldMonitor.m,68.0,60,81.25,30,100.0,68.75
CstDefineFarfieldMonitor.m,66.236,60,76.47,30,100.0,64.71
CstDefineFrequencydomainSolver.m,67.014,80,80.6,30,100.0,44.47
CstDefineFrequencyRange.m,63.334,60,66.67,30,100.0,60.0
CstDefineHfieldMonitor.m,68.0,60,81.25,30,100.0,68.75
CstDefineOpenBoundary.m,76.212,100,91.8,45,100.0,44.26
CstDefineTimedomainSolver.m,70.174,60,91.3,30,100.0,69.57
CstDefineUnits.m,69.25,60,87.5,30,100.0,68.75
cstdeviations.m,70.078,60,61.54,75,100.0,53.85
CstDiscreteFacePort.m,68.4,60,84.0,30,100.0,68.0
CstDiscretePort.m,75.272,60,100.0,30,100.0,86.36
cstDyn.m,67.808,60,61.9,60,100.0,57.14
cstep.m,72.378,80,57.58,90,100.0,34.31
cstepHess.m,65.666,30,100.0,15,100.0,83.33
cstepJacobian.m,76.384,60,100.0,45,100.0,76.92
CstExportFarfieldSource.m,74.53,100,94.12,30,100.0,48.53
CstExportFarfieldSourceAngleStep.m,74.954,100,95.52,30,100.0,49.25
CstExportFarfieldSourceAngleStepOrigin.m,77.22,100,93.15,45,100.0,47.95
CstExportSparametersTXT.m,66.0,30,90.0,30,100.0,80.0
CstExportTouchstone.m,70.0,60,86.67,30,100.0,73.33
cstfoilsurf.m,53.0,30,60.0,15,100.0,60.0
CstFR4lossy.m,77.892,100,97.3,30,100.0,62.16
CstLoadSparametterTXT.m,72.0,30,100.0,30,100.0,100.0
cstmatrix.m,65.0,60,65.0,45,100.0,55.0
CstMeshInitiator.m,64.088,60,69.57,30,100.0,60.87
CstMuscle.m,75.166,100,100.0,30,100.0,45.83
CstPickEdge.m,72.0,30,100.0,30,100.0,100.0
CstPickFace.m,72.0,30,100.0,30,100.0,100.0
CstPickMidPoint.m,72.0,30,100.0,30,100.0,100.0
CstPlaneWaveExcitation.m,75.142,60,100.0,30,100.0,85.71
CstQuitProject.m,72.0,30,100.0,30,100.0,100.0
cstrcmp.m,68.286,60,64.29,60,100.0,57.14
cstrDiscr.m,70.706,100,73.53,30,100.0,50.0
cstring.m,77.5,60,75.0,90,100.0,62.5
CstRogersTMM10ilossy.m,77.054,100,94.74,30,100.0,60.53
cstructdecode.m,81.232,100,64.62,100,100.0,41.54
CSTR_breach.m,81.648,80,72.15,100,100.0,56.09
CSTR_evaluation.m,81.232,100,75.32,75,100.0,55.84
CSTR_staliro.m,81.024,80,74.59,100,100.0,50.53
CstSaveAsProject.m,72.0,30,100.0,30,100.0,100.0
CstSaveProject.m,72.0,30,100.0,30,100.0,100.0
cstSlackPower.m,68.286,60,64.29,60,100.0,57.14
CstSphere.m,70.942,60,88.24,30,100.0,76.47
CstSubtract.m,62.0,30,83.33,30,100.0,66.67
CstTDMMeshSettings.m,71.238,100,86.9,30,100.0,39.29
CstTeflonPTFElossy.m,76.952,100,97.62,30,100.0,57.14
CstWaveguidePort.m,71.334,60,100.0,30,100.0,66.67
cst_footVel.m,72.0,60,66.67,75,100.0,58.33
cst_heelStrike.m,78.0,100,59.42,90,100.0,40.58
cst_stepLength.m,70.528,60,58.82,75,100.0,58.82
csubtract.m,63.89,30,88.89,45,100.0,55.56
csum.m,71.8,60,68.0,75,100.0,56.0
CSV.m,76.066,100,47.54,100,100.0,32.79
csv2mat.m,76.362,80,73.42,75,100.0,53.39
csvBtoK.m,68.0,30,100.0,30,100.0,80.0
csvd.m,65.904,60,57.14,60,100.0,52.38
CsvMeasurementReaderX (DESKTOP-AJ95VLG's conflicted copy 2019-07-15).m,81.236,100,68.04,100,100.0,38.14
CsvMeasurementReaderX.m,79.796,100,67.95,90,100.0,41.03
csvread.m,81.666,100,63.33,100,100.0,45.0
csv_Callback.m,72.696,60,73.91,60,100.0,69.57
csv_data.m,76.94,60,82.35,60,100.0,82.35
csv_element.m,78.546,60,90.91,60,100.0,81.82
csv_load.m,82.0,60,88.0,90,100.0,72.0
csv_lookup.m,74.91,60,81.82,60,100.0,72.73
csw_scheme.m,80.472,60,94.12,60,100.0,88.24
csw_search.m,82.324,100,80.65,60,100.0,70.97
csys_print.m,69.334,60,75.0,45,100.0,66.67
csys_printf.m,65.0,30,83.33,45,100.0,66.67
CS_1D_demo.m,66.276,60,79.31,30,100.0,62.07
CS_2D.m,61.53,70,31.1,75,100.0,31.55
CS_2D_A.m,65.21,70,34.71,90,100.0,31.34
CS_3D.m,64.866,70,40.64,75,100.0,38.69
CS_3D_A.m,70.194,80,57.4,75,100.0,38.57
cs_compute.m,82.036,80,71.68,90,100.0,68.5
cs_convert.m,77.916,80,60.9,100,100.0,48.68
cs_example.m,61.556,30,88.89,0,100.0,88.89
CS_GBP.m,79.166,80,65.07,100,100.0,50.76
CS_Imaging_Demo.m,72.486,100,81.08,30,100.0,51.35
CS_Imaging_Demo_Color.m,80.108,100,78.38,60,100.0,62.16
CS_Imaging_Demo_DVAMP.m,78.404,100,80.85,75,100.0,36.17
CS_Imaging_Demo_LDAMP.m,69.462,100,78.46,15,100.0,53.85
CS_Imaging_Demo_RED.m,63.896,100,77.92,0,100.0,41.56
cs_jacobian.m,75.428,60,85.71,60,100.0,71.43
CS_LAB_GUI.m,69.626,70,37.98,100,100.0,40.15
cs_main.m,68.75,70,42.49,100,100.0,31.26
cs_mni2mri.m,55.668,30,66.67,15,100.0,66.67
cs_mri2mni.m,75.666,60,83.33,60,100.0,75.0
cs_mri2scs.m,75.666,60,83.33,60,100.0,75.0
cs_nii2bst.m,77.358,100,80.36,60,100.0,46.43
CS_reconstruction.m,66.638,70,59.27,60,100.0,43.92
cs_results.m,69.914,100,82.61,30,100.0,36.96
cs_scs2mri.m,55.668,30,66.67,15,100.0,66.67
ct2lg_GT.m,82.096,100,83.87,75,100.0,51.61
CTAEA.m,84.49,100,73.47,100,100.0,48.98
CtC_anis.m,71.23,100,57.69,60,100.0,38.46
CTDI.m,67.152,60,65.38,45,100.0,65.38
ctdpreen.m,59.0,30,100.0,15,100.0,50.0
ctd_bincast.m,72.534,100,72.0,60,100.0,30.67
ctd_binning.m,71.828,100,87.88,45,100.0,26.26
ctd_bins.m,73.63,60,85.19,60,100.0,62.96
CTD_chipod_profile_summary.m,66.866,100,57.33,45,100.0,32.0
CTD_chipod_profile_summary_v2.m,67.158,100,56.58,45,100.0,34.21
ctd_cleanup.m,76.118,100,72.06,60,100.0,48.53
ctd_cleanup2.m,64.622,100,72.97,15,100.0,35.14
ctd_cleanup_1hz.m,77.184,100,74.07,60,100.0,51.85
ctd_correction.m,71.222,80,63.64,75,100.0,37.47
ctd_correction2.m,69.848,80,57.79,75,100.0,36.45
ctd_correction_updn.m,67.57,60,60.71,60,100.0,57.14
ctd_oxygen_lag.m,77.714,100,71.43,60,100.0,57.14
ctd_rd.m,76.194,80,58.26,100,100.0,42.71
ctd_rd_jn.m,76.162,80,57.96,100,100.0,42.85
ctd_rmdepthloops.m,79.272,100,90.91,60,100.0,45.45
ctd_rmloops.m,80.068,100,70.11,90,100.0,40.23
ctd_rmloops2.m,80.758,100,71.26,90,100.0,42.53
ctd_switch.m,72.142,30,100.0,45,100.0,85.71
ctestfun.m,65.91,60,81.82,15,100.0,72.73
ctf2eeglab.m,83.83,80,67.65,100,100.0,71.5
ctf2eeglab_gui.m,78.836,100,77.22,60,100.0,56.96
ctf2grad.m,71.918,70,55.04,100,100.0,34.55
ctf_add_coil_defs.m,79.702,80,73.79,100,100.0,44.72
ctf_avw2mri.m,71.982,100,52.83,75,100.0,32.08
ctf_baseline.m,57.472,60,41.18,45,100.0,41.18
ctf_channel2eeglab.m,66.332,60,70.83,30,100.0,70.83
ctf_channel_bad.m,62.21,60,63.16,30,100.0,57.89
ctf_channel_metrics.m,77.896,100,72.37,75,100.0,42.11
ctf_channel_plot.m,80.43,100,61.29,100,100.0,40.86
ctf_channel_select.m,82.988,100,80.46,100,100.0,34.48
ctf_channel_select1020.m,84.746,100,67.8,100,100.0,55.93
ctf_channel_sets.m,63.062,80,51.41,60,100.0,23.9
ctf_channel_unit.m,59.176,60,52.94,30,100.0,52.94
ctf_check_eog.m,74.958,80,65.29,90,100.0,39.5
ctf_eeglab_jtfa_script.m,75.836,100,73.97,60,100.0,45.21
ctf_eog.m,73.16,70,56.76,100,100.0,39.04
ctf_filter.m,76.394,100,55.81,75,100.0,51.16
ctf_folder.m,74.258,100,51.85,75,100.0,44.44
ctf_get_files.m,79.064,80,57.98,100,100.0,57.34
ctf_head2mri.m,64.004,80,49.02,30,100.0,61.0
ctf_import2sync.m,67.0,60,100.0,0,100.0,75.0
ctf_jtfa_comp.m,73.648,80,66.67,75,100.0,46.57
ctf_jtfa_topo.m,80.084,100,69.49,75,100.0,55.93
ctf_mri2avw.m,77.222,100,69.44,75,100.0,41.67
ctf_mri2brainstorm.m,65.636,100,58.18,30,100.0,40.0
ctf_mri2head.m,60.226,100,49.48,30,100.0,21.65
ctf_mri_make.m,61.62,80,56.2,45,100.0,26.9
ctf_plot.m,72.082,80,41.22,100,100.0,39.19
ctf_print_setup.m,84.444,100,83.33,75,100.0,63.89
ctf_read.m,69.758,60,62.07,75,100.0,51.72
ctf_read_badchannels.m,70.926,100,44.44,75,100.0,35.19
ctf_read_classfile.m,72.93,80,46.94,100,100.0,37.71
ctf_read_epochs.m,74.89,80,55.04,100,100.0,39.41
ctf_read_fiducials.m,75.818,100,63.27,75,100.0,40.82
ctf_read_gui.m,76.324,70,58.18,100,100.0,53.44
ctf_read_headshape.m,77.638,100,54.55,90,100.0,43.64
ctf_read_markerfile.m,74.942,80,58.04,90,100.0,46.67
ctf_read_meg4.m,72.534,80,47.02,100,100.0,35.65
ctf_read_res4.m,78.12,70,74.31,100,100.0,46.29
ctf_read_svl.m,70.516,100,69.7,45,100.0,37.88
ctf_regions.m,67.684,80,57.06,75,100.0,26.36
ctf_rename_ds.m,74.586,80,58.26,90,100.0,44.67
ctf_resample.m,68.57,80,41.85,90,100.0,31.0
ctf_seek.m,83.824,100,76.47,75,100.0,67.65
ctf_stim2dat.m,81.444,100,64.95,100,100.0,42.27
ctf_stim_sortRT.m,75.186,60,66.67,90,100.0,59.26
ctf_write_ascii.m,77.028,100,48.65,100,100.0,36.49
ctf_write_headshape.m,74.454,80,50.45,90,100.0,51.82
ctf_write_meg4.m,80.142,100,65.71,75,100.0,60.0
ctf_write_mrishape.m,73.99,80,50.88,90,100.0,49.07
ctf_write_sam_targets.m,79.026,100,53.85,90,100.0,51.28
CTImageRotation.m,75.246,70,62.73,100,100.0,43.5
CTimeleft.m,79.8,100,60.0,100,100.0,39.0
ctin.m,69.218,60,69.57,60,100.0,56.52
CTMC_Price_Equity_Cap.m,74.566,80,60.0,90,100.0,42.83
CTM_to_Euler.m,57.572,30,71.43,15,100.0,71.43
ctpole.m,74.334,100,66.67,45,100.0,60.0
ctps_gen.m,76.524,80,57.36,100,100.0,45.26
ctps_plot_grid.m,62.706,60,64.71,30,100.0,58.82
ctps_plot_gridbox.m,83.032,100,63.64,100,100.0,51.52
ctps_plot_grid_gen.m,73.39,100,78.05,45,100.0,43.9
ctps_plot_grid_gen1.m,83.438,100,71.88,100,100.0,45.31
ctps_warp_pts.m,65.334,60,56.67,60,100.0,50.0
ctrace.m,77.222,100,66.67,75,100.0,44.44
ctraj.m,72.716,60,64.29,75,100.0,64.29
ctrans.m,72.0,30,100.0,30,100.0,100.0
ctransform.m,74.942,100,64.71,60,100.0,50.0
ctransp.m,77.588,60,82.35,75,100.0,70.59
ctranspose.m,74.59,60,88.24,60,100.0,64.71
ctranspose2x2.m,59.0,30,83.33,15,100.0,66.67
ctranspose3x3.m,55.0,30,90.0,15,100.0,40.0
ctransposeDONTUSE.m,69.0,30,100.0,15,100.0,100.0
ctransposefactor.m,73.556,30,88.89,60,100.0,88.89
ctrb.m,69.6,60,72.0,60,100.0,56.0
ctrBatchCreateContrackFiles.m,75.804,80,66.67,90,100.0,42.35
ctrBatchScore.m,79.19,80,72.13,90,100.0,53.82
ctrbf_ip.m,67.956,60,78.26,45,100.0,56.52
ctrCreate.m,83.048,100,97.56,75,100.0,42.68
ctrFilename.m,81.428,60,85.71,90,100.0,71.43
ctrGet.m,83.176,100,95.29,90,100.0,30.59
ctril.m,80.834,100,56.25,100,100.0,47.92
ctrInit.m,71.322,80,44.22,100,100.0,32.39
ctrInitBatchParams.m,68.5,100,71.88,30,100.0,40.62
ctrInitBatchScore.m,75.152,80,61.58,90,100.0,44.18
ctrInitBatchTrack.m,77.328,80,64.02,100,100.0,42.62
ctrInitParamsFile.m,73.904,100,53.42,75,100.0,41.1
ctriu.m,80.418,100,54.17,100,100.0,47.92
ctrl5_2_3ctrl.m,77.794,60,100.0,60,100.0,68.97
ctrl5_2_3ESO.m,82.0,100,97.22,60,100.0,52.78
ctrl5_2_3obj.m,82.322,100,100.0,60,100.0,51.61
ctrl5_2_3tran.m,82.624,100,100.0,60,100.0,53.12
CtrlAffineSys.m,81.634,100,69.39,100,100.0,38.78
ctrlCbfClfQp.m,76.08,80,55.12,100,100.0,45.28
ctrlCbfQp.m,83.514,100,67.57,100,100.0,50.0
ctrlClfQp.m,75.634,80,53.17,100,100.0,45.0
CtrlEnum.m,67.5,30,87.5,45,100.0,75.0
ctrlEnvironment.m,77.824,80,64.29,100,100.0,44.83
CtrlEnv_Case_test.m,71.024,100,51.22,60,100.0,43.9
CtrlEnv_generateMarkdown.m,71.848,60,84.62,30,100.0,84.62
CtrlEnv_harness_setup.m,62.928,100,60.98,0,100.0,53.66
CtrlEnv_loadCase.m,76.394,100,55.81,75,100.0,51.16
CtrlEnv_loadCase_Constant.m,72.578,60,84.21,45,100.0,73.68
CtrlEnv_loadCase_FTP75.m,73.632,60,84.21,45,100.0,78.95
CtrlEnv_loadCase_HighSpeed.m,72.578,60,84.21,45,100.0,73.68
CtrlEnv_loadCase_SimpleDrivePattern.m,72.578,60,84.21,45,100.0,73.68
CtrlEnv_plotResults.m,82.626,100,84.38,60,100.0,68.75
CtrlEnv_refsub_Basic_params.m,66.0,30,100.0,0,100.0,100.0
CtrlEnv_runtests.m,69.666,100,68.33,30,100.0,50.0
CtrlEnv_UnitTest_MQC.m,70.956,100,51.06,75,100.0,28.72
CtrlEnv_Vehicle_generateMarkdown.m,71.848,60,84.62,30,100.0,84.62
CtrlEnv_Vehicle_getMotorSpeedFromVehicleSpeed.m,67.364,60,68.18,45,100.0,63.64
CtrlEnv_Vehicle_harness_setup.m,66.0,30,100.0,0,100.0,100.0
CtrlEnv_Vehicle_loadSimulationCase.m,75.778,100,66.67,60,100.0,52.22
CtrlEnv_Vehicle_plotResults.m,72.334,60,79.17,60,100.0,62.5
CtrlEnv_Vehicle_refsub_params.m,57.334,60,66.67,0,100.0,60.0
CtrlEnv_Vehicle_runtests.m,69.104,100,65.52,30,100.0,50.0
CtrlEnv_Vehicle_setInitialConditions.m,78.296,100,70.37,60,100.0,61.11
CtrlEnv_Vehicle_UnitTest_MQC.m,70.076,100,50.0,60,100.0,40.38
ctrLoad.m,76.446,100,69.88,75,100.0,37.35
ctrl_analysis_MAIN.m,82.654,80,75.41,100,100.0,57.86
ctrl_ARC.m,85.666,100,68.33,100,100.0,60.0
ctrl_LARC_GSC.m,78.988,80,65.38,100,100.0,49.56
ctrl_lat.m,66.956,80,71.56,45,100.0,38.22
ctrl_LC.m,85.5,100,80.0,75,100.0,72.5
ctrl_lon.m,66.992,80,71.03,45,100.0,38.93
ctrl_reach_unit_tests_script.m,46.0,30,50.0,0,100.0,50.0
ctrl_scheduler_GUAM.m,74.11,80,71.15,90,100.0,29.4
CTRNN_Cartpole_reach.m,67.174,60,86.96,15,100.0,73.91
CTRNN_Cartpole_reach_mid.m,67.174,60,86.96,15,100.0,73.91
CTRNN_Cartpole_reach_short.m,67.174,60,86.96,15,100.0,73.91
CTRNN_FPA.m,65.63,100,68.52,30,100.0,29.63
CTRNN_FPA_mid.m,67.174,60,86.96,15,100.0,73.91
CTRNN_FPA_reach.m,66.306,60,86.96,15,100.0,69.57
CTRNN_FPA_short.m,67.174,60,86.96,15,100.0,73.91
ctrPDFFile.m,86.334,100,75.0,100,100.0,56.67
ctrROIMaskFile.m,66.0,60,63.33,60,100.0,46.67
ctrSave.m,83.8,100,78.0,75,100.0,66.0
ctrScript.m,82.0,100,68.0,90,100.0,52.0
ctrSet.m,80.476,100,96.43,75,100.0,30.95
ctrWMProbFile.m,66.0,60,66.67,45,100.0,58.33
ctScale.m,61.078,60,61.54,30,100.0,53.85
CTSEA.m,88.57,100,77.14,100,100.0,65.71
ctx2hst.m,71.436,60,82.61,45,100.0,69.57
ct_beta_study.m,69.572,60,76.19,45,100.0,66.67
ct_fan_beam_example.m,78.212,80,60.17,90,100.0,60.89
ct_geom.m,74.902,70,63.92,100,100.0,40.59
ct_geom_par.m,74.956,70,62.96,100,100.0,41.82
CT_image_module_tags.m,54.468,100,50.67,15,100.0,6.67
ct_sys.m,78.2,100,90.0,45,100.0,56.0
Cu.m,69.216,80,72.39,75,100.0,18.69
cub.m,71.666,30,100.0,45,100.0,83.33
Cubature2D.m,70.428,60,82.14,60,100.0,50.0
CubatureData2D.m,54.38,70,98.15,0,100.0,3.75
CubatureVolumeMesh2D.m,70.088,60,65.22,60,100.0,65.22
cubature_KF_points.m,73.856,60,85.71,45,100.0,78.57
cubature_sampling.m,69.666,60,100.0,30,100.0,58.33
cube.m,78.874,100,81.25,60,100.0,53.12
cube2ball.m,70.244,100,69.7,30,100.0,51.52
cube2quat.m,65.332,30,83.33,30,100.0,83.33
cubeAFEM.m,66.0,30,100.0,0,100.0,100.0
cubeafemdata.m,61.078,60,61.54,30,100.0,53.85
cubeAfemQuadCurl.m,75.516,80,80.58,45,100.0,72.0
cubeAFEMQuadCurl1.m,70.632,80,77.4,45,100.0,50.76
cubegradmesh.m,78.678,100,87.1,45,100.0,61.29
cubehelix.m,87.646,100,83.82,100,100.0,54.41
cubehexgradmesh.m,72.666,60,87.5,45,100.0,70.83
cubehexmesh.m,65.588,60,94.12,15,100.0,58.82
CubeMap2Direction.m,73.242,100,72.73,45,100.0,48.48
cubeMaxwell.m,80.112,100,88.89,45,100.0,66.67
cubeMaxwell1.m,71.104,60,89.66,30,100.0,75.86
cubeMaxwell2.m,71.794,60,89.66,30,100.0,79.31
cubeMaxwellH.m,78.374,100,78.12,45,100.0,68.75
cubeMaxwellSaddle.m,76.234,100,90.7,30,100.0,60.47
cubeMaxwellSaddle1.m,78.272,100,90.91,30,100.0,70.45
cubemesh.m,81.666,100,83.33,75,100.0,50.0
cubePoisson.m,75.714,100,85.71,30,100.0,62.86
cubePoisson3RT0.m,78.392,60,100.0,45,100.0,86.96
cubePoissoncvtmesh.m,77.57,60,85.71,60,100.0,82.14
cubePoissonP2.m,79.27,100,83.78,45,100.0,67.57
cubePoissonQ1.m,76.556,100,86.11,30,100.0,66.67
cubeslift.m,66.882,60,70.59,45,100.0,58.82
cubeStokes.m,78.796,100,83.67,45,100.0,65.31
cube_five_tessellation.m,70.668,60,90.48,60,100.0,42.86
cube_performance.m,68.37,60,77.78,30,100.0,74.07
cube_stackable_tessellation.m,70.364,60,90.91,60,100.0,40.91
cube_to_orientmap.m,69.6,100,62.0,60,100.0,26.0
cubical_averaging.m,76.5,100,81.25,45,100.0,56.25
cubical_downsampling.m,82.318,100,78.05,75,100.0,58.54
cubical_partition.m,80.0,100,56.72,100,100.0,43.28
cubicBezierToPolyline.m,80.79,100,74.42,90,100.0,39.53
CubicExpInterp.m,74.274,60,72.73,75,100.0,63.64
cubicfcn.m,79.428,100,71.43,90,100.0,35.71
CubicInterpolation.m,83.666,100,70.0,100,100.0,48.33
cubicPlot.m,66.0,30,100.0,0,100.0,100.0
cubicroots.m,77.5,100,65.0,75,100.0,47.5
CubicTimeScaling.m,72.0,30,100.0,30,100.0,100.0
cubic_arc_length.m,74.238,80,76.19,75,100.0,40.0
cubic_cubic_integrated_distance.m,73.69,100,73.24,60,100.0,35.21
cubic_cubic_intersect.m,75.872,100,70.97,60,100.0,48.39
cubic_disp_2d.m,83.364,60,90.91,75,100.0,90.91
cubic_disp_3d.m,83.364,60,90.91,75,100.0,90.91
cubic_disp_and_warp_and_grad_3d.m,70.364,60,72.73,60,100.0,59.09
cubic_eval.m,67.0,30,100.0,30,100.0,75.0
cubic_flat_eval.m,79.0,60,91.67,60,100.0,83.33
cubic_is_flat.m,65.334,30,88.89,30,100.0,77.78
cubic_partial_conv_2d.m,83.364,60,90.91,75,100.0,90.91
cubic_partial_conv_3d.m,83.364,60,90.91,75,100.0,90.91
cubic_roots.m,62.0,60,68.0,30,100.0,52.0
cubic_simplify.m,81.534,80,79.17,90,100.0,58.5
cubic_spline.m,72.4,100,60.0,60,100.0,42.0
cubic_spline_curve.m,75.2,100,68.0,60,100.0,48.0
cubic_spline_fourier.m,57.89,30,77.78,15,100.0,66.67
cubic_split.m,64.0,30,100.0,30,100.0,60.0
cubic_subdivide.m,76.79,60,94.74,45,100.0,84.21
cubic_tangent.m,69.142,30,100.0,30,100.0,85.71
cubic_uniformly_sample.m,79.68,80,60.4,100,100.0,58.0
cubic_vertex_removal.m,78.912,80,67.45,100,100.0,47.11
cubic_winding_number.m,82.142,100,73.21,100,100.0,37.5
cubInfoUpdate.m,70.6,100,60.0,45,100.0,48.0
cubKalMeasPred.m,71.5,100,67.19,45,100.0,45.31
cubKalUpdate.m,69.656,100,59.02,45,100.0,44.26
cubKalUpdateWithPred.m,75.5,100,77.5,45,100.0,55.0
cubMap.m,73.306,80,48.91,100,100.0,37.62
cubMapPoint.m,64.078,60,61.54,45,100.0,53.85
cubo2homo.m,70.244,100,69.7,30,100.0,51.52
cubochoric.m,60.456,60,72.73,15,100.0,54.55
cubochoricPlot.m,80.512,100,51.28,100,100.0,51.28
cuboidmesh.m,70.95,100,68.29,45,100.0,41.46
cuboidVolume.m,61.0,30,80.0,15,100.0,80.0
cuboid_cuboid_compat.m,81.332,100,68.18,90,100.0,48.48
cuboid_im.m,77.782,80,66.67,100,100.0,42.24
cuboid_prm2pts.m,67.0,60,93.33,15,100.0,66.67
cuboid_proj.m,81.332,80,67.66,100,100.0,59.0
cuboid_pts2hyp.m,71.0,30,90.0,45,100.0,90.0
cuboid_pts2prm.m,61.666,60,73.33,15,100.0,60.0
cuboid_pts2prm_incomp.m,71.692,60,73.08,60,100.0,65.38
cuboRegionId.m,63.454,60,81.82,30,100.0,45.45
cubRsol.m,60.572,30,71.43,30,100.0,71.43
cubSplineInterpSimp.m,72.0,30,100.0,30,100.0,100.0
cub_demo.m,71.142,100,60.71,45,100.0,50.0
cudaica.m,74.694,70,58.64,100,100.0,44.83
cudaica_EEG.m,75.0,30,100.0,45,100.0,100.0
cudaica_EEG_interp_scalpmaps.m,81.298,100,75.93,75,100.0,55.56
cudaica_lowrank.m,88.694,100,80.43,100,100.0,63.04
cudnnInstall.m,74.946,100,67.57,45,100.0,62.16
cuhk_word2_pool.m,71.636,80,78.82,60,100.0,39.36
cuhk_word2_pool_vgg16.m,71.796,80,78.91,60,100.0,40.07
cuhk_word2_Rankloss.m,69.218,60,65.22,60,100.0,60.87
cuhk_word2_Rankloss_vgg16.m,69.218,60,65.22,60,100.0,60.87
cullArriveDepartCombosPerCB.m,76.2,100,64.0,75,100.0,42.0
cum2mom.m,69.834,60,66.67,60,100.0,62.5
cum4.m,73.564,60,73.91,60,100.0,73.91
cumbitor.m,83.668,60,91.67,75,100.0,91.67
cumGamma.m,53.0,30,60.0,15,100.0,60.0
cumGaussian.m,53.0,30,60.0,15,100.0,60.0
cumLeapSec.m,67.0,30,80.0,45,100.0,80.0
cummax.m,83.396,100,66.04,100,100.0,50.94
cummErrorCurve.m,63.5,60,56.25,45,100.0,56.25
cummin.m,72.0,60,62.5,75,100.0,62.5
cumprod.m,81.58,100,67.11,100,100.0,40.79
CumPwrStorageStateOfChargeConstraint.m,75.558,80,53.9,100,100.0,43.89
cumsum.m,77.0,60,80.0,75,100.0,70.0
cumsum2.m,71.332,30,83.33,60,100.0,83.33
cumsum3.m,70.154,60,69.23,60,100.0,61.54
cumsummat.m,70.0,30,87.5,45,100.0,87.5
cumtrapz.m,79.566,60,82.61,90,100.0,65.22
cumtrapzf.m,70.666,60,73.33,60,100.0,60.0
cumulant.m,79.626,100,96.88,45,100.0,56.25
cumulants4Moments.m,70.742,80,60.38,60,100.0,53.33
cumulative_histogram_mapping.m,76.43,100,64.29,75,100.0,42.86
cunion.m,74.0,60,56.67,100,100.0,53.33
cunique.m,71.0,60,75.0,45,100.0,75.0
curateAgainstBacDiveData.m,74.238,70,73.23,75,100.0,52.96
curateATPmetabolism.m,68.332,100,52.22,45,100.0,44.44
curateBiomassReactions.m,68.222,100,68.69,30,100.0,42.42
curateDuplicatedRxns.m,69.552,80,53.43,60,100.0,54.33
curateExchangeRxns.m,70.936,100,63.44,45,100.0,46.24
curateExchangeRxns_issue117.m,63.476,80,52.45,45,100.0,39.93
curateGrowthRequirements.m,78.474,70,65.7,100,100.0,56.67
curateHMR2Mets.m,78.322,80,79.31,90,100.0,42.3
curateLipidPools.m,65.746,80,59.62,45,100.0,44.11
curateMetFormula4PAPS.m,74.858,100,62.34,60,100.0,51.95
curateMetsRxnsGenes.m,80.988,80,75.18,100,100.0,49.76
curateMitochMembraneComp.m,69.91,80,63.58,60,100.0,45.97
curateModelECcodes.m,75.078,100,64.62,60,100.0,50.77
curateModelSubsystems.m,66.0,60,76.0,30,100.0,64.0
curateRxnAssoc.m,62.77,60,84.62,0,100.0,69.23
curator.m,73.558,100,68.83,60,100.0,38.96
curFaster.m,71.334,60,100.0,30,100.0,66.67
curFasterKernel.m,70.5,60,100.0,30,100.0,62.5
curl.m,81.872,100,70.97,90,100.0,48.39
Curl2D.m,72.428,60,78.57,45,100.0,78.57
Curl3D.m,55.0,60,65.0,15,100.0,35.0
curlbasis.m,67.0,60,93.33,15,100.0,66.67
CurlCurl2dNd0.m,77.028,80,74.14,75,100.0,56.0
curlu3.m,81.43,60,89.29,90,100.0,67.86
curlu3CR.m,79.334,60,100.0,45,100.0,91.67
curlyhat.m,72.0,30,100.0,30,100.0,100.0
curl_animation_Youtube.m,71.338,100,70.13,45,100.0,41.56
curl_example_plots.m,59.286,60,71.43,15,100.0,50.0
curOri2CanOri.m,82.77,60,80.77,100,100.0,73.08
curPrototype.m,67.556,30,100.0,30,100.0,77.78
current.m,49.0,30,50.0,15,100.0,50.0
currentlyOpenFile.m,62.332,60,53.33,45,100.0,53.33
currentlyOpenFiles.m,71.0,30,90.0,45,100.0,90.0
CurrentTesterRoomba.m,69.5,60,62.5,75,100.0,50.0
current_dipole.m,64.0,60,65.0,45,100.0,50.0
current_sensor.m,69.57,100,73.21,30,100.0,44.64
curseDimensionality.m,74.75,60,87.5,45,100.0,81.25
CursorDataPoint-1Point.m,70.0,30,87.5,45,100.0,87.5
CursorDataPoint.m,70.556,30,88.89,45,100.0,88.89
cursorLocation.m,80.54,100,62.16,100,100.0,40.54
Curvature.m,69.0,30,100.0,15,100.0,100.0
curvatureAnalysis_drive.m,74.672,80,75.36,75,100.0,43.0
curvaturedensity.m,66.0,60,67.86,45,100.0,57.14
curvatureTensor.m,64.668,30,66.67,60,100.0,66.67
curvature_2D.m,69.0,60,75.0,60,100.0,50.0
curvature_2D_diff.m,80.666,100,71.11,90,100.0,42.22
curvature_analyze.m,82.254,80,84.72,100,100.0,46.55
curvature_gaussian.m,74.0,60,75.0,60,100.0,75.0
curvature_mean.m,71.768,60,76.92,45,100.0,76.92
curvature_test.m,61.23,60,76.92,0,100.0,69.23
curvcalc_comparison.m,76.444,100,78.35,75,100.0,28.87
curveCentroid.m,84.874,100,68.75,90,100.0,65.62
curveCMoment.m,66.882,60,70.59,45,100.0,58.82
curveCSMoment.m,66.0,60,70.0,45,100.0,55.0
CurvedCNS2D.m,74.702,100,59.46,60,100.0,54.05
CurvedCNSDriver2D.m,75.2,100,72.0,60,100.0,44.0
CurvedCNSdt2D.m,66.236,60,70.59,30,100.0,70.59
CurvedCNSRHS2D.m,69.314,80,71.57,30,100.0,65.0
CurvedDGDiv2D.m,68.828,60,68.97,60,100.0,55.17
CurvedDGGrad2D.m,65.138,60,68.97,45,100.0,51.72
CurvedDGJump2D.m,72.42,60,73.68,60,100.0,68.42
CurvedDGPenalty2D.m,72.8,60,76.0,60,100.0,68.0
CurvedEuler2D.m,75.472,100,67.65,45,100.0,64.71
CurvedEulerDriver2D.m,79.142,100,78.57,60,100.0,57.14
CurvedEulerRHS2D.m,77.07,100,65.52,75,100.0,44.83
CurvedINS2D.m,72.256,100,58.97,60,100.0,42.31
CurvedINSDriver2D.m,74.086,100,82.98,30,100.0,57.45
CurvedINSMatrixSystems2D.m,74.128,100,63.83,60,100.0,46.81
CurvedINSPressureSetUp2D.m,67.244,100,63.64,15,100.0,57.58
CurvedINSViscous2D.m,54.57,30,85.71,0,100.0,57.14
CurvedINSViscousSetUp2D.m,68.5,100,62.5,30,100.0,50.0
CurvedPoissonIPDG2D.m,79.714,100,62.86,90,100.0,45.71
CurvedPoissonIPDGbc2D.m,81.222,100,73.33,75,100.0,57.78
CurvedPoissonIPDGDriver2D.m,69.316,100,71.05,15,100.0,60.53
curveFitting.m,70.0,60,95.0,30,100.0,65.0
curveinterp.m,73.05,80,65.84,75,100.0,44.41
curveLength.m,78.462,60,73.08,90,100.0,69.23
curvelet_fuse.m,68.586,60,79.31,45,100.0,58.62
curvelet_sr_fuse.m,68.586,60,79.31,45,100.0,58.62
curveMoment.m,67.666,60,73.33,45,100.0,60.0
curvemoments.m,79.696,80,68.05,100,100.0,50.43
curvePathOrderFix.m,72.0,60,70.83,75,100.0,54.17
curveToEdgeList.m,77.384,60,69.23,100,100.0,57.69
curveToMesh.m,79.348,100,69.57,75,100.0,52.17
curve_based_triangulation.m,73.762,70,56.19,100,100.0,42.62
curve_ext_multi.m,73.474,60,78.95,60,100.0,68.42
curve_ext_recon.m,75.764,60,82.35,60,100.0,76.47
curve_ext_snr.m,66.884,60,64.71,45,100.0,64.71
curve_smooth.m,87.474,100,81.58,90,100.0,65.79
Curvilinear.m,75.606,80,61.8,100,100.0,36.23
curvs_delFind.m,77.528,100,70.53,75,100.0,42.11
curvs_plot.m,77.714,80,73.78,100,100.0,34.79
custom.m,72.91,100,63.64,60,100.0,40.91
CustomContainer.m,78.134,100,54.67,100,100.0,36.0
CustomContainerTest.m,72.0,100,55.26,60,100.0,44.74
customdatatip_StationGraph.m,59.0,30,80.0,15,100.0,70.0
CustomExample.m,81.462,100,63.41,100,100.0,43.9
CustomFiniteDiffsCalculationMethod.m,77.166,80,56.16,100,100.0,49.67
Customizer.m,66.26,60,48.15,75,100.0,48.15
customizingTheSettingForTheExampleInTheParallelComputingToolbox.m,57.112,30,77.78,0,100.0,77.78
CustomSequence.m,74.0,60,56.67,100,100.0,53.33
customVisibilityCallback.m,78.284,60,85.71,60,100.0,85.71
customWait.m,69.0,30,100.0,15,100.0,100.0
custom_cost.m,72.0,30,100.0,30,100.0,100.0
custom_current_profile.m,67.272,80,59.65,45,100.0,51.71
custom_dataset_example.m,79.166,100,56.25,100,100.0,39.58
custom_lla2flat.m,79.324,100,87.1,45,100.0,64.52
Custom_OptionsGUI.m,72.776,70,49.02,100,100.0,44.86
cut.m,69.0,30,100.0,15,100.0,100.0
cut2unitI.m,58.668,30,66.67,30,100.0,66.67
cutandsaveasSAC.m,80.752,80,74.48,100,100.0,49.28
cutAtFirstFallingEdge.m,72.572,60,71.43,60,100.0,71.43
cutBlocks.m,77.44,100,60.98,75,100.0,51.22
cutBlocksNeural.m,78.93,100,67.86,75,100.0,51.79
cutBlocksNeuralCascade.m,79.746,100,67.8,75,100.0,55.93
CutDatFragment.m,73.358,80,61.29,75,100.0,50.5
cutDetections.m,75.696,60,78.26,75,100.0,65.22
CutEdgesComputer.m,74.364,100,61.9,75,100.0,34.92
cutframe.m,77.668,60,91.67,45,100.0,91.67
cutfunc.m,65.0,30,100.0,15,100.0,80.0
CutFunctionValuesComputer.m,79.178,100,63.24,90,100.0,42.65
cutLocalTrajectoryFromLTPL.m,80.168,100,80.9,75,100.0,44.94
cutLocalTrajectoryFromRaceline.m,85.43,100,82.86,90,100.0,54.29
CutMesh.m,77.332,100,63.33,75,100.0,48.33
cutMeshByPlane.m,78.074,100,59.04,100,100.0,31.33
CutMeshComputerProvisional.m,75.42,70,65.2,100,100.0,41.9
CutMeshFactory.m,80.0,100,61.7,100,100.0,38.3
CutMeshProvisionalLine.m,76.364,100,68.18,75,100.0,38.64
CutMeshProvisionalOthers.m,78.706,80,72.41,100,100.0,41.12
CutMeshProvisionalQuadrilater.m,77.842,80,68.33,100,100.0,40.88
cutMUAP.m,73.092,60,72.73,60,100.0,72.73
cutoff.m,69.224,60,55.56,75,100.0,55.56
CutOffFilter2D.m,69.262,60,68.42,60,100.0,57.89
cutPart.m,80.364,60,90.91,60,100.0,90.91
cutpoint.m,63.306,60,65.38,45,100.0,46.15
CutPointsCalculator.m,76.182,80,65.62,90,100.0,45.29
CutPointsInElemComputer.m,80.246,100,68.37,90,100.0,42.86
cutpolygon.m,73.458,70,60.56,100,100.0,36.73
CutScene.m,78.262,100,68.42,90,100.0,32.89
cutsdp.m,75.34,70,63.5,100,100.0,43.2
cutSpectogramFrequency.m,72.666,60,83.33,45,100.0,75.0
cutZstack.m,81.2,60,84.0,90,100.0,72.0
cut_diverging.m,73.182,60,100.0,15,100.0,90.91
cut_edges.m,73.778,100,77.78,30,100.0,61.11
cut_grid_data.m,67.446,100,91.67,15,100.0,30.56
cut_grid_example.m,65.238,100,80.95,0,100.0,45.24
cut_patch.m,69.57,60,85.71,45,100.0,57.14
cut_path.m,73.026,100,50.62,75,100.0,39.51
cut_quantile.m,70.556,30,88.89,45,100.0,88.89
cut_unnecessary_layers_for_SAC_policy.m,72.0,30,100.0,30,100.0,100.0
CuV2O7.m,58.528,100,55.88,0,100.0,36.76
CV.m,77.978,100,63.83,75,100.0,51.06
CV2XMode4.m,79.962,80,64.93,100,100.0,54.88
CV2XMode4_common.m,65.0,60,60.0,45,100.0,60.0
CV2XMode4_Step2.m,83.0,100,68.33,90,100.0,56.67
CV2XMode4_Step3.m,83.834,100,64.38,100,100.0,54.79
CVA.m,68.0,30,75.0,60,100.0,75.0
CVadjMalloc.m,55.668,30,66.67,15,100.0,66.67
cvar_.m,75.94,70,65.31,100,100.0,44.39
cvcompute.m,71.0,60,85.0,45,100.0,65.0
cvcoxnet.m,81.022,100,68.6,90,100.0,46.51
cvecrep.m,65.54,60,53.85,60,100.0,53.85
cvelnet.m,82.61,100,66.67,100,100.0,46.38
cvErrEst.m,80.942,100,64.71,90,100.0,50.0
cvEstimate.m,76.63,60,77.78,75,100.0,70.37
cvExperiment.m,81.57,100,75.71,75,100.0,57.14
cvfishnet.m,83.376,100,68.83,100,100.0,48.05
cvfolds.m,77.41,80,61.38,100,100.0,45.67
cvglmnet.m,78.39,80,63.58,100,100.0,48.37
cvglmnetMulticlass.m,88.0,100,77.78,100,100.0,62.22
cvglmnetPlot.m,82.54,100,65.08,100,100.0,47.62
cvhmmmar.m,76.456,80,66.86,90,100.0,45.42
CVinLSDR.m,75.938,80,67.86,75,100.0,56.83
cvit.m,78.226,100,67.74,75,100.0,48.39
cvlognet.m,81.032,80,76.39,100,100.0,48.77
cvMcd.m,74.934,80,59.38,90,100.0,45.29
cvmrelnet.m,83.256,100,73.26,100,100.0,43.02
cvmultnet.m,82.444,80,75.89,100,100.0,56.33
cvm_bjac.m,76.462,100,56.41,90,100.0,35.9
cvm_djac.m,76.462,100,56.41,90,100.0,35.9
cvm_gcom.m,76.378,100,54.05,90,100.0,37.84
cvm_gloc.m,76.378,100,54.05,90,100.0,37.84
cvm_jtv.m,77.046,100,59.52,90,100.0,35.71
cvm_monitor.m,77.332,60,83.33,60,100.0,83.33
cvm_pset.m,76.606,100,60.47,90,100.0,32.56
cvm_psol.m,76.538,100,58.54,90,100.0,34.15
cvm_rhs.m,76.378,100,54.05,90,100.0,37.84
cvm_rhsQ.m,77.46,100,56.76,90,100.0,40.54
cvm_rhsS.m,74.0,60,78.57,60,100.0,71.43
cvm_root.m,73.556,30,88.89,60,100.0,88.89
CVN.m,76.0,60,75.0,75,100.0,70.0
CVode.m,80.526,60,84.21,90,100.0,68.42
CVodeB.m,82.0,60,80.0,90,100.0,80.0
CVodeFree.m,57.714,30,71.43,30,100.0,57.14
CVodeGet.m,82.0,60,92.0,90,100.0,68.0
CVodeGetStats.m,61.0,30,80.0,15,100.0,80.0
CVodeGetStatsB.m,61.0,30,80.0,15,100.0,80.0
CVodeMalloc.m,60.856,60,61.9,30,100.0,52.38
CVodeMallocB.m,73.25,60,68.75,75,100.0,62.5
CVodeMonitor.m,68.744,70,41.33,100,100.0,32.39
CVodeSensMalloc.m,60.352,60,58.82,30,100.0,52.94
CVodeSetFSAOptions.m,83.886,80,68.93,100,100.0,70.5
CVodeSetOptions.m,79.542,80,77.84,100,100.0,39.87
cvPart.m,75.532,80,60.34,100,100.0,37.32
cvpr2014_TVBD.m,85.968,100,83.87,75,100.0,70.97
cvRobpca.m,74.894,80,53.9,100,100.0,40.57
cvRpcr.m,72.958,70,52.78,100,100.0,42.01
cvRsimpls.m,74.27,70,57.49,100,100.0,43.86
cvsetup.m,80.482,100,61.45,100,100.0,40.96
cvsrch.m,76.49,80,65.8,100,100.0,36.65
cvtIterate.m,76.182,100,52.27,90,100.0,38.64
CvtPtsToVoxelFun.m,73.0,60,80.0,60,100.0,65.0
cvtuniformmesh.m,65.0,30,100.0,15,100.0,80.0
cvtUpdate.m,77.488,100,53.85,90,100.0,43.59
cvUndistortPoints.m,52.284,60,35.71,30,100.0,35.71
cvwindow.m,69.11,60,83.33,30,100.0,72.22
cvx.m,83.774,100,71.7,100,100.0,47.17
cvxaff.m,72.0,30,100.0,30,100.0,100.0
cvxcnst.m,69.0,30,100.0,15,100.0,100.0
cvxdual.m,69.0,30,100.0,15,100.0,100.0
cvxgen_ldp.m,71.91,60,81.82,45,100.0,72.73
cvxin.m,69.0,30,100.0,15,100.0,100.0
cvxobj.m,75.142,30,100.0,60,100.0,85.71
cvxprob.m,81.474,80,77.05,100,100.0,50.32
cvxsolve.m,70.294,60,100.0,15,100.0,76.47
cvxtuple.m,85.684,60,84.21,100,100.0,84.21
cvx_accept_concave.m,77.0,60,83.33,75,100.0,66.67
cvx_accept_convex.m,75.888,60,83.33,75,100.0,61.11
cvx_basis.m,75.0,30,100.0,45,100.0,100.0
cvx_bcompress.m,83.888,100,72.22,100,100.0,47.22
cvx_begin.m,70.0,30,80.0,60,100.0,80.0
cvx_begin_set.m,70.0,30,80.0,60,100.0,80.0
cvx_binary_op.m,78.6,80,70.0,100,100.0,43.0
cvx_blkdiag.m,78.922,60,76.92,100,100.0,57.69
cvx_c2r.m,83.88,100,71.64,100,100.0,47.76
cvx_cd.m,79.308,60,84.62,75,100.0,76.92
cvx_check_dimension.m,79.556,30,88.89,90,100.0,88.89
cvx_check_dimlist.m,87.5,100,78.12,100,100.0,59.38
cvx_class.m,89.268,100,82.93,100,100.0,63.41
cvx_classify.m,74.0,100,68.0,60,100.0,42.0
cvx_cleanup.m,82.666,60,83.33,100,100.0,70.0
cvx_cleanup_structure.m,70.668,60,76.67,60,100.0,56.67
cvx_clear.m,72.0,30,100.0,30,100.0,100.0
cvx_clearpath.m,79.412,60,82.35,90,100.0,64.71
cvx_clearspath.m,77.332,60,83.33,60,100.0,83.33
cvx_collapse.m,69.0,30,100.0,15,100.0,100.0
cvx_constant.m,59.0,30,100.0,15,100.0,50.0
cvx_create_problem.m,88.638,100,79.55,100,100.0,63.64
cvx_create_structure.m,78.262,80,70.8,100,100.0,40.51
cvx_dcp_error.m,82.422,80,74.11,100,100.0,58.0
cvx_default_dimension.m,73.556,30,88.89,60,100.0,88.89
cvx_display.m,80.606,80,74.68,100,100.0,48.35
cvx_dispvar.m,84.358,100,71.79,100,100.0,50.0
cvx_ecos.m,80.964,80,81.37,100,100.0,43.45
cvx_ellipsoid.m,73.5,60,87.5,45,100.0,75.0
cvx_end.m,77.728,80,59.91,100,100.0,48.73
cvx_erase.m,86.946,100,86.84,90,100.0,57.89
cvx_error.m,84.706,100,77.94,100,100.0,45.59
cvx_expand_dim.m,60.428,30,85.71,15,100.0,71.43
cvx_expert.m,81.566,60,86.96,100,100.0,60.87
cvx_expert_check.m,82.942,60,88.24,90,100.0,76.47
cvx_extract.m,77.0,70,73.0,100,100.0,42.0
cvx_fastasgn.m,82.182,60,100.0,60,100.0,90.91
cvx_fastref.m,69.0,30,100.0,15,100.0,100.0
cvx_finish.m,80.24,80,71.43,100,100.0,49.77
cvx_foopsi.m,75.72,100,67.44,60,100.0,51.16
cvx_getdual.m,69.0,30,100.0,15,100.0,100.0
cvx_getexp.m,87.618,100,80.95,100,100.0,57.14
cvx_getlog.m,71.334,60,91.67,30,100.0,75.0
cvx_get_dimension.m,85.818,100,76.36,100,100.0,52.73
cvx_get_dimlist.m,84.85,100,72.73,100,100.0,51.52
cvx_global.m,84.68,80,81.62,100,100.0,61.78
cvx_glpk.m,78.302,80,76.44,100,100.0,35.07
cvx_grbgetkey.m,74.804,70,50.62,100,100.0,53.4
cvx_gurobi.m,79.08,80,74.07,100,100.0,41.33
cvx_id.m,71.334,30,88.89,60,100.0,77.78
cvx_ids.m,72.0,30,100.0,30,100.0,100.0
cvx_invert_structure.m,84.864,100,70.27,100,100.0,54.05
cvx_isaffine.m,69.0,30,100.0,15,100.0,100.0
cvx_isconcave.m,69.0,30,100.0,15,100.0,100.0
cvx_isconstant.m,69.0,30,100.0,15,100.0,100.0
cvx_isconvex.m,69.0,30,100.0,15,100.0,100.0
cvx_isnonzero.m,81.0,30,100.0,75,100.0,100.0
cvx_isvalid.m,86.364,60,90.91,90,100.0,90.91
cvx_lasterr.m,70.5,30,87.5,60,100.0,75.0
cvx_matrix_op.m,76.658,80,64.47,100,100.0,38.82
cvx_mosek.m,75.368,70,67.1,100,100.0,39.74
cvx_newcnstr.m,89.756,100,82.93,100,100.0,65.85
cvx_newvar.m,87.296,60,88.24,100,100.0,88.24
cvx_opti.m,74.684,100,60.32,75,100.0,38.1
cvx_orthog_structure.m,80.4,100,66.0,90,100.0,46.0
cvx_parse.m,85.064,100,75.95,100,100.0,49.37
cvx_pause.m,82.77,60,84.62,100,100.0,69.23
cvx_pop.m,69.0,30,100.0,15,100.0,100.0
cvx_power_warning.m,85.0,100,65.62,100,100.0,59.38
cvx_precision.m,84.75,100,72.5,100,100.0,51.25
cvx_profile.m,88.822,100,82.35,100,100.0,61.76
cvx_push.m,83.242,80,79.82,100,100.0,56.39
cvx_pushcnstr.m,77.948,80,68.98,100,100.0,40.76
cvx_pushcone.m,78.0,30,100.0,60,100.0,100.0
cvx_pushdual.m,89.144,100,82.86,100,100.0,62.86
cvx_pushexp.m,84.174,60,86.96,100,100.0,73.91
cvx_pushnneg.m,86.546,60,90.91,100,100.0,81.82
cvx_pushobj.m,83.208,100,71.6,100,100.0,44.44
cvx_pushvar.m,80.34,80,71.43,100,100.0,50.27
cvx_quiet.m,86.152,100,71.79,100,100.0,58.97
cvx_r2c.m,74.828,60,68.97,90,100.0,55.17
cvx_readlevel.m,72.0,30,100.0,30,100.0,100.0
cvx_recip.m,82.0,100,64.0,100,100.0,46.0
cvx_reduce_op.m,78.78,80,66.19,100,100.0,47.71
cvx_reduce_size.m,84.856,100,77.14,90,100.0,57.14
cvx_remap.m,84.566,100,93.48,75,100.0,54.35
cvx_replicate_structure.m,66.112,60,100.0,15,100.0,55.56
cvx_reshape.m,77.668,100,71.67,75,100.0,41.67
cvx_run_solver.m,84.656,100,72.6,100,100.0,50.68
cvx_save_prefs.m,85.912,60,91.3,100,100.0,78.26
cvx_scs.m,82.3,80,85.96,100,100.0,45.54
cvx_sdpt3.m,73.026,70,61.4,100,100.0,33.73
cvx_sedumi.m,79.556,80,78.32,100,100.0,39.46
cvx_setdual.m,82.346,60,86.21,100,100.0,65.52
cvx_setnneg.m,83.364,60,90.91,75,100.0,90.91
cvx_setnpos.m,84.142,60,100.0,75,100.0,85.71
cvx_setpath.m,76.412,60,82.35,75,100.0,64.71
cvx_setspath.m,80.946,100,75.68,75,100.0,54.05
cvx_setup.m,77.736,70,67.27,100,100.0,51.41
cvx_size_check.m,80.0,60,75.0,90,100.0,75.0
cvx_solve.m,75.39,70,66.41,100,100.0,40.54
cvx_solver.m,82.786,100,67.09,100,100.0,46.84
cvx_solver_settings.m,76.262,80,53.23,100,100.0,48.08
cvx_solve_sdpt3.m,71.456,70,56.41,100,100.0,30.87
cvx_solve_sedumi.m,81.402,80,82.39,100,100.0,44.62
cvx_sparsify.m,84.324,100,72.97,100,100.0,48.65
cvx_startup.m,84.584,100,75.0,100,100.0,47.92
cvx_subs2str.m,86.332,100,78.33,100,100.0,53.33
cvx_subsasgn.m,72.0,30,100.0,30,100.0,100.0
cvx_subsref.m,72.0,30,100.0,30,100.0,100.0
cvx_subsref_check.m,76.09,60,77.27,75,100.0,68.18
cvx_s_banded.m,81.356,100,67.8,100,100.0,38.98
cvx_s_complex.m,69.5,30,100.0,30,100.0,87.5
cvx_s_diagonal.m,69.0,30,100.0,15,100.0,100.0
cvx_s_hankel.m,63.0,30,90.0,15,100.0,80.0
cvx_s_hermitian.m,70.286,60,89.29,45,100.0,57.14
cvx_s_lower_bidiagonal.m,69.0,30,100.0,15,100.0,100.0
cvx_s_lower_hessenberg.m,69.0,30,100.0,15,100.0,100.0
cvx_s_lower_triangular.m,69.0,30,100.0,15,100.0,100.0
cvx_s_scaled_identity.m,69.0,30,100.0,15,100.0,100.0
cvx_s_skew_symmetric.m,77.25,60,93.75,45,100.0,87.5
cvx_s_sparse.m,89.22,100,85.37,90,100.0,70.73
cvx_s_symmetric.m,78.142,60,100.0,45,100.0,85.71
cvx_s_symmetric_ut.m,79.572,60,100.0,45,100.0,92.86
cvx_s_toeplitz.m,75.666,60,93.33,45,100.0,80.0
cvx_s_tridiagonal.m,69.0,30,100.0,15,100.0,100.0
cvx_s_upper_bidiagonal.m,69.0,30,100.0,15,100.0,100.0
cvx_s_upper_hankel.m,69.546,60,90.91,15,100.0,81.82
cvx_s_upper_hessenberg.m,69.0,30,100.0,15,100.0,100.0
cvx_s_upper_triangular.m,69.0,30,100.0,15,100.0,100.0
cvx_throw.m,79.586,60,75.86,100,100.0,62.07
cvx_tic.m,72.0,30,90.0,60,100.0,80.0
cvx_toc.m,87.894,100,81.58,100,100.0,57.89
cvx_unary_op.m,79.436,100,59.15,100,100.0,38.03
cvx_use_sparse.m,78.666,60,74.07,100,100.0,59.26
cvx_validate.m,84.284,60,85.71,90,100.0,85.71
cvx_value.m,59.0,30,100.0,15,100.0,50.0
cvx_values.m,75.0,30,100.0,45,100.0,100.0
cvx_verify.m,75.0,30,100.0,45,100.0,100.0
cvx_version.m,77.04,70,70.13,100,100.0,45.07
cvx_vexity.m,85.366,100,80.49,100,100.0,46.34
cvx_warn_strict.m,72.0,30,100.0,30,100.0,100.0
cvx_where.m,78.57,60,80.95,90,100.0,61.9
cvx_zeros.m,78.0,30,100.0,60,100.0,100.0
cv_kd_OK.m,78.668,60,86.67,60,100.0,86.67
cwaitbar.m,84.296,80,78.81,100,100.0,62.67
CWFS.m,66.856,60,57.14,60,100.0,57.14
CWM.m,74.28,80,65.41,90,100.0,35.99
cwmr_stdev.m,68.0,60,75.0,30,100.0,75.0
cwmr_stdev_expert.m,84.0,100,72.5,90,100.0,57.5
cwmr_stdev_kernel.m,64.528,60,58.82,45,100.0,58.82
cwmr_stdev_run.m,75.26,100,61.04,75,100.0,40.26
cwmr_var.m,66.334,60,75.0,30,100.0,66.67
cwmr_var_expert.m,83.748,100,78.12,75,100.0,65.62
cwmr_var_kernel.m,66.0,60,62.5,45,100.0,62.5
cwmr_var_run.m,72.54,100,59.46,60,100.0,43.24
CWnormal_2D.m,72.0,30,100.0,30,100.0,100.0
CWOPTRMSE.m,69.572,60,78.57,45,100.0,64.29
cwp2Fn.m,77.856,100,65.71,75,100.0,48.57
cwpt2_interface.m,79.564,100,59.78,100,100.0,38.04
cwr_demo.m,76.418,80,80.18,60,100.0,61.91
cwr_em.m,78.49,80,70.07,90,100.0,52.38
cwr_predict.m,86.292,100,73.17,90,100.0,68.29
cwr_prob.m,68.858,60,75.0,45,100.0,64.29
cwr_test.m,65.088,100,73.13,15,100.0,37.31
cwssim_index_new.m,63.572,60,71.43,15,100.0,71.43
cwt_adm.m,89.332,60,93.33,100,100.0,93.33
cwt_bd_loc.m,72.0,30,100.0,30,100.0,100.0
cwt_freq.m,67.154,60,69.23,45,100.0,61.54
cwt_freq_direct.m,75.0,30,100.0,45,100.0,100.0
cwt_fw.m,77.334,100,66.67,75,100.0,45.0
cwt_iw.m,75.076,100,69.23,60,100.0,46.15
cx1.m,72.538,60,100.0,45,100.0,57.69
cx2.m,72.112,60,100.0,45,100.0,55.56
cx3.m,68.032,100,61.29,45,100.0,33.87
cx4.m,69.0,100,62.71,45,100.0,37.29
cx5.m,66.118,60,100.0,0,100.0,70.59
cx6.m,67.238,60,100.0,0,100.0,76.19
cx7.m,67.0,60,100.0,0,100.0,75.0
cx8.m,71.12,100,65.15,45,100.0,45.45
cx9.m,71.424,100,65.15,45,100.0,46.97
cycle.m,80.77,60,84.62,90,100.0,69.23
cycleFreeFlux.m,69.582,70,41.41,100,100.0,36.5
CycleGAN.m,79.328,80,78.21,100,100.0,38.43
cycleSlip.m,66.574,100,45.45,45,100.0,42.42
cycleSlip_articifial.m,69.384,60,65.38,60,100.0,61.54
cycleSlip_CLdiff.m,87.856,100,82.14,100,100.0,57.14
cycleSlip_dL.m,73.582,80,79.89,75,100.0,33.02
cycleSlip_Doppler.m,67.848,80,77.98,45,100.0,36.26
cycleSlip_LLI.m,59.544,60,77.27,15,100.0,45.45
cycleSlip_TimeDifference.m,66.184,60,74.07,45,100.0,51.85
cycle_graph.m,72.696,60,78.26,60,100.0,65.22
CyclicLatticeTopology.m,79.534,100,55.81,100,100.0,41.86
cyclicXover.m,66.714,60,85.71,45,100.0,42.86
Cyclic_Coordinate_Method.m,75.148,60,81.48,75,100.0,59.26
cyclic_prefix_sto_test.m,74.276,80,62.38,60,100.0,69.0
Cyclo_Plot_Wave_Construction.m,81.0,60,100.0,45,100.0,100.0
cycprob.m,64.81,60,71.43,45,100.0,47.62
cygpath.m,71.768,60,76.92,45,100.0,76.92
cyl2cart.m,76.208,60,82.76,90,100.0,48.28
CylBC2D.m,69.53,100,67.65,30,100.0,50.0
CylIC2D.m,66.572,60,71.43,30,100.0,71.43
cylinder.m,79.0,60,70.0,100,100.0,65.0
cylinder2P.m,73.632,100,75.51,60,100.0,32.65
cylinderMesh.m,78.296,100,81.48,60,100.0,50.0
cylinders.m,74.468,70,61.52,100,100.0,40.82
cylinderSurfaceArea.m,57.0,30,70.0,15,100.0,70.0
cylinder_2d.m,83.516,100,81.82,60,100.0,75.76
Cylinder_Hexahedra_Linear_Unstructured.m,54.87,70,96.99,0,100.0,7.36
cylinder_im.m,74.556,70,60.22,100,100.0,42.56
cylinder_mesh.m,84.786,100,80.36,90,100.0,53.57
cylinder_proj.m,79.022,80,67.11,100,100.0,48.0
Cylinder_Tetrahedra_Linear_Unstructured.m,55.002,70,98.54,0,100.0,6.47
cylinder_tfsf_2d.m,82.81,100,81.08,60,100.0,72.97
CylindricalLiftModel.m,81.25,100,68.75,90,100.0,47.5
CylNeumanLePar_PGSE.m,66.0,60,73.33,30,100.0,66.67
CylNeumanLePerp_PGSE.m,70.666,100,70.83,45,100.0,37.5
Cytokinesis.m,74.914,80,58.13,100,100.0,36.44
Cytokinesis_Test.m,64.946,80,37.45,75,100.0,32.28
D.m,72.058,100,50.0,75,100.0,35.29
d01_CreateGeometry.m,68.582,100,70.97,30,100.0,41.94
d024_CurvedDetector.m,61.0,30,87.5,0,100.0,87.5
D02DPeriodic.m,64.364,60,81.82,30,100.0,50.0
D02DPeriodicFT.m,58.0,30,70.0,30,100.0,60.0
d02_SampleData.m,61.0,30,87.5,0,100.0,87.5
d03_generateData.m,61.23,60,76.92,0,100.0,69.23
d04_SimpleReconstruction.m,62.0,60,75.0,0,100.0,75.0
d05_plottingFunctions.m,57.742,100,48.39,0,100.0,40.32
d06_Algorithms01.m,57.264,60,63.16,0,100.0,63.16
d07_Algorithms02.m,64.706,100,64.71,0,100.0,58.82
d08_Algorithms03.m,67.848,100,78.79,15,100.0,45.45
d09_Algorithms04.m,59.698,100,54.55,0,100.0,43.94
d10_QualityMeasurements.m,63.0,100,58.0,15,100.0,42.0
d11_PostProcessing.m,59.778,60,72.22,0,100.0,66.67
d12_ProjectionOperators.m,64.934,100,69.35,15,100.0,40.32
d13_HelicalGeometry.m,69.668,100,75.76,15,100.0,57.58
d14_Offsets.m,65.106,100,63.16,15,100.0,47.37
d15_3Dparallel.m,61.428,60,78.57,15,100.0,53.57
d16_2Dtomography.m,57.754,100,42.62,15,100.0,31.15
d17_DetectorRotation.m,63.0,100,60.0,15,100.0,40.0
d18_ArbitraryAxisOfRotation.m,64.0,100,65.0,15,100.0,40.0
d19_DBTexample.m,70.57,100,77.14,30,100.0,45.71
d20_Algorithms05.m,57.0,60,65.0,0,100.0,60.0
d21_ScannerDataLoader.m,62.27,100,45.76,30,100.0,35.59
d22_ListGPUs.m,59.778,60,77.78,0,100.0,61.11
d23_DualEnergy.m,60.236,60,70.59,0,100.0,70.59
d24_Algorithms06.m,60.8,60,76.0,0,100.0,68.0
d2a1.m,82.714,60,92.86,75,100.0,85.71
d2a2.m,82.386,60,92.31,75,100.0,84.62
d2Abr_dV2.m,60.0,60,75.0,15,100.0,50.0
d2b.m,68.334,30,88.89,45,100.0,77.78
d2c.m,73.666,60,93.33,45,100.0,70.0
d2d.m,69.0,30,100.0,15,100.0,100.0
d2f_m.m,72.0,30,100.0,30,100.0,100.0
d2f_P_b.m,72.0,30,100.0,30,100.0,100.0
d2h.m,69.0,30,90.0,45,100.0,80.0
d2Ibr_dV2.m,73.364,60,77.27,75,100.0,54.55
d2Imis_dV2.m,84.678,100,80.65,75,100.0,67.74
d2Imis_dVdSg.m,79.242,100,75.76,75,100.0,45.45
D2L2R2.m,82.938,100,81.48,90,100.0,43.21
D2L2R2_cost.m,77.668,60,91.67,45,100.0,91.67
D2L2R2_init.m,75.286,60,92.86,45,100.0,78.57
D2L2R2_pred.m,75.118,60,94.12,45,100.0,76.47
D2L2R2_top.m,83.874,100,90.62,60,100.0,68.75
D2L2R2_updateD.m,75.118,60,88.24,45,100.0,82.35
D2L2R2_wrapper.m,85.5,100,95.0,75,100.0,57.5
d2p.m,78.596,100,59.7,90,100.0,43.28
d2r.m,68.332,30,83.33,45,100.0,83.33
d2Sbr_dV2.m,77.0,60,80.0,75,100.0,70.0
d2Sbus_dV2.m,82.778,100,80.56,75,100.0,58.33
d2statio.m,53.0,30,60.0,15,100.0,60.0
d2v.m,69.284,30,85.71,45,100.0,85.71
d3Copyc6.m,63.244,70,99.99,45,100.0,1.23
d3EnergyGradient.m,73.562,70,88.44,90,100.0,19.37
dAB.m,70.888,100,58.33,60,100.0,36.11
dAbr_dV.m,57.666,60,80.0,15,100.0,33.33
dac.m,81.292,100,73.42,90,100.0,43.04
daccsumdot.m,60.944,100,45.98,30,100.0,28.74
dacefit.m,77.46,80,67.36,100,100.0,39.94
dace_corrcubic.m,81.168,60,79.17,100,100.0,66.67
dace_correxp.m,79.0,60,75.0,100,100.0,60.0
dace_correxpg.m,80.182,60,77.27,100,100.0,63.64
dace_corrgauss.m,77.778,60,72.22,90,100.0,66.67
dace_corrlin.m,78.666,60,71.43,100,100.0,61.9
dace_corrspherical.m,81.168,60,79.17,100,100.0,66.67
dace_corrspline.m,86.976,100,76.74,100,100.0,58.14
dace_evaluate.m,84.046,100,67.44,90,100.0,62.79
dace_fit.m,78.942,80,66.95,100,100.0,47.76
dace_predictor.m,80.188,100,60.94,90,100.0,50.0
dace_predvar.m,79.724,100,60.34,90,100.0,48.28
dace_regpoly0.m,71.0,30,80.0,75,100.0,70.0
dace_regpoly1.m,76.092,60,72.73,75,100.0,72.73
dace_regpoly2.m,73.846,60,61.54,90,100.0,57.69
DACH.m,62.916,100,100.0,0,100.0,14.58
dadotx.m,67.956,60,73.91,45,100.0,60.87
DAE.m,63.234,60,82.35,15,100.0,58.82
DAEA.m,79.402,80,69.93,100,100.0,47.08
daefun.m,64.666,60,75.0,30,100.0,58.33
DaeHandler.m,80.312,100,60.94,100,100.0,40.62
dae_get_hidden.m,71.06,60,70.59,60,100.0,64.71
DAGlearn2_DAGsearch_KPM.m,77.414,80,61.57,100,100.0,45.5
dagMergeBatchNorm.m,78.23,100,78.69,60,100.0,52.46
DagNN.m,75.56,80,63.6,100,100.0,34.2
dagnn_3dmmasstn.m,75.798,100,73.42,60,100.0,45.57
dagnn_3dmmasstn_init.m,70.25,100,72.5,30,100.0,48.75
dagRemoveLayers.m,75.0,30,100.0,45,100.0,100.0
dagStructLearnDemoCollegeCompleteData.m,83.422,100,81.58,75,100.0,60.53
dagsvm.m,66.0,60,43.33,90,100.0,36.67
dagsvmdemo.m,62.444,100,48.89,30,100.0,33.33
dag_remove_except.m,66.112,30,77.78,45,100.0,77.78
dag_sp.m,74.0,60,75.0,60,100.0,75.0
dag_subset_to.m,79.098,100,70.97,60,100.0,64.52
dag_to_cpdag.m,77.77,100,65.52,90,100.0,33.33
dag_to_cpdag1.m,77.13,100,63.04,90,100.0,32.61
dag_to_essential_graph.m,72.37,100,51.32,75,100.0,35.53
dag_to_jtree.m,85.5,100,75.0,90,100.0,62.5
dag_viz.m,67.154,60,76.92,45,100.0,53.85
DAISY.m,74.944,100,48.61,90,100.0,36.11
daizu1.m,64.308,60,84.62,0,100.0,76.92
daizu2.m,64.0,30,100.0,0,100.0,90.0
daizu3.m,63.778,30,100.0,0,100.0,88.89
DaleBucknerHIRF.m,66.926,60,77.78,45,100.0,51.85
daless_MW.m,64.556,30,88.89,15,100.0,88.89
Damage.m,63.286,60,53.57,60,100.0,42.86
DamageHomogenizationFitter.m,78.0,100,55.93,90,100.0,44.07
damint.m,74.076,60,88.46,45,100.0,76.92
damp.m,79.68,100,70.21,75,100.0,53.19
dampedUpdate.m,82.692,100,76.92,75,100.0,61.54
damped_pendulum_diff_b.m,76.918,100,72.13,60,100.0,52.46
damped_pendulum_diff_r.m,76.062,100,68.75,60,100.0,51.56
dampen.m,64.704,60,70.37,45,100.0,48.15
dampingErrorBased.m,76.842,80,59.29,100,100.0,44.92
damping_example.m,67.096,100,74.19,0,100.0,61.29
DAMP_oneIter.m,71.908,60,86.36,45,100.0,68.18
DAMP_SE_Prediction.m,72.0,30,100.0,30,100.0,100.0
dandelions.m,88.0,100,89.13,90,100.0,60.87
dang.m,72.0,30,100.0,30,100.0,100.0
daoshu.m,59.334,30,100.0,0,100.0,66.67
daplot.m,90.17,100,84.75,100,100.0,66.1
Darcydata0.m,82.37,100,76.32,75,100.0,60.53
Darcydata1.m,70.324,100,70.27,30,100.0,51.35
Darcydata2.m,80.768,100,76.92,75,100.0,51.92
Darcydata3.m,66.556,60,66.67,45,100.0,61.11
Darcydata4.m,81.154,100,76.92,75,100.0,53.85
Darcydata5.m,80.0,100,76.92,75,100.0,48.08
DarcyRT0.m,79.974,80,72.2,100,100.0,47.67
DarcyRT0mgrate.m,64.572,100,68.57,0,100.0,54.29
darithmetic.m,54.25,100,42.5,0,100.0,28.75
darkerremap.m,72.0,30,100.0,30,100.0,100.0
dark_attack.m,78.244,100,67.57,75,100.0,48.65
dark_channel_prior_dehaze.m,68.4,60,84.0,30,100.0,68.0
dark_channel_prior_with_rf_atmlight_dehaze.m,69.2,60,84.0,30,100.0,72.0
dark_mode.m,82.312,100,89.06,60,100.0,62.5
dartel3.m,80.77,100,59.62,100,100.0,44.23
darwResults.m,70.308,100,80.77,15,100.0,55.77
DASCMOP1.m,84.532,100,81.33,100,100.0,41.33
DASCMOP2.m,84.25,100,76.25,100,100.0,45.0
DASCMOP3.m,85.262,100,80.26,100,100.0,46.05
DASCMOP4.m,84.936,100,81.82,100,100.0,42.86
DASCMOP5.m,84.338,100,77.11,100,100.0,44.58
DASCMOP6.m,85.642,100,80.77,100,100.0,47.44
DASCMOP7.m,84.936,100,81.82,100,100.0,42.86
DASCMOP8.m,84.616,100,82.05,100,100.0,41.03
DASCMOP9.m,84.358,100,82.05,100,100.0,39.74
DashboardUtil.m,77.778,60,72.22,90,100.0,66.67
dasp.m,76.728,60,81.82,60,100.0,81.82
das_timer.m,66.0,30,100.0,0,100.0,100.0
dat2AtA.m,57.856,60,57.14,15,100.0,57.14
dat2cor.m,78.602,80,60.32,100,100.0,52.69
dat2cov.m,82.32,100,63.77,100,100.0,47.83
dat2crossind.m,78.428,100,56.18,100,100.0,35.96
dat2dspec.m,77.648,80,64.18,100,100.0,44.06
dat2dtp.m,74.188,100,62.16,75,100.0,33.78
dat2gaus.m,69.0,30,100.0,15,100.0,100.0
dat2Kernel.m,59.286,60,64.29,15,100.0,57.14
dat2lc.m,74.588,60,82.35,60,100.0,70.59
dat2midind.m,80.908,100,59.09,100,100.0,45.45
dat2rfm.m,72.434,100,56.52,60,100.0,45.65
dat2spec.m,74.538,70,58.44,100,100.0,44.25
dat2steep.m,79.758,80,73.11,100,100.0,45.68
dat2tc.m,81.35,100,63.51,100,100.0,43.24
dat2tp.m,78.204,100,58.97,100,100.0,32.05
dat2tr.m,78.73,80,68.67,100,100.0,44.98
dat2wa.m,79.016,80,64.39,100,100.0,50.69
data16m.m,57.5,80,94.5,0,100.0,13.0
data2batch.m,73.0,30,100.0,45,100.0,90.0
data2bids.m,75.996,70,64.01,100,100.0,45.97
data2dcmElement.m,76.28,80,60.14,100,100.0,41.26
data2feats.m,78.0,30,100.0,60,100.0,100.0
data2grid.m,66.714,60,66.67,45,100.0,61.9
Data2Igram.m,78.654,80,66.94,100,100.0,46.33
data2im.m,80.0,100,57.75,100,100.0,42.25
data2map.m,70.0,30,80.0,60,100.0,80.0
data2model.m,77.98,80,62.88,100,100.0,47.02
Data2Motion.m,69.518,60,86.21,60,100.0,41.38
data2NonLinSys.m,71.0,80,65.55,60,100.0,49.45
data2ParallelHA.m,75.178,70,54.89,100,100.0,51.0
data2psiX.m,74.188,100,52.7,75,100.0,43.24
data2raw.m,78.51,80,61.24,100,100.0,51.31
data2struct.m,75.0,60,64.29,90,100.0,60.71
Data2Timeseries.m,79.618,100,83.33,60,100.0,54.76
data3d_boundary_mask_inner.m,72.572,60,71.43,60,100.0,71.43
data3d_boundary_mask_outter_between.m,71.272,60,77.27,60,100.0,59.09
data3d_calculate_boundary_masks.m,73.94,60,82.35,45,100.0,82.35
data3d_get_interpolation_meshgrid.m,62.212,60,78.95,30,100.0,42.11
data3d_interpolate.m,78.668,100,75.76,60,100.0,57.58
data3d_interpolate_parallel.m,75.886,100,75.41,45,100.0,59.02
data3d_interpolate_serial.m,77.666,100,73.33,60,100.0,55.0
dataAcq.m,72.246,70,50.34,100,100.0,40.89
dataAcquisition.m,76.88,100,75.76,45,100.0,63.64
DataAssociatorX.m,79.85,100,63.64,75,100.0,60.61
DataAugumentation_ForTest.m,75.94,80,63.7,90,100.0,46.0
DataAugumentation_ForTrain.m,72.592,80,46.89,90,100.0,46.07
dataBank_delete_x.m,64.0,60,54.17,60,100.0,45.83
Database.m,86.452,100,80.65,100,100.0,51.61
DataBaseClass.m,80.0,100,67.5,75,100.0,57.5
DatabaseLogger.m,72.906,70,51.05,100,100.0,43.48
DatabaseLogger_Test.m,74.978,80,48.89,100,100.0,46.0
database_editResults.m,80.416,80,68.6,100,100.0,53.48
database_ids.m,72.0,30,100.0,30,100.0,100.0
database_root_dir.m,83.668,60,91.67,75,100.0,91.67
databin.m,84.0,60,100.0,60,100.0,100.0
databin_slop.m,85.2,100,78.0,90,100.0,58.0
DataClass.m,69.832,70,44.04,100,100.0,35.12
Datadict_Creation.m,68.156,80,51.85,75,100.0,33.93
dataDir.m,80.924,60,100.0,60,100.0,84.62
datadisp.m,79.334,100,56.67,100,100.0,40.0
DataDistributedRVFL.m,75.402,80,57.26,100,100.0,39.75
DataDivCurlConstant.m,66.236,60,70.59,30,100.0,70.59
DataDivCurlLinear.m,71.5,60,75.0,60,100.0,62.5
DataDivCurlSingular3.m,67.58,100,60.53,30,100.0,47.37
DataDivCurlSingularTorus.m,73.962,100,62.75,60,100.0,47.06
DataDivCurlSingularTorus2.m,68.64,100,62.26,30,100.0,50.94
DataDivCurlSmooth.m,71.826,60,73.91,60,100.0,65.22
datadump.m,84.316,100,76.32,90,100.0,55.26
DataFile.m,82.4,100,62.0,100,100.0,50.0
DataGen.m,84.256,100,68.09,100,100.0,53.19
DataGeneration.m,67.012,100,65.82,30,100.0,39.24
DataGpsBcIonoParams.m,67.154,60,92.31,45,100.0,38.46
DataGpsSubframe4Page18.m,67.0,60,95.0,45,100.0,35.0
DataGrid2D.m,59.0,30,83.33,15,100.0,66.67
DataHash.m,76.876,80,61.51,100,100.0,42.87
dataHasher.m,77.44,100,60.98,75,100.0,51.22
dataim.m,78.668,60,66.67,100,100.0,66.67
dataLength.m,64.0,30,80.0,30,100.0,80.0
DataLoader.m,77.464,80,60.61,100,100.0,46.71
dataloading.m,66.0,80,50.56,60,100.0,39.44
DataNormlization.m,63.0,30,70.0,45,100.0,70.0
datapath.m,76.728,60,81.82,60,100.0,81.82
DataProcess.m,74.388,100,77.42,30,100.0,64.52
DataReader.m,82.962,100,67.9,100,100.0,46.91
dataReplay.m,78.668,100,81.67,45,100.0,66.67
datasaver.m,88.148,100,81.48,100,100.0,59.26
Dataset.m,76.666,100,53.33,90,100.0,40.0
dataSet1D_create.m,62.332,30,83.33,15,100.0,83.33
dataSet2D_create.m,72.926,60,74.07,75,100.0,55.56
dataset2files.m,75.9,80,61.02,100,100.0,38.48
dataSet3D_create.m,74.142,60,78.57,75,100.0,57.14
dataset3Params.m,52.0,60,35.0,30,100.0,35.0
datasetconv.m,68.332,30,83.33,45,100.0,83.33
DatasetFactory.m,60.572,30,71.43,30,100.0,71.43
dataSetFFT2D_create.m,60.112,30,77.78,15,100.0,77.78
datasetm.m,90.0,60,100.0,90,100.0,100.0
datasetPlot.m,67.222,60,83.33,15,100.0,77.78
datasets.m,77.036,70,66.35,100,100.0,48.83
datasetScript.m,64.922,60,69.23,30,100.0,65.38
datasetsdemo.m,65.702,100,72.97,15,100.0,40.54
datasetsDirectory.m,54.0,30,62.5,15,100.0,62.5
datasetsToolboxes.m,66.0,30,100.0,0,100.0,100.0
datasetstruct2GPSstruct.m,74.5,100,71.88,60,100.0,40.62
datasetStructure.m,72.0,30,100.0,30,100.0,100.0
datasetstructure2data.m,77.834,100,85.42,60,100.0,43.75
datasetstructure2datastructure.m,74.476,60,90.48,60,100.0,61.9
datasets_feature.m,68.668,60,66.67,60,100.0,56.67
DatasetTest.m,72.634,100,58.73,60,100.0,44.44
dataset_mnist_demo.m,86.036,100,86.21,75,100.0,68.97
dataSize.m,88.462,60,100.0,90,100.0,92.31
dataSource.m,78.476,70,68.27,100,100.0,54.11
dataSourceBDF.m,84.446,80,83.9,100,100.0,58.33
dataSourceDRF.m,78.774,70,71.6,100,100.0,52.27
dataSourceFromDRFFolder.m,78.528,80,65.41,100,100.0,47.23
dataSourceFromFolder.m,85.714,100,79.22,100,100.0,49.35
dataSourceMoBI.m,79.872,80,68.3,100,100.0,51.06
dataSourceSET.m,86.668,100,80.25,100,100.0,53.09
dataSourceXDF.m,76.58,70,62.43,100,100.0,50.47
dataStream.m,81.638,100,63.93,100,100.0,44.26
DataStreamBrowser.m,80.668,80,72.16,100,100.0,51.18
datastruct.m,82.198,100,68.13,100,100.0,42.86
datastructure.m,81.45,100,74.19,75,100.0,58.06
datastructures.m,66.0,30,100.0,0,100.0,100.0
DataTermOpt.m,71.148,100,51.06,60,100.0,44.68
datatip2event.m,71.406,60,74.07,60,100.0,62.96
datatipWithSubscript.m,73.566,60,78.26,60,100.0,69.57
datatreat.m,71.286,60,67.86,75,100.0,53.57
datatype.m,60.89,30,77.78,30,100.0,66.67
DataTypeLabelValues.m,78.0,60,100.0,30,100.0,100.0
dataTypeOverwriteCheck.m,82.222,60,83.33,90,100.0,77.78
datatypes.m,80.098,100,88.24,75,100.0,37.25
DataTypeValues.m,66.966,60,86.21,30,100.0,58.62
dataWindow.m,65.694,60,84.62,30,100.0,53.85
data_1d.m,44.0,30,37.5,15,100.0,37.5
Data_2D.m,44.0,30,37.5,15,100.0,37.5
Data_3D.m,44.0,30,37.5,15,100.0,37.5
data_agrument.m,61.652,100,55.43,30,100.0,22.83
Data_Analysis.m,56.706,60,82.35,0,100.0,41.18
Data_Analyzer.m,70.986,80,40.76,100,100.0,34.17
data_argument.m,74.0,100,64.0,60,100.0,46.0
data_aug.m,76.864,100,70.27,60,100.0,54.05
data_augmentation.m,62.666,60,53.33,60,100.0,40.0
data_calib.m,70.052,100,52.58,75,100.0,22.68
data_calib_no_read.m,70.87,100,54.35,75,100.0,25.0
data_corning_high_na.m,54.714,70,99.82,0,100.0,3.75
data_corning_new.m,54.756,70,99.82,0,100.0,3.96
data_corning_type1.m,54.732,70,99.74,0,100.0,3.92
DATA_COVID_JHU.m,80.746,80,68.84,100,100.0,54.89
DATA_COVID_UK.m,81.076,100,71.15,90,100.0,44.23
DATA_COVID_US.m,79.52,100,67.09,90,100.0,40.51
Data_deviding.m,73.022,100,74.73,75,100.0,15.38
data_dir.m,72.0,30,100.0,30,100.0,100.0
data_dir_base.m,64.0,30,80.0,30,100.0,80.0
data_driven_reference_region_correction_fwhm.m,79.144,100,76.79,60,100.0,58.93
data_embedding.m,64.0,60,80.0,0,100.0,80.0
Data_Evaluation.m,68.806,100,74.19,15,100.0,54.84
Data_Evaluation_Breach_Requirement.m,58.824,100,67.65,0,100.0,26.47
Data_Export_LibSVM.m,75.25,60,87.5,60,100.0,68.75
data_extracting.m,60.236,60,76.47,0,100.0,64.71
data_field.m,72.454,60,68.18,75,100.0,59.09
data_formation.m,78.334,100,60.0,90,100.0,41.67
Data_Generation.m,78.6,100,67.0,75,100.0,51.0
Data_Generation_BZ_Main.m,73.788,80,66.67,75,100.0,47.27
Data_Generation_WIN2.m,75.27,80,66.91,75,100.0,54.44
data_model.m,75.002,70,60.3,100,100.0,44.71
data_model_cpf.m,75.428,60,78.57,60,100.0,78.57
data_model_node_test.m,77.848,60,84.62,60,100.0,84.62
data_model_opf.m,83.662,100,69.01,100,100.0,49.3
data_nd.m,44.0,30,37.5,15,100.0,37.5
data_paths.m,66.546,60,90.91,0,100.0,81.82
data_preprocess.m,65.796,80,40.98,45,100.0,63.0
data_preprocessing.m,69.256,100,61.54,45,100.0,39.74
data_preprocessing_LT.m,72.214,100,66.07,45,100.0,50.0
data_reader.m,81.0,60,90.0,75,100.0,80.0
data_selector.m,82.744,100,60.78,100,100.0,52.94
data_to_use.m,75.266,100,73.47,60,100.0,42.86
data_viewer.m,79.098,80,76.83,100,100.0,38.66
DATA_WID_data.m,82.168,100,68.67,100,100.0,42.17
Datcom_Processing.m,65.048,100,57.14,30,100.0,38.1
Date2Cell.m,68.428,60,60.71,75,100.0,46.43
date2doy.m,66.0,60,66.67,45,100.0,58.33
date2gps.m,61.668,60,66.67,15,100.0,66.67
date2j.m,70.704,60,70.37,75,100.0,48.15
date2jd.m,58.332,60,72.22,15,100.0,44.44
Date2Num.m,68.334,60,60.0,75,100.0,46.67
date2NumData.m,69.284,30,85.71,45,100.0,85.71
dateOfEaster.m,70.874,100,65.62,45,100.0,43.75
DatesCount.m,70.206,60,75.86,60,100.0,55.17
DatesCreate.m,74.524,100,57.14,75,100.0,40.48
DatesOption.m,80.128,100,76.92,75,100.0,48.72
DatesPlot.m,77.302,100,55.81,90,100.0,40.7
datestring.m,64.0,30,80.0,30,100.0,80.0
datestr_comp.m,69.284,30,85.71,45,100.0,85.71
dates_GT.m,71.918,80,50.62,90,100.0,38.97
datetickzoom.m,81.38,100,69.01,90,100.0,47.89
datetime.m,73.0,30,87.5,60,100.0,87.5
datetime2str.m,74.142,60,78.57,75,100.0,57.14
DateTimeDataClass.m,78.428,60,75.0,100,100.0,57.14
DatetimeSelector.m,70.484,70,48.74,100,100.0,33.68
date_.m,72.238,70,51.69,100,100.0,39.5
date_convert.m,77.334,60,90.48,60,100.0,76.19
date_index.m,84.286,60,100.0,90,100.0,71.43
date_ticks.m,69.308,60,57.69,75,100.0,53.85
datfilt.m,76.09,60,77.27,75,100.0,68.18
datgauss.m,64.0,30,80.0,30,100.0,80.0
datlim.m,73.0,30,87.5,60,100.0,87.5
datread.m,71.412,100,58.82,60,100.0,38.24
datToNPY.m,82.77,60,80.77,100,100.0,73.08
Datum.m,72.668,60,91.67,45,100.0,66.67
datunif.m,79.144,60,71.43,100,100.0,64.29
datwrite.m,70.154,60,69.23,60,100.0,61.54
dat_wc_reader.m,82.144,100,66.67,100,100.0,44.05
daub.m,74.626,100,53.01,90,100.0,30.12
daubcqf.m,79.18,100,82.05,60,100.0,53.85
daubechies.m,80.024,100,83.54,90,100.0,26.58
daubf.m,70.704,60,70.37,75,100.0,48.15
DavisBouldinIndex.m,58.0,60,57.69,30,100.0,42.31
DAwrap.m,71.98,70,57.65,100,100.0,32.25
dawson.m,68.332,30,83.33,45,100.0,83.33
daying.m,81.43,100,67.86,100,100.0,39.29
dayOfWeek4Cal.m,72.0,30,100.0,30,100.0,100.0
dayofyear.m,74.0,60,75.0,60,100.0,75.0
dayOfYear2MonthDay.m,79.096,100,67.74,60,100.0,67.74
DA_2_Solution.m,84.652,100,65.12,100,100.0,58.14
db.m,77.0,60,75.0,75,100.0,75.0
db2mag.m,71.0,30,75.0,75,100.0,75.0
db2neper.m,72.284,30,85.71,60,100.0,85.71
dB2Pa.m,64.0,30,100.0,15,100.0,75.0
dB2w.m,69.0,30,100.0,15,100.0,100.0
DBAddFigure.m,81.212,100,62.63,100,100.0,43.43
DBAddVariable.m,83.214,100,66.07,100,100.0,50.0
dba_anatmodel.m,84.0,60,80.0,100,100.0,80.0
dba_coord_axes.m,76.632,60,94.74,60,100.0,68.42
dba_ecd_ori.m,65.74,60,65.22,60,100.0,43.48
dba_elecmodel.m,84.592,60,81.48,100,100.0,81.48
dba_get_avg_vertarea.m,80.0,80,74.48,100,100.0,45.52
dba_get_model.m,77.26,100,52.05,100,100.0,34.25
dba_mesh_volume.m,67.666,60,80.0,45,100.0,53.33
dba_vol_grids.m,81.556,100,80.0,90,100.0,37.78
dbBase.m,77.398,80,55.66,100,100.0,51.33
DBConnect.m,83.674,100,73.47,100,100.0,44.9
DBCreate.m,74.758,60,58.62,100,100.0,55.17
DBCreateTables.m,77.714,60,66.67,100,100.0,61.9
DBD.m,74.126,100,59.57,60,100.0,51.06
DBDF.m,77.258,80,62.6,100,100.0,43.69
DBDisplay.m,84.486,100,72.97,90,100.0,59.46
dbDivision.m,61.892,100,78.38,0,100.0,31.08
dbdrop.m,78.662,100,70.42,75,100.0,47.89
DBDuplicate.m,76.286,60,67.86,100,100.0,53.57
DBEMTO.m,79.232,80,71.43,100,100.0,44.73
DBExportGallery.m,77.378,80,62.75,100,100.0,44.14
dbFnCompileLabeling.m,78.956,60,73.91,100,100.0,60.87
dbFnCompileMatching.m,76.58,100,60.53,75,100.0,47.37
dbFnCompileMatchingResults.m,80.702,100,62.16,90,100.0,51.35
dbFnComputeAverageObjectColor.m,66.0,60,75.0,30,100.0,65.0
dbFnComputeColorMatching.m,77.182,100,77.27,45,100.0,63.64
dbFnComputeIlluminationDistance.m,77.902,100,72.13,60,100.0,57.38
dbFnComputeMaskDistance.m,73.778,100,75.0,30,100.0,63.89
dbFnComputeTextonMatching.m,72.582,100,77.08,15,100.0,70.83
dbFnCoOccurences.m,78.61,100,70.83,75,100.0,47.22
dbFnCoOccurencesGMM.m,81.278,100,65.57,90,100.0,50.82
dbFnCoOccurencesHistoMarginals.m,74.832,80,61.59,90,100.0,42.57
dbFnCoOccurencesTextons.m,80.6,100,68.0,90,100.0,45.0
dbFnCoOccurencesTextonsObjBg.m,78.23,80,67.39,90,100.0,53.76
dbFnEvaluateIlluminationContext.m,63.89,100,55.56,15,100.0,48.89
dbFnEvaluateMatchingBgNN.m,73.746,80,61.08,90,100.0,37.65
dbFnEvaluateMatchingBgNNTextons.m,79.932,100,75.34,75,100.0,49.32
dbFnEvaluateMatchingHisto.m,82.304,80,69.52,90,100.0,72.0
dbFnEvaluateMatchingHistoMarginals.m,74.802,80,62.2,90,100.0,41.81
dbFnEvaluateMatchingLocal.m,74.958,80,64.02,90,100.0,40.77
dbFnEvaluateMatchingLocalObjectDb.m,77.46,80,63.24,90,100.0,54.06
dbFnEvaluateMatchingLocalSignatures.m,81.018,100,67.92,90,100.0,47.17
dbFnEvaluateMatchingLocalTextons.m,79.834,80,66.67,90,100.0,62.5
dbFnEvaluateMatchingLocalTextonsColor.m,79.492,80,66.67,90,100.0,60.79
dbFnEvaluateMatchingNN.m,83.424,100,72.88,90,100.0,54.24
dbFnEvaluateMatchingNNColorTextonThreshold.m,83.788,100,73.68,90,100.0,55.26
dbFnEvaluateMatchingNNThreshold.m,83.0,100,73.33,90,100.0,51.67
dbFnEvaluateMatchingNNThresholdObjectDb.m,82.616,100,72.31,90,100.0,50.77
dbFnEvaluateMatchingTextons.m,78.928,80,70.97,90,100.0,53.67
dbFnExtractImagesFromLabelme.m,64.63,60,77.78,15,100.0,70.37
dbFnExtractObjectMasks.m,69.842,100,71.05,15,100.0,63.16
dbFnExtractObjectsFromLabelme.m,76.562,100,68.42,60,100.0,54.39
dbFnGenerateRealImages.m,73.62,100,79.37,30,100.0,58.73
dbFnGenerateSemanticTestImages.m,68.946,100,75.68,15,100.0,54.05
dbFnGenerateSyntheticImages.m,78.68,80,65.52,90,100.0,57.88
dbFnGenerateTestImages.m,80.066,80,67.54,90,100.0,62.79
dbFnIlluminationContext.m,77.432,100,63.51,75,100.0,48.65
dbFnLoad3x3Patches.m,85.66,100,74.47,90,100.0,63.83
dbFnLoadNxNPatches.m,85.408,100,75.93,90,100.0,61.11
dbFnManualLabelTestSet.m,75.8,100,72.0,45,100.0,62.0
dbFnPhotoPopup.m,75.428,100,65.71,60,100.0,51.43
dbFnPrecomputeDistancesNN.m,83.052,80,64.76,100,100.0,70.5
dbFnPrecomputeDistancesNNObjectDb.m,81.27,80,65.18,100,100.0,61.17
dbFnPrecomputeDistancesTextonNN.m,85.188,100,75.0,90,100.0,60.94
dbFnPrecomputeHistoObjBg.m,77.814,80,67.16,90,100.0,51.91
dbFnPrecomputeObjectHistograms.m,81.702,100,71.6,90,100.0,46.91
dbFnPrecomputeSignatures.m,78.562,100,69.86,75,100.0,47.95
dbFnPrecomputeSignaturesCombo.m,80.128,100,71.79,75,100.0,53.85
dbFnPrecomputeTextonsColorCombo.m,78.854,100,68.67,75,100.0,50.6
dbFnPrecomputeUniversalTextons.m,75.154,100,73.08,45,100.0,57.69
dbFnPreloadObjectHistograms.m,82.912,100,71.93,90,100.0,52.63
dbFnPreloadTextonHistograms.m,85.452,100,74.51,90,100.0,62.75
dbFnRecolorFromCombination.m,80.028,80,71.79,90,100.0,58.35
dbFnRecolorFromNearestNeighbor.m,86.0,100,75.0,100,100.0,55.0
dbFnRecolorizeImages.m,65.768,60,76.92,15,100.0,76.92
dbFnResizeLabelme.m,79.392,100,69.57,60,100.0,67.39
dbFnTextonify.m,76.648,100,73.53,45,100.0,64.71
DBGetFigures.m,83.544,100,69.62,100,100.0,48.1
DBGetValues.m,81.64,100,62.3,100,100.0,45.9
DBGetVariables.m,83.05,100,66.1,100,100.0,49.15
dbHolidays.m,80.942,100,69.12,90,100.0,45.59
dbinv.m,72.0,30,100.0,30,100.0,100.0
dble2str_rnd.m,81.686,100,66.32,100,100.0,42.11
Dblh2Dxyz.m,79.94,60,82.35,75,100.0,82.35
DBList.m,77.06,60,70.59,90,100.0,64.71
DBListFigures.m,69.456,60,63.64,60,100.0,63.64
DBListVariables.m,69.456,60,63.64,60,100.0,63.64
dblock.m,59.0,30,75.0,15,100.0,75.0
dblquadrep.m,66.334,60,75.0,30,100.0,66.67
dblquadvec.m,65.616,60,61.54,45,100.0,61.54
dbm.m,69.844,70,41.77,100,100.0,37.45
dbm2vpp.m,68.332,30,83.33,45,100.0,83.33
dbm2w.m,72.0,30,100.0,30,100.0,100.0
dBm2Watt.m,69.0,30,100.0,15,100.0,100.0
DBMatchValues.m,78.554,100,73.33,75,100.0,44.44
DBMerge.m,75.636,60,68.18,100,100.0,50.0
dbm_energy.m,76.442,100,53.25,90,100.0,38.96
dbm_entropy.m,72.572,60,71.43,60,100.0,71.43
dbm_get_hidden.m,69.0,60,68.75,60,100.0,56.25
dbm_get_hidden_raw.m,70.164,100,45.05,75,100.0,30.77
dbm_sample.m,76.144,100,54.29,75,100.0,51.43
dbn.m,76.12,80,60.75,100,100.0,39.85
dbnc.m,80.136,80,63.49,100,100.0,57.19
dbnFit.m,73.4,100,54.0,75,100.0,38.0
dbnPredict.m,66.716,60,64.29,45,100.0,64.29
dbnsetup.m,67.314,60,73.68,45,100.0,57.89
dbntrain.m,65.0,30,80.0,45,100.0,70.0
dbnunfoldtonn.m,77.91,60,81.82,75,100.0,72.73
dbn_hmm_demo.m,75.144,100,82.86,30,100.0,62.86
dbn_init_bel.m,69.0,30,100.0,15,100.0,100.0
dbn_marginal_from_bel.m,80.25,60,93.75,60,100.0,87.5
dbn_predict_bel.m,81.668,60,86.67,75,100.0,86.67
dbn_sample.m,76.952,100,60.98,75,100.0,48.78
dbn_to_bnet.m,69.0,30,100.0,15,100.0,100.0
dbn_to_hmm.m,68.856,60,78.57,45,100.0,60.71
dbn_to_lds.m,64.092,60,81.82,15,100.0,63.64
dbn_update_bel.m,80.25,100,81.25,45,100.0,75.0
dbn_update_bel1.m,72.538,60,80.77,45,100.0,76.92
dboundaries3bumps.m,59.308,100,52.31,15,100.0,29.23
dbpend_energy.m,55.0,30,80.0,15,100.0,50.0
dbpend_rhs.m,80.0,100,73.08,75,100.0,51.92
dbpend_rhs_mapping.m,75.702,100,66.67,75,100.0,36.84
dbPitts.m,72.964,60,59.26,90,100.0,55.56
dbref.m,59.0,30,75.0,15,100.0,75.0
DBRemove.m,84.706,100,70.59,100,100.0,52.94
DBRemoveFigures.m,82.614,100,64.1,90,100.0,58.97
DBRemoveVariables.m,81.59,100,64.1,90,100.0,53.85
dbscale.m,59.0,30,75.0,15,100.0,75.0
dbscan.m,76.018,100,71.19,75,100.0,33.9
DBSCAN_AKmod.m,77.654,100,60.34,90,100.0,37.93
DBSCAN_demo.m,55.708,70,14.04,60,100.0,34.5
dbstopend.m,66.142,30,100.0,15,100.0,85.71
dbTiny.m,81.666,100,64.58,100,100.0,43.75
dbTokyo247.m,68.614,60,65.38,60,100.0,57.69
dbTokyoTimeMachine.m,78.182,100,61.36,75,100.0,54.55
dbtolinspline.m,84.19,100,73.81,90,100.0,57.14
dbt_face_detection_demo.m,85.222,100,75.0,90,100.0,61.11
DBUse.m,77.714,60,66.67,100,100.0,61.9
dbv.m,69.0,30,100.0,15,100.0,100.0
dbVGG.m,77.112,80,64.29,90,100.0,51.27
db_add.m,77.994,80,63.04,100,100.0,46.93
db_add_condition.m,84.72,100,70.79,100,100.0,52.81
db_add_data.m,76.134,80,56.67,100,100.0,44.0
db_add_subject.m,82.942,100,67.65,100,100.0,47.06
db_add_surface.m,85.568,100,81.08,90,100.0,56.76
db_close.m,53.0,30,60.0,15,100.0,60.0
db_combine_channel.m,82.0,100,68.75,90,100.0,51.25
db_delete_anatomy.m,67.896,60,75.86,45,100.0,58.62
db_delete_protocol.m,85.714,100,72.86,100,100.0,55.71
db_delete_studies.m,74.406,60,74.07,75,100.0,62.96
db_delete_subjects.m,79.646,100,76.47,60,100.0,61.76
db_edit_protocol.m,78.756,80,63.36,100,100.0,50.42
db_edit_subject.m,77.6,80,62.5,100,100.0,45.5
db_fix_protocol.m,78.244,80,59.33,100,100.0,51.89
db_group_conditions.m,82.978,80,70.97,100,100.0,63.92
db_gt.m,75.796,80,61.06,90,100.0,47.92
db_ids.m,72.0,30,100.0,30,100.0,100.0
db_im.m,81.808,100,59.52,90,100.0,59.52
db_import.m,83.834,100,66.67,90,100.0,62.5
db_index.m,82.962,100,64.81,100,100.0,50.0
db_insert.m,79.272,100,56.36,100,100.0,40.0
db_insert_blob.m,55.668,30,66.67,15,100.0,66.67
db_links.m,79.076,80,62.81,100,100.0,52.57
db_load_protocol.m,83.332,100,64.58,100,100.0,52.08
db_load_studies.m,83.75,100,66.67,100,100.0,52.08
db_load_subjects.m,84.942,100,67.06,100,100.0,57.65
db_open.m,84.782,100,71.74,100,100.0,52.17
db_parse_study.m,70.376,70,44.38,100,100.0,37.5
db_parse_subject.m,77.546,80,62.89,100,100.0,44.84
db_reload_conditions.m,85.442,100,69.77,90,100.0,67.44
db_reload_database.m,87.548,100,77.36,100,100.0,60.38
db_reload_studies.m,77.448,100,61.22,75,100.0,51.02
db_reload_subjects.m,80.726,100,61.36,90,100.0,52.27
db_rename_condition.m,77.8,80,53.33,100,100.0,55.67
db_rename_protocol.m,79.444,100,62.96,75,100.0,59.26
db_rename_subject.m,74.162,100,63.51,60,100.0,47.3
db_root_dir.m,73.0,30,87.5,60,100.0,87.5
db_save.m,86.41,100,75.64,100,100.0,56.41
db_select.m,87.728,100,81.82,100,100.0,56.82
db_select_blob.m,71.76,60,61.9,75,100.0,61.9
db_set_channel.m,81.312,80,68.42,100,100.0,58.14
db_set_clusters.m,82.338,100,69.88,90,100.0,51.81
db_set_headmodel.m,83.714,100,67.86,90,100.0,60.71
db_set_noisecov.m,84.136,100,73.86,90,100.0,56.82
db_set_template.m,82.482,80,68.07,100,100.0,64.34
db_show_sseg.m,72.0,30,100.0,30,100.0,100.0
db_surface_default.m,74.48,100,59.74,75,100.0,37.66
db_surface_sort.m,67.666,60,87.5,45,100.0,45.83
db_surface_type.m,84.666,100,83.33,90,100.0,50.0
db_template.m,76.574,70,78.91,100,100.0,33.96
db_update.m,76.592,70,61.69,100,100.0,51.27
DC.m,77.0,60,85.0,75,100.0,65.0
DC1_DTLZ1.m,86.938,100,77.55,100,100.0,57.14
DC1_DTLZ3.m,86.53,100,79.59,100,100.0,53.06
dc2dc_v000.m,84.714,100,85.71,75,100.0,62.86
DC2_DTLZ1.m,87.428,100,77.14,100,100.0,60.0
DC2_DTLZ3.m,87.778,100,77.78,100,100.0,61.11
dc3d4.m,71.922,80,55.93,90,100.0,33.68
DC3_DTLZ1.m,87.058,100,78.43,100,100.0,56.86
DC3_DTLZ3.m,86.546,100,78.18,100,100.0,54.55
DCA.m,73.942,60,88.24,45,100.0,76.47
DCA1000_Read_Data.m,80.076,100,90.38,60,100.0,50.0
dCbox.m,65.818,60,72.73,60,100.0,36.36
dcc.m,74.564,70,64.17,100,100.0,38.65
DCCAtrain_SGD.m,79.878,80,67.43,100,100.0,51.96
DCCA_grad.m,75.54,100,68.92,75,100.0,33.78
dccnpath.m,78.58,80,67.32,100,100.0,45.58
DCC_and_DFT_analyze_all.m,72.41,70,48.97,100,100.0,43.08
dcc_fit_variance.m,85.5,100,85.0,75,100.0,67.5
dcc_gjrgarch.m,70.732,70,49.54,100,100.0,34.12
dcc_inference_objective.m,76.082,100,69.39,60,100.0,51.02
dcc_likelihood.m,78.08,80,66.4,90,100.0,54.0
dcc_reconstruct_variance.m,73.5,60,87.5,45,100.0,75.0
dcev.m,61.154,60,84.62,15,100.0,46.15
DCF.m,75.446,80,49.18,100,100.0,48.05
dcfplot.m,77.206,100,79.49,45,100.0,61.54
dcf_at_threshold.m,72.89,60,77.78,60,100.0,66.67
dcgain.m,74.408,60,81.48,75,100.0,55.56
DCGAN.m,77.272,80,76.11,90,100.0,40.25
dchwt_fn2.m,84.19,100,83.33,90,100.0,47.62
dCIOU.m,73.574,100,79.78,60,100.0,28.09
dcircle.m,69.0,30,100.0,15,100.0,100.0
dClambdadx.m,72.0,30,100.0,30,100.0,100.0
DCLFDCBF.m,86.812,100,85.71,100,100.0,48.35
DCM.m,57.856,60,80.95,15,100.0,33.33
dcm2euler.m,63.112,30,77.78,30,100.0,77.78
dcm2euler_m.m,68.0,60,60.0,60,100.0,60.0
dcm2euler_v000.m,72.0,30,100.0,30,100.0,100.0
dcm2heading_v000.m,69.0,30,100.0,15,100.0,100.0
dcm2Lean.m,71.692,60,69.23,60,100.0,69.23
dcm2LeanVector.m,57.0,30,62.5,30,100.0,62.5
dcm2Lie.m,66.428,30,85.71,45,100.0,71.43
dcm2llh_v000.m,74.334,60,91.67,45,100.0,75.0
dcm2mat.m,78.31,100,56.34,100,100.0,35.21
dcm2metaimage.m,79.746,100,60.76,100,100.0,37.97
dcm2ml_Element.m,76.256,80,65.43,100,100.0,35.85
dcm2ml_Fieldname.m,57.666,60,80.0,15,100.0,33.33
dcm2ml_Object.m,83.332,100,61.9,100,100.0,54.76
dcm2q.m,69.384,60,69.23,60,100.0,57.69
dcm2quat.m,75.136,100,86.27,60,100.0,29.41
dcm2QuatCont.m,60.572,30,71.43,30,100.0,71.43
dcm2quat_v000.m,81.472,100,91.18,75,100.0,41.18
dcm2rot_v000.m,80.294,100,82.35,75,100.0,44.12
DCM2RPY.m,72.666,60,83.33,45,100.0,75.0
dcm2scimat.m,73.264,80,53.17,90,100.0,43.15
dcm2vba.m,79.782,80,67.41,100,100.0,51.5
DCM2YPR.m,72.666,60,83.33,45,100.0,75.0
dcmBaFromAeroAngles.m,65.21,60,68.42,45,100.0,52.63
dcmBaFromAeroAnglesMod.m,65.21,60,68.42,45,100.0,52.63
dcmBkFromAngles.m,69.25,60,81.25,30,100.0,75.0
dcmDerivFromOmega.m,66.334,60,75.0,30,100.0,66.67
dcmDerivFromQuat.m,64.43,60,89.29,30,100.0,42.86
dcmDirGetIm.m,81.43,100,62.86,90,100.0,54.29
dcmdir_add.m,75.672,80,55.48,100,100.0,42.88
dcmFolder2MATobject.m,74.492,70,58.24,100,100.0,44.22
dcmFolderAnon.m,81.112,100,57.41,100,100.0,48.15
dcmGetFileFromDir.m,75.332,60,63.33,100,100.0,53.33
dcmGetMajorityAcquisition.m,83.73,100,71.19,100,100.0,47.46
dcmGetMintLesionROI.m,84.058,100,68.12,100,100.0,52.17
dcmGetSliceFromCoord.m,81.53,100,66.67,90,100.0,50.98
DCMH_demo.m,74.882,100,76.47,45,100.0,52.94
dcmKgFromAngles.m,68.768,60,76.92,30,100.0,76.92
dcmPlot.m,65.0,100,66.0,15,100.0,44.0
dcmPlot2.m,69.842,100,81.58,15,100.0,52.63
dcmReadFiles.m,75.0,60,75.0,75,100.0,65.0
dcmSearchDir.m,81.568,100,56.86,100,100.0,50.98
dcmStackImages.m,70.154,60,73.08,60,100.0,57.69
dcm_anonymize.m,88.234,100,82.35,100,100.0,58.82
dcm_anonymize_drive.m,73.79,60,94.74,30,100.0,84.21
DCM_body_updat.m,78.444,60,88.89,60,100.0,83.33
DCM_ERP_simulate_data.m,72.53,100,77.55,30,100.0,55.1
DCM_ERP_subject1.m,69.448,100,72.41,30,100.0,44.83
DCM_example_MMC_BGT.m,62.382,100,69.05,0,100.0,42.86
dcm_fit_finger.m,78.226,100,74.19,75,100.0,41.94
dcm_hhmmss.m,71.91,60,90.91,45,100.0,63.64
DCM_IMU.m,82.6,80,75.19,100,100.0,57.81
DCM_PHASE_meg_demo.m,68.334,100,75.0,30,100.0,36.67
DCM_PHASE_synth_demo.m,79.896,100,78.95,60,100.0,60.53
dcm_update.m,66.76,60,68.97,60,100.0,44.83
DCNSGAIII.m,72.834,60,66.67,75,100.0,62.5
DCoordTurn2D.m,83.908,100,77.27,90,100.0,52.27
dcopf.m,62.332,30,83.33,15,100.0,83.33
dcopf_solver.m,82.336,80,82.18,75,100.0,74.5
dcost.m,76.566,60,78.26,75,100.0,69.57
dcpf.m,71.0,60,70.0,60,100.0,65.0
dcsc.m,80.154,80,69.5,100,100.0,51.27
dct.m,78.422,60,78.95,90,100.0,63.16
dct2.m,69.0,30,100.0,15,100.0,100.0
DCTBasis.m,74.526,60,84.21,60,100.0,68.42
dcti.m,61.74,60,59.26,45,100.0,44.44
dctii.m,61.2,60,60.0,30,100.0,56.0
dctiii.m,61.808,60,61.9,30,100.0,57.14
dctiv.m,61.808,60,61.9,30,100.0,57.14
dctn.m,79.762,100,71.43,75,100.0,52.38
dctresample.m,61.0,60,60.0,30,100.0,55.0
dctthresh.m,62.144,60,71.43,15,100.0,64.29
dct_and_dst.m,62.778,60,77.78,15,100.0,61.11
dct_compress.m,65.666,60,70.83,60,100.0,37.5
dct_freq_bands.m,60.0,60,62.5,15,100.0,62.5
dc_motor.m,65.832,60,83.33,15,100.0,70.83
dc_ofdm_ber_vs_clipping_ratio.m,79.946,80,68.09,100,100.0,51.64
dc_ofdm_ber_vs_clipping_ratio_rx.m,78.786,80,60.61,100,100.0,53.32
DC_remove.m,65.0,30,100.0,15,100.0,80.0
dc_wavelet.m,76.384,60,100.0,45,100.0,76.92
DD.m,78.0,30,100.0,60,100.0,100.0
ddcov.m,77.368,60,73.68,90,100.0,63.16
ddCRP.m,84.122,100,73.47,90,100.0,57.14
dde23a.m,74.262,70,63.11,100,100.0,38.2
DDEA_SE.m,84.13,100,84.78,75,100.0,60.87
ddeblank.m,71.368,60,73.68,60,100.0,63.16
ddewhite.m,70.314,60,73.68,60,100.0,57.89
ddgaussian.m,72.0,30,100.0,30,100.0,100.0
ddiff.m,69.0,30,100.0,15,100.0,100.0
dDIOU.m,72.706,100,77.65,60,100.0,25.88
ddmat.m,81.356,100,64.41,100,100.0,42.37
ddot.m,59.0,30,75.0,15,100.0,75.0
ddouble.m,71.006,70,52.28,100,100.0,32.75
DDP.m,72.454,100,61.36,60,100.0,40.91
ddplot.m,77.636,60,95.45,60,100.0,72.73
DDQN.m,82.236,100,74.12,90,100.0,47.06
ddrefinement.m,77.102,100,58.43,90,100.0,37.08
ddres.m,77.714,80,64.19,100,100.0,44.38
ddres_rtkins.m,80.808,80,63.37,100,100.0,60.67
ddt.m,75.428,60,78.57,60,100.0,78.57
dDTCWT.m,76.0,60,93.75,45,100.0,81.25
ddtTerm.m,80.364,60,90.91,60,100.0,90.91
ddt_v.m,75.428,60,78.57,60,100.0,78.57
ddt_write_v.m,75.428,60,78.57,60,100.0,78.57
ddz.m,79.936,100,70.97,90,100.0,38.71
ddz2.m,78.0,100,72.97,90,100.0,27.03
ddz4.m,72.714,60,76.19,75,100.0,52.38
de2bi.m,81.29,100,61.29,100,100.0,45.16
deadhub.m,69.0,30,100.0,15,100.0,100.0
deadzone.m,65.0,60,85.0,0,100.0,80.0
DEAGNG.m,88.42,100,80.7,100,100.0,61.4
deal.m,75.078,60,61.54,100,100.0,53.85
dealbox.m,69.0,30,100.0,15,100.0,100.0
dealfalk.m,80.332,60,83.33,75,100.0,83.33
dealRobust.m,72.0,30,100.0,30,100.0,100.0
deal_with_bad_data.m,80.5,100,57.5,90,100.0,55.0
Dear_KC.m,69.242,70,46.31,100,100.0,29.9
DebevecCRF.m,66.316,100,48.78,45,100.0,37.8
debiasedNormalizedFeats.m,62.8,60,64.0,30,100.0,60.0
deblank.m,72.714,60,75.0,75,100.0,53.57
deblank2.m,75.626,100,59.38,75,100.0,43.75
deblur.m,71.228,70,55.7,90,100.0,40.44
Deblurr.m,76.692,100,86.54,45,100.0,51.92
Deblurring_GSR.m,76.0,100,64.44,60,100.0,55.56
deblurring_kernel_estimation.m,84.5,100,80.0,75,100.0,67.5
deblur_demo.m,60.8,60,84.0,0,100.0,60.0
deblur_houses_synthz_rot.m,64.668,60,66.67,30,100.0,66.67
deblur_houses_synthz_uni.m,64.668,60,66.67,30,100.0,66.67
Deblur_L1mL2smooth.m,72.22,100,61.54,60,100.0,39.56
Deblur_L1mL2_2Stage.m,69.0,60,75.0,45,100.0,65.0
Deblur_L1mL2_SLaT.m,78.666,100,75.0,60,100.0,58.33
deblur_pantheon_rot.m,50.0,30,60.0,0,100.0,60.0
deblur_pantheon_uni.m,52.668,30,66.67,0,100.0,66.67
deBruijn.m,75.928,100,75.0,60,100.0,44.64
debruijn_sequence.m,73.144,70,96.15,90,100.0,9.57
debug.m,66.0,30,100.0,0,100.0,100.0
DebugBatch.m,81.5,100,58.75,100,100.0,48.75
debugCleanup.m,85.574,100,68.85,100,100.0,59.02
debugCouplingConstraints.m,75.0,100,54.67,75,100.0,45.33
debugDemos.m,83.484,80,86.39,100,100.0,51.03
DebugFunc.m,67.572,60,64.29,60,100.0,53.57
debugging.m,57.442,80,53.37,15,100.0,38.84
debugInfeasibleEntropyFBA.m,73.01,80,54.72,100,100.0,30.33
debugInitializeWeights.m,57.0,30,62.5,30,100.0,62.5
debugModel.m,73.834,80,40.71,100,100.0,48.46
debugXomicsToModel.m,70.874,80,57.14,75,100.0,42.23
debug_initialize_weights.m,65.332,30,83.33,30,100.0,83.33
debug_nn_gradients.m,74.57,100,77.14,30,100.0,65.71
debug_numerical_gradient.m,71.0,60,85.71,45,100.0,64.29
debug_openstreetmap.m,57.112,30,77.78,0,100.0,77.78
debug_sparse.m,76.308,60,92.31,60,100.0,69.23
Debye.m,61.2,60,60.0,30,100.0,56.0
dec.m,63.89,30,88.89,45,100.0,55.56
dec2.m,61.0,30,80.0,15,100.0,80.0
dec2base_comp.m,69.0,60,75.0,60,100.0,50.0
dec2bin_comp.m,71.692,60,76.92,60,100.0,61.54
dec2bin_logical.m,70.23,60,76.92,45,100.0,69.23
dec2decbin.m,69.0,30,100.0,15,100.0,100.0
dec2flag.m,73.166,60,75.0,60,100.0,70.83
dec2hexDemo.m,57.112,30,77.78,0,100.0,77.78
dec2tc.m,72.0,30,100.0,30,100.0,100.0
decasteljau.m,70.076,60,57.69,75,100.0,57.69
decay1.m,60.112,30,77.78,15,100.0,77.78
decay_correct_to_injection_time.m,82.348,100,71.74,90,100.0,50.0
decdemo.m,81.572,100,66.07,90,100.0,51.79
december.m,70.254,80,62.75,75,100.0,33.52
decent.m,71.91,100,60.0,45,100.0,54.55
decenter.m,78.018,100,69.81,75,100.0,45.28
decenter2d.m,77.858,100,67.35,75,100.0,46.94
decentr_sim.m,78.264,80,79.84,75,100.0,56.48
DecideWavLen4XFrames.m,72.0,30,100.0,30,100.0,100.0
decide_branch_variables.m,81.018,100,64.41,100,100.0,40.68
decide_max_block_size_RBM.m,82.334,60,100.0,60,100.0,91.67
decide_max_block_size_tree2.m,83.884,100,64.71,90,100.0,64.71
decimate.m,80.692,100,67.31,90,100.0,46.15
decimate2.m,80.362,80,63.81,100,100.0,58.0
decimatefields.m,78.414,100,73.17,75,100.0,43.9
decimateNd.m,76.566,60,78.26,75,100.0,69.57
decindent.m,57.0,30,80.0,15,100.0,60.0
decisionBoundaryLinearVSwiggly.m,73.0,100,75.56,45,100.0,44.44
DecisionTree.m,75.516,80,58.02,100,100.0,39.56
DecisionVariableAnalysis.m,82.446,100,75.93,90,100.0,46.3
decLDPC_layered.m,80.0,100,61.18,100,100.0,38.82
decluster.m,67.154,60,69.23,45,100.0,61.54
decodeAISPosReports2Mat.m,67.0,30,80.0,45,100.0,80.0
decodeAISString.m,67.0,30,80.0,45,100.0,80.0
decodeBformat.m,76.112,100,59.26,75,100.0,46.3
decodeBformat2stereo.m,64.668,60,66.67,30,100.0,66.67
decodeCharacters.m,76.38,60,85.71,60,100.0,76.19
decodeDebruijn.m,68.636,100,60.0,45,100.0,38.18
DecodedMarginalsToChars.m,72.0,30,100.0,30,100.0,100.0
decodef.m,76.23,60,76.92,75,100.0,69.23
DecodeFun.m,72.0,30,100.0,30,100.0,100.0
decodeHOA_N3D.m,76.51,100,60.38,75,100.0,47.17
decodeLeksellData.m,81.232,100,64.62,100,100.0,41.54
decodePose.m,85.306,100,71.43,100,100.0,55.1
DecodeUnicode.m,64.924,60,73.08,30,100.0,61.54
decodevarname.m,83.89,100,75.56,75,100.0,68.89
decode_at_server.m,68.544,100,76.36,30,100.0,36.36
decode_beam.m,79.2,80,80.0,60,100.0,76.0
decode_blqdata.m,77.826,60,78.26,90,100.0,60.87
decode_cfg.m,64.204,70,40.49,90,100.0,20.53
decode_data.m,80.342,80,62.96,100,100.0,58.75
decode_eph.m,79.242,100,62.03,100,100.0,34.18
decode_epoch.m,84.0,100,67.5,100,100.0,52.5
decode_fif.m,76.152,80,55.26,100,100.0,45.5
decode_geph.m,81.478,100,71.74,90,100.0,45.65
decode_greedy.m,78.764,100,79.41,60,100.0,54.41
decode_hmm.m,76.33,80,57.23,100,100.0,44.42
decode_loc_probs_to_bbox_targets.m,74.718,80,48.26,90,100.0,55.33
decode_modeeg.m,65.286,60,67.86,45,100.0,53.57
decode_navb.m,82.728,100,72.73,100,100.0,40.91
decode_navb_data.m,81.62,100,64.86,100,100.0,43.24
decode_navh.m,77.638,80,60.19,100,100.0,48.0
decode_nifti1.m,79.75,100,83.75,75,100.0,40.0
decode_obsb.m,82.188,100,68.75,100,100.0,42.19
decode_obsh.m,78.286,80,72.12,100,100.0,39.31
decode_ofdm.m,73.736,100,65.79,45,100.0,57.89
decode_ofdm2.m,73.21,100,65.79,45,100.0,55.26
decode_qform0.m,74.262,100,68.42,45,100.0,57.89
decode_reg_vals_to_bbox_targets.m,72.87,100,74.19,45,100.0,45.16
decode_res4.m,76.0,100,68.57,60,100.0,51.43
decode_rnxh.m,89.678,100,87.1,100,100.0,61.29
decode_sp3b.m,79.0,100,61.0,100,100.0,34.0
decode_sp3h.m,88.4,100,84.0,100,100.0,58.0
decode_ys.m,71.91,60,90.91,45,100.0,63.64
Decoding_ambulatory.m,72.83,100,78.05,30,100.0,56.1
Decoding_ambulatory_CNN.m,74.098,100,68.63,45,100.0,56.86
Decoding_ambulatory_ITR.m,72.818,100,75.0,30,100.0,59.09
decom.m,73.214,80,49.66,100,100.0,36.41
Decomp.m,73.938,80,62.5,75,100.0,52.19
decompose.m,68.616,60,69.23,60,100.0,53.85
decomposeCam.m,73.244,100,69.7,45,100.0,51.52
decomposecamera.m,72.158,100,73.68,45,100.0,42.11
DecomposeConnMap.m,79.572,100,68.57,75,100.0,54.29
decomposeFloat.m,68.298,100,56.14,45,100.0,40.35
decomposeLtDL.m,74.588,60,76.47,60,100.0,76.47
decomposeMoietyVectors.m,81.666,100,72.22,75,100.0,61.11
decomposeP.m,70.714,60,60.71,90,100.0,42.86
DecomposePolar.m,81.448,100,74.14,90,100.0,43.1
decomposeUncertain.m,76.016,70,62.48,100,100.0,47.6
decompose_dWU.m,84.062,100,66.67,90,100.0,63.64
decompose_kernel.m,63.112,30,77.78,30,100.0,77.78
decompose_rotation.m,70.314,60,73.68,60,100.0,57.89
decomposition.m,79.102,100,69.23,75,100.0,51.28
DecompositionSelection.m,72.428,60,80.95,45,100.0,76.19
decompress.m,83.112,60,85.19,100,100.0,70.37
decompressShape.m,80.306,100,69.39,75,100.0,57.14
decomp_reconst.m,81.91,100,74.55,75,100.0,60.0
decomp_reconst_full.m,81.23,100,72.13,75,100.0,59.02
decomp_reconst_W.m,81.0,100,71.67,75,100.0,58.33
decomp_reconst_WU.m,80.312,100,70.31,75,100.0,56.25
decom_sig.m,71.828,60,65.52,75,100.0,58.62
deconstruct.m,76.524,60,76.19,75,100.0,71.43
deconv.m,75.082,100,52.08,90,100.0,33.33
deconvCa.m,76.932,80,64.88,100,100.0,39.78
deconvlucydenoiseNew.m,78.484,80,68.59,100,100.0,43.83
deconvlucy_intens.m,68.692,60,69.23,45,100.0,69.23
deconvlucy_rotational.m,79.242,100,78.79,75,100.0,42.42
deconvlucy_uni.m,80.858,100,73.47,90,100.0,40.82
Deconvolue.m,63.858,60,66.67,45,100.0,47.62
deconvolutionClean.m,70.95,100,45.57,75,100.0,34.18
deconvolutionCleanSC.m,71.044,100,47.25,75,100.0,32.97
deconvolutionDAMAS.m,77.928,100,60.98,75,100.0,53.66
deconvolution_standalone.m,81.106,80,66.67,100,100.0,58.86
deconvolution_standalone2.m,77.5,100,63.64,75,100.0,48.86
Deconvolve.m,75.346,100,56.9,75,100.0,44.83
deconvolveCa.m,78.654,80,67.06,100,100.0,46.21
deconvolvevectors.m,62.332,30,83.33,15,100.0,83.33
deconvTemporal.m,78.876,80,55.88,90,100.0,68.5
deconv_new.m,71.588,60,76.47,45,100.0,76.47
deconv_temporal.m,77.734,100,58.67,90,100.0,40.0
deconv_z.m,77.91,60,81.82,75,100.0,72.73
decorrel.m,78.888,100,58.33,100,100.0,36.11
decorrelate.m,68.058,60,76.47,45,100.0,58.82
decorrelateDesignMatrix.m,77.848,60,84.62,60,100.0,84.62
decorrelateVC.m,65.176,60,52.94,60,100.0,52.94
decorrel_v2.m,88.8,100,80.0,100,100.0,64.0
decorrTemporal.m,79.638,100,67.21,90,100.0,40.98
decovm.m,79.5,100,77.5,60,100.0,60.0
decreasing_except_at.m,78.0,30,100.0,60,100.0,100.0
decrypt.m,74.37,60,81.48,60,100.0,70.37
dectree.m,78.428,60,71.43,100,100.0,60.71
dec_rules_constraints.m,75.666,100,86.27,45,100.0,47.06
dec_tree.m,75.216,60,73.91,90,100.0,52.17
dec_unit.m,62.0,30,75.0,30,100.0,75.0
ded.m,70.572,60,71.43,75,100.0,46.43
DeDecompose.m,74.962,80,58.52,100,100.0,36.29
deduceSliceWidths.m,74.666,60,80.0,60,100.0,73.33
deduceSliceWidths_planChk.m,62.052,60,57.89,45,100.0,47.37
deduceVoxelThicknesses.m,78.606,100,48.84,100,100.0,44.19
deduplicate_proposals.m,71.0,60,75.0,45,100.0,75.0
DeDvKalman.m,74.856,100,68.57,60,100.0,45.71
dEdX_gauss.m,72.0,30,100.0,30,100.0,100.0
dEdX_rough.m,72.0,30,100.0,30,100.0,100.0
deepBelNetClassifyDemo.m,76.482,100,72.41,60,100.0,50.0
deepBelNetDemo.m,65.77,60,80.77,15,100.0,73.08
deepBelNetFit.m,79.244,100,66.67,75,100.0,54.55
deepBelNetPredict.m,64.078,60,61.54,45,100.0,53.85
deepCopy.m,79.25,100,60.94,90,100.0,45.31
deepdepends.m,78.428,60,85.71,75,100.0,71.43
deepeaf_configure.m,78.272,60,100.0,45,100.0,86.36
deepeaf_demo.m,64.034,100,63.79,15,100.0,41.38
deepeaf_training.m,79.046,100,81.82,60,100.0,53.41
deepESNv2_turbofan.m,71.414,80,44.73,100,100.0,32.34
DeepFinder.m,74.764,70,55.18,100,100.0,48.64
DeepInstCoseg.m,81.626,80,75.31,100,100.0,52.82
DeepLearning.m,63.658,80,50.31,45,100.0,42.98
deepLearningExamples.m,83.0,100,69.74,90,100.0,55.26
deepLearnSegGui.m,74.692,70,61.2,100,100.0,42.26
DeepMIMO_Dataset_Generator.m,71.238,100,73.81,30,100.0,52.38
DeepMIMO_generator.m,70.448,80,43.48,75,100.0,53.76
deepnetfwd.m,75.366,80,56.0,100,100.0,40.83
deepnetinit.m,86.818,100,72.73,100,100.0,61.36
deepSparseFeatSelection.m,80.832,60,83.33,90,100.0,70.83
DeepSqueak.m,76.4,70,64.17,100,100.0,47.83
DeepSTRCF_VOT_setting.m,79.214,100,77.05,60,100.0,59.02
deep_bidirectional_nmf.m,71.782,80,45.26,100,100.0,33.65
deep_latent.m,75.334,60,75.0,75,100.0,66.67
deep_multiview_semi_nmf.m,71.936,80,51.14,90,100.0,38.54
deep_ns_nmf.m,75.066,80,52.19,100,100.0,43.14
deep_pyramid.m,78.896,100,72.73,75,100.0,46.75
deep_pyramid_add_padding.m,74.618,60,76.19,75,100.0,61.9
deep_pyramid_cache_wrapper.m,70.922,60,69.23,60,100.0,65.38
deep_seminmf.m,75.164,80,53.24,100,100.0,42.58
deep_seminmf_nonlinear.m,74.916,80,48.73,100,100.0,45.85
deep_semi_nmf.m,74.148,80,52.82,100,100.0,37.92
deep_xi_test_set.m,87.23,100,80.0,90,100.0,66.15
deep_xi_train_set.m,80.576,80,64.76,100,100.0,58.12
DefaultArgs.m,76.958,60,69.57,90,100.0,65.22
defaultbackend.m,81.784,100,67.57,90,100.0,51.35
defaultCFileList.m,77.774,100,64.04,90,100.0,34.83
defaultColorCD.m,69.716,60,64.29,60,100.0,64.29
defaultDict.m,76.924,100,61.54,75,100.0,48.08
defaultGeometry.m,77.734,100,60.0,90,100.0,38.67
defaultGpsCovariance.m,77.768,60,76.92,75,100.0,76.92
defaultHRFparams.m,60.0,60,81.25,15,100.0,43.75
defaultId.m,78.666,60,73.33,100,100.0,60.0
defaultLoader.m,72.0,30,100.0,30,100.0,100.0
defaultLookMap.m,68.084,80,59.24,60,100.0,41.18
defaultMeshGiD.m,54.46,70,99.47,0,100.0,2.83
DefaultOptions.m,53.0,30,60.0,15,100.0,60.0
defaultparam.m,62.692,60,76.92,15,100.0,61.54
DefaultParameters.m,66.844,100,69.01,30,100.0,35.21
defaultparamsorg.m,81.924,100,75.0,75,100.0,59.62
defaultPlotColor.m,71.144,60,71.43,60,100.0,64.29
defaultps.m,82.568,100,75.68,75,100.0,62.16
defaultps_bottomup.m,72.666,60,73.33,60,100.0,70.0
defaultps_preprocess.m,71.274,60,72.73,60,100.0,63.64
defaultpython.m,61.668,30,66.67,45,100.0,66.67
defaults.m,79.84,100,82.26,75,100.0,41.94
defaultSimOut.m,53.0,30,60.0,15,100.0,60.0
DefaultVal.m,75.236,60,70.59,75,100.0,70.59
defaultVideoIOPlugin.m,78.0,30,100.0,60,100.0,100.0
DefaultVisualisationParameters.m,64.206,60,75.86,30,100.0,55.17
default_amp_ticks.m,87.142,100,82.14,100,100.0,53.57
default_amp_ticks_decode.m,84.698,100,84.85,75,100.0,63.64
default_amp_ticks_viewer.m,78.808,100,65.66,90,100.0,38.38
default_base_url.m,64.0,30,80.0,30,100.0,80.0
default_bp_var_stats.m,56.446,30,66.67,30,100.0,55.56
default_channel_groups.m,81.466,100,68.0,90,100.0,49.33
default_concatenate_function.m,75.0,30,100.0,45,100.0,100.0
default_config.m,74.768,60,76.92,60,100.0,76.92
default_convnet.m,76.202,80,70.37,75,100.0,55.64
default_dae.m,65.82,100,75.64,15,100.0,38.46
default_dbm.m,76.286,100,78.57,60,100.0,42.86
default_dbn.m,75.158,100,71.93,60,100.0,43.86
default_doa_grid.m,81.51,100,58.49,100,100.0,49.06
default_finish_function.m,69.0,30,100.0,15,100.0,100.0
default_gsn.m,78.824,100,73.53,75,100.0,45.59
default_header.m,67.088,60,69.57,45,100.0,60.87
default_label2class.m,80.66,100,75.47,75,100.0,52.83
default_method_config.m,65.692,60,69.23,30,100.0,69.23
default_metrics.m,77.734,100,58.67,90,100.0,40.0
default_mlp.m,74.046,100,69.32,60,100.0,40.91
default_mosek_param.m,72.0,30,100.0,30,100.0,100.0
default_name.m,66.608,60,56.52,60,100.0,56.52
default_options.m,72.058,100,83.53,45,100.0,31.76
default_parameters.m,72.902,100,63.41,45,100.0,56.1
default_plot_stats.m,68.0,60,83.33,30,100.0,66.67
default_psd_estimator.m,65.332,30,83.33,30,100.0,83.33
default_psd_plotter.m,67.332,60,73.33,30,100.0,73.33
default_quadprog_param.m,84.13,100,75.81,90,100.0,54.84
default_rbm.m,70.08,100,84.69,30,100.0,35.71
default_sdae.m,74.5,100,71.25,60,100.0,41.25
default_SICD_description.m,76.082,100,66.33,60,100.0,54.08
default_sim_parameters.m,65.684,60,84.21,0,100.0,84.21
default_snapshot_plotter.m,66.334,60,75.0,30,100.0,66.67
default_start_function.m,69.0,30,100.0,15,100.0,100.0
default_stop.m,80.626,100,68.75,75,100.0,59.38
default_time_ticks.m,87.5,100,87.5,90,100.0,60.0
default_time_ticks_decode.m,84.046,100,76.74,90,100.0,53.49
default_time_ticks_studio.m,80.692,100,71.15,90,100.0,42.31
default_topo_plotter.m,64.0,30,80.0,30,100.0,80.0
default_window_selection.m,74.174,100,65.22,60,100.0,45.65
defDDt.m,63.0,60,73.33,15,100.0,66.67
defGGt.m,63.714,60,78.57,30,100.0,50.0
deficitBasedDistribution.m,66.354,60,64.71,60,100.0,47.06
defIndlev.m,83.842,60,94.74,75,100.0,89.47
define.m,78.666,60,83.33,75,100.0,75.0
DefineAllRaypath.m,81.462,80,67.31,100,100.0,60.0
defineAnonBeamgeometry.m,75.0,100,100.0,15,100.0,60.0
defineAnonBeams.m,69.796,80,85.98,15,100.0,68.0
defineAnonComment.m,69.0,30,100.0,15,100.0,100.0
defineAnonDeform.m,66.778,30,100.0,15,100.0,88.89
defineAnonDigitalfilm.m,67.592,60,100.0,15,100.0,62.96
defineAnonDose.m,69.78,100,100.0,15,100.0,33.9
defineAnonDvh.m,65.4,60,100.0,15,100.0,52.0
defineAnonFeatureset.m,68.846,60,100.0,15,100.0,69.23
defineAnonHeader.m,69.0,30,100.0,15,100.0,100.0
defineAnonImportlog.m,69.0,30,100.0,15,100.0,100.0
defineAnonIvh.m,65.834,60,100.0,15,100.0,54.17
defineAnonPlanparam.m,64.09,60,100.0,15,100.0,45.45
defineAnonRegistration.m,62.334,60,86.67,15,100.0,50.0
defineAnonScan.m,66.784,100,83.78,15,100.0,35.14
defineAnonSeedgeometry.m,71.25,60,100.0,15,100.0,81.25
defineAnonSegmentlabel.m,70.386,60,92.31,15,100.0,84.62
defineAnonStructurearray.m,69.0,30,100.0,15,100.0,100.0
defineAnonStructurearraymore.m,69.0,30,100.0,15,100.0,100.0
defineAnonStructures.m,66.334,60,96.67,15,100.0,60.0
defineAnonTexture.m,71.666,60,100.0,15,100.0,83.33
defineBus_HighVoltage.m,63.668,60,91.67,0,100.0,66.67
defineBus_Rotational.m,66.0,30,100.0,0,100.0,100.0
defineCbf.m,70.308,60,92.31,30,100.0,69.23
defineClf.m,77.364,60,100.0,45,100.0,81.82
defineCoordSystems.m,65.546,100,72.73,30,100.0,25.0
definecreationtime.m,69.0,30,100.0,15,100.0,100.0
defineCutLinesProfiles.m,75.922,100,66.15,75,100.0,38.46
definedOrDefault_long.m,73.0,30,87.5,60,100.0,87.5
defineInterval.m,80.816,100,62.24,100,100.0,41.84
defineLaminateData.m,75.828,80,72.95,90,100.0,36.19
defineLinearConstraints.m,81.628,100,67.44,100,100.0,40.7
definePanel.m,79.228,80,83.26,100,100.0,32.88
definePaths.m,81.134,80,66.67,100,100.0,59.0
definePitchAxis.m,75.452,80,68.14,75,100.0,54.12
definePoint.m,81.492,100,61.19,100,100.0,46.27
definePropulsionModel.m,76.0,60,70.0,90,100.0,60.0
definesolvers.m,53.56,70,25.72,45,100.0,27.08
definesolvers_original.m,47.766,70,27.35,15,100.0,26.48
defineSortingConstants.m,59.694,60,84.62,0,100.0,53.85
DefineStructures.m,68.526,100,97.37,15,100.0,30.26
defineSystem.m,79.182,60,100.0,45,100.0,90.91
defineTimechunksToKeep.m,79.316,100,68.29,60,100.0,68.29
defineUptakeSecretionProfiles.m,68.296,100,51.85,60,100.0,29.63
defineWebNodes.m,82.646,100,82.35,75,100.0,55.88
DefineZone.m,80.456,100,63.64,100,100.0,38.64
define_biff.m,62.264,100,86.79,0,100.0,24.53
define_constants.m,68.0,60,100.0,0,100.0,80.0
define_control_points.m,60.428,30,85.71,15,100.0,71.43
Define_design_domain_r2.m,63.748,70,18.56,100,100.0,30.18
define_distances_btw_control_points.m,56.176,60,76.47,15,100.0,29.41
define_grid_coordinates.m,71.368,60,78.95,60,100.0,57.89
define_input.m,80.418,100,72.53,90,100.0,39.56
define_mapping.m,72.926,60,74.07,75,100.0,55.56
define_modes.m,83.726,100,85.45,75,100.0,58.18
define_parameters.m,72.0,100,66.2,60,100.0,33.8
define_quad_body.m,68.904,100,82.26,30,100.0,32.26
define_state_trim.m,65.274,60,72.73,30,100.0,63.64
define_wing_body.m,70.118,100,79.41,30,100.0,41.18
DefinitionAsCoordinateTransform.m,56.11,100,47.22,0,100.0,33.33
deflate.m,70.808,60,61.9,75,100.0,57.14
deflated_block_arnoldi.m,78.8,100,58.0,90,100.0,46.0
deflateimports.m,81.052,100,67.8,90,100.0,47.46
deflation.m,66.0,60,66.67,45,100.0,58.33
deflationDemo.m,65.334,60,86.67,0,100.0,80.0
deflationFun.m,72.4,60,60.0,90,100.0,52.0
deflationshifted.m,81.0,60,100.0,45,100.0,100.0
DeFleCT.m,78.716,100,74.29,75,100.0,44.29
defMetrics.m,77.774,80,76.7,100,100.0,32.17
defopt_erps.m,68.334,60,91.67,15,100.0,75.0
defopt_scalp_csp.m,69.666,60,93.33,15,100.0,80.0
defopt_scalp_erp.m,68.044,60,95.65,15,100.0,69.57
defopt_scalp_power.m,65.0,60,95.0,15,100.0,55.0
defopt_scalp_r.m,67.726,60,95.45,15,100.0,68.18
defopt_spec.m,66.668,60,91.67,15,100.0,66.67
deform.m,73.88,70,61.32,100,100.0,38.08
Deformable.m,72.424,80,47.06,100,100.0,35.06
DeformableNull.m,66.89,30,77.78,60,100.0,66.67
DeformableSpring.m,73.756,80,56.61,100,100.0,32.17
deformationGradientTensor.m,66.224,60,55.56,60,100.0,55.56
deformationTensor.m,72.0,30,100.0,30,100.0,100.0
deformation_field_3d_analysis.m,73.102,100,74.36,45,100.0,46.15
deform_skeleton.m,72.666,60,83.33,45,100.0,75.0
defParam.m,78.572,60,78.57,90,100.0,64.29
defragMemory.m,69.0,30,100.0,15,100.0,100.0
DefSynth.m,74.334,60,86.67,45,100.0,80.0
def_edges.m,69.0,30,100.0,15,100.0,100.0
def_filename.m,73.31,100,53.52,75,100.0,38.03
def_rootpath.m,63.112,30,77.78,30,100.0,77.78
deg.m,51.0,30,60.0,15,100.0,50.0
deg180.m,77.0,60,80.77,75,100.0,69.23
deg2DegMinSec.m,72.0,30,100.0,30,100.0,100.0
deg2dim.m,64.0,30,80.0,30,100.0,80.0
deg2dms.m,68.694,60,84.62,45,100.0,53.85
deg2rad_GT.m,59.0,30,75.0,15,100.0,75.0
deg2utm.m,85.908,100,86.36,75,100.0,68.18
deg360.m,80.788,100,71.05,75,100.0,57.89
degeneracy.m,83.59,80,85.09,90,100.0,62.86
DEgenerator.m,80.702,100,72.97,90,100.0,40.54
DEgenerator2.m,81.54,100,66.67,100,100.0,41.03
DEgenerator_better.m,81.17,100,71.95,90,100.0,43.9
DEGetTrialVector.m,74.166,100,61.11,75,100.0,34.72
DEGetTrialVectorConstrained.m,79.756,100,63.41,100,100.0,35.37
degexpand.m,63.09,60,50.0,60,100.0,45.45
deglitch.m,83.044,100,67.39,100,100.0,47.83
degMinSec2Rad.m,62.616,60,69.23,30,100.0,53.85
degradation_model.m,63.384,60,65.38,30,100.0,61.54
DegradeBlocks.m,65.0,30,100.0,15,100.0,80.0
degrading_merge.m,85.646,100,76.47,90,100.0,61.76
degreduce.m,75.182,60,72.73,75,100.0,68.18
degree.m,75.546,60,90.91,45,100.0,81.82
degrees_dir.m,59.0,30,75.0,15,100.0,75.0
degrees_und.m,55.668,30,66.67,15,100.0,66.67
DegToRad.m,62.0,30,100.0,30,100.0,50.0
degunwrap.m,77.0,100,57.5,75,100.0,52.5
deg_to_rad.m,72.0,30,100.0,30,100.0,100.0
dehaze.m,69.0,100,55.88,45,100.0,44.12
dehaze_fast.m,63.142,60,57.14,45,100.0,53.57
DehomogenisationMeshPrinter.m,75.0,100,58.0,75,100.0,42.0
DehomogenisationOutputPrinter.m,75.556,100,55.56,75,100.0,47.22
DehomogenisationPrinter.m,75.426,100,65.96,75,100.0,36.17
DehomogenisingCases.m,56.18,60,45.45,30,100.0,45.45
DehomogenizationTestsSuite.m,71.692,60,69.23,60,100.0,69.23
Dehomogenizer.m,78.416,100,65.62,90,100.0,36.46
Dehomogenizing.m,73.194,80,66.9,75,100.0,44.07
DehomogenizingExample.m,74.554,80,69.19,75,100.0,48.58
DehomogenizingRadialExample.m,76.948,80,64.41,90,100.0,50.33
DehomogenizingSeveralSingularitiesTest.m,77.1,80,74.81,90,100.0,40.69
DehomogenizingSingularitiesTest.m,74.468,80,68.59,90,100.0,33.75
DehomogenizingTests.m,67.69,60,55.17,75,100.0,48.28
deim.m,66.26,100,68.83,30,100.0,32.47
deinterleaveBits.m,72.948,100,65.38,75,100.0,24.36
deislands2d.m,77.0,100,65.0,75,100.0,45.0
deislands3d.m,63.258,60,62.96,60,100.0,33.33
dejone.m,66.428,30,85.71,45,100.0,71.43
dejongsfcn.m,75.778,30,100.0,60,100.0,88.89
DeJong_f2.m,59.0,30,83.33,15,100.0,66.67
DeJong_f3.m,69.0,30,100.0,15,100.0,100.0
DeJong_f4.m,82.182,60,100.0,60,100.0,90.91
DEKF_2V_2D.m,75.944,100,80.28,60,100.0,39.44
DEKF_3V_2D.m,79.878,100,83.33,60,100.0,56.06
DEKF_3V_2D_ETC.m,75.038,80,79.31,60,100.0,55.88
DEKF_3V_2D_Event1.m,73.154,80,78.88,75,100.0,31.89
DEKF_3V_2D_Event2.m,72.37,80,77.56,75,100.0,29.29
DEKF_3V_3D.m,79.812,100,82.81,60,100.0,56.25
DEKF_3V_3D_ETC.m,75.36,80,79.13,60,100.0,57.67
DEKF_3V_3D_old.m,74.58,100,83.87,60,100.0,29.03
del2map.m,83.278,100,67.21,100,100.0,49.18
delaunay2_demo.m,78.9,80,67.29,90,100.0,57.21
delaunayGraph.m,67.25,60,68.75,45,100.0,62.5
delaunayize.m,84.47,100,78.82,100,100.0,43.53
DelaunaySO3.m,81.214,100,54.55,100,100.0,51.52
DelaunayVar.m,65.5,60,75.0,30,100.0,62.5
delaunayZip.m,77.122,80,62.46,100,100.0,43.15
delaunay_neighbors.m,78.0,100,70.0,75,100.0,45.0
delaunay_sphere.m,67.364,60,68.18,45,100.0,63.64
deLaValeePoussinKernel.m,64.952,60,52.38,60,100.0,52.38
deLaValleePoussinKernel.m,64.952,60,52.38,60,100.0,52.38
delay.m,67.0,30,80.0,45,100.0,80.0
delay2spec.m,79.856,60,85.71,75,100.0,78.57
DelayDMDc.m,68.332,60,94.44,15,100.0,72.22
DelayDMDc_MV.m,85.0,100,80.0,90,100.0,55.0
delayDopplerPlotNBPulseDop.m,69.35,100,61.4,45,100.0,40.35
delayDopplerRateCRLBLFMApprox.m,69.0,100,58.62,45,100.0,41.38
DelayedCovMat.m,60.714,60,71.43,15,100.0,57.14
DelayEmbed.m,62.25,60,56.25,45,100.0,50.0
delayline.m,79.814,80,66.12,100,100.0,52.95
delaysum1_test.m,67.666,100,58.33,45,100.0,35.0
DelaySum_Beamformer_fast.m,82.324,100,80.65,60,100.0,70.97
delaytime.m,83.652,100,71.74,90,100.0,56.52
delay_detect.m,80.306,100,71.43,75,100.0,55.1
delay_embed.m,81.334,100,66.67,90,100.0,50.0
delay_guess.m,81.034,100,80.65,60,100.0,64.52
delay_signal.m,70.666,60,75.0,60,100.0,58.33
delay_sum_init.m,69.334,60,75.0,45,100.0,66.67
delendelem.m,69.0,30,100.0,15,100.0,100.0
Delequalsamples.m,63.428,30,85.71,30,100.0,71.43
delete.m,64.092,60,90.91,15,100.0,54.55
deleteAligned.m,59.0,30,75.0,15,100.0,75.0
deleteAllROIs.m,62.332,30,83.33,15,100.0,83.33
DeleteBlock.m,60.0,60,100.0,15,100.0,25.0
DeleteBlockSingle.m,78.53,100,81.63,60,100.0,51.02
deletechanGUI.m,81.714,100,60.0,100,100.0,48.57
DeleteCluster.m,65.334,30,88.89,30,100.0,77.78
deleteCurrentLine.m,75.0,60,80.0,60,100.0,75.0
deletedMessage.m,85.294,100,67.65,100,100.0,58.82
deleteIdenticalShadowedCopies.m,67.668,60,66.67,45,100.0,66.67
deleteInactivatedReactions.m,72.266,100,65.31,45,100.0,51.02
deleteInactiveGenes.m,83.406,100,67.57,90,100.0,59.46
deleteLmk.m,56.446,30,66.67,30,100.0,55.56
deleteLostTracks.m,71.588,60,76.47,45,100.0,76.47
deletemeshfile.m,79.858,60,92.86,75,100.0,71.43
deleteModelGenes.m,75.924,100,63.08,75,100.0,41.54
deleteMultipleROIs.m,67.846,60,65.38,60,100.0,53.85
deleteObject.m,71.586,60,86.21,60,100.0,51.72
deleteObjectPerm.m,71.694,60,84.62,60,100.0,53.85
deleteObjectsOutsideFrame.m,69.454,60,68.18,60,100.0,59.09
deleteoutliers.m,84.8,100,74.0,100,100.0,50.0
deleteProtons.m,72.556,100,61.11,60,100.0,41.67
deleteRedundantSets.m,82.808,100,66.67,100,100.0,47.37
deleteRepeated.m,71.144,60,71.43,60,100.0,64.29
deleteReplicateHyps.m,76.248,100,65.62,75,100.0,40.62
deleteROI.m,68.828,60,65.52,60,100.0,58.62
deleteScan.m,77.078,60,84.62,60,100.0,80.77
deleteSeedGapfilledReactions.m,79.946,80,73.2,100,100.0,46.53
DeleteSegment.m,69.0,30,100.0,15,100.0,100.0
DeleteSegmentSingle.m,79.692,100,74.36,60,100.0,64.1
deletestreamlines_Callback.m,64.0,30,100.0,15,100.0,75.0
deleteStructure.m,69.0,30,100.0,15,100.0,100.0
deleteStructureSegments.m,79.318,100,55.68,100,100.0,40.91
deleteUnusedGenes.m,78.182,100,65.91,75,100.0,50.0
deletewithsemaphores.m,79.166,60,75.0,90,100.0,70.83
deleteZeros.m,59.0,30,75.0,15,100.0,75.0
delete_all_Callback.m,66.5,30,100.0,15,100.0,87.5
delete_event.m,65.112,60,55.56,60,100.0,50.0
delete_event_gui.m,60.5,60,56.25,30,100.0,56.25
delete_interpolate_line.m,76.572,60,100.0,30,100.0,92.86
delete_option.m,74.616,60,61.54,90,100.0,61.54
delete_path.m,68.334,30,88.89,45,100.0,77.78
delete_psd.m,66.4,60,64.0,60,100.0,48.0
delete_section.m,83.162,100,64.52,90,100.0,61.29
DeletingP1D.m,72.632,100,51.32,75,100.0,36.84
delfigs.m,66.0,30,100.0,0,100.0,100.0
delfile.m,65.334,30,88.89,30,100.0,77.78
delineate3D.m,77.392,80,56.44,100,100.0,50.52
delineateP3D.m,77.198,70,61.19,100,100.0,54.8
delmarkers_Callback.m,64.0,30,100.0,15,100.0,75.0
delmesh.m,77.714,60,82.14,75,100.0,71.43
deloutabove.m,60.572,30,71.43,30,100.0,71.43
deloutbelow.m,65.332,30,83.33,30,100.0,83.33
delpath.m,83.274,100,63.64,100,100.0,52.73
delq.m,59.0,30,75.0,15,100.0,75.0
delta.m,64.5,30,87.5,30,100.0,75.0
delta2se.m,70.25,60,68.75,60,100.0,62.5
delta2static.m,82.142,100,78.57,75,100.0,57.14
delta2static_ML.m,78.252,100,71.88,60,100.0,59.38
delta2tform.m,71.144,60,71.43,60,100.0,64.29
delta2tr.m,69.0,30,100.0,15,100.0,100.0
deltaE2000.m,79.0,100,100.0,45,100.0,50.0
deltafun.m,72.966,80,48.91,100,100.0,35.92
deltaG0concFluxConstraintBounds.m,73.348,70,59.01,100,100.0,37.73
DeltaNode.m,83.902,100,69.51,100,100.0,50.0
DeltaOperator.m,76.11,100,58.33,75,100.0,47.22
DeltaP.m,76.728,60,81.82,60,100.0,81.82
deltas.m,69.5,60,62.5,75,100.0,50.0
deltaSigmaVal.m,82.702,100,64.86,100,100.0,48.65
DeltaVFrameEnum.m,82.44,100,58.54,100,100.0,53.66
deltaVTypeEnum.m,78.284,60,85.71,60,100.0,85.71
delta_capacity_basic.m,65.178,60,64.71,60,100.0,41.18
delta_capacity_lemma11.m,75.0,60,84.0,75,100.0,56.0
delta_capacity_lemma9.m,75.89,60,77.78,75,100.0,66.67
delta_function_from_parfile.m,84.15,100,69.81,100,100.0,50.94
delta_kernel.m,65.616,60,61.54,45,100.0,61.54
delta_kernel_rot.m,51.224,30,55.56,15,100.0,55.56
delta_kernel_uni.m,65.616,60,61.54,45,100.0,61.54
delta_mush.m,84.062,100,78.79,90,100.0,51.52
deltri2.m,73.724,80,53.97,100,100.0,34.65
delUniformStr.m,76.416,80,53.18,100,100.0,48.9
delval.m,81.332,100,61.9,90,100.0,54.76
del_column.m,57.714,30,71.43,30,100.0,57.14
del_in_source.m,68.0,60,75.0,30,100.0,75.0
del_in_target.m,70.0,60,70.0,60,100.0,60.0
del_matr_el.m,67.668,60,66.67,45,100.0,66.67
del_outliers.m,70.666,60,75.0,60,100.0,58.33
del_row.m,58.668,30,66.67,30,100.0,66.67
del_vec_el.m,64.332,60,58.33,45,100.0,58.33
dem.m,73.288,70,57.02,100,100.0,39.42
Dem2Basemap.m,85.0,100,73.44,100,100.0,51.56
dem2ddat.m,58.2,60,64.0,15,100.0,52.0
deMain.m,73.25,80,50.97,100,100.0,35.28
demand.m,74.274,60,81.82,75,100.0,54.55
demard.m,78.74,80,79.2,75,100.0,59.5
demBarenco1.m,70.988,70,57.1,75,100.0,52.84
demBarenco2.m,71.44,70,55.45,75,100.0,56.75
demBarencoMap1.m,74.898,100,79.49,45,100.0,50.0
demBarencoMap2.m,74.5,100,78.75,45,100.0,48.75
demBarencoMap3.m,74.366,100,79.27,45,100.0,47.56
demBarencoMap4.m,75.874,100,78.12,45,100.0,56.25
demBarencoMap5.m,75.562,100,78.12,45,100.0,54.69
demBarencoMap6.m,75.562,100,78.12,45,100.0,54.69
demBarencoMap7.m,75.268,100,77.61,45,100.0,53.73
demBarencoMap8.m,75.268,100,77.61,45,100.0,53.73
demBarencoRank.m,64.314,80,54.48,45,100.0,42.09
demBarencoVariational1.m,75.026,100,76.71,45,100.0,53.42
demBasisSample.m,68.14,100,56.99,45,100.0,38.71
demBrendan1.m,73.026,100,70.27,30,100.0,64.86
demBrendanFgplvm1.m,63.716,60,64.29,30,100.0,64.29
demBrendanFgplvm2.m,73.742,100,70.97,30,100.0,67.74
demBrendanFgplvm3.m,64.668,60,66.67,30,100.0,66.67
demBrendanFgplvm4.m,73.742,100,70.97,30,100.0,67.74
demBrendanFgplvm5.m,64.668,60,66.67,30,100.0,66.67
demBrendanPpca1.m,65.828,60,69.57,30,100.0,69.57
demClassification3.m,69.89,100,57.78,45,100.0,46.67
demClassificationOneIvm1.m,69.832,100,58.33,45,100.0,45.83
demClassificationTwoIvm1.m,69.87,100,58.7,45,100.0,45.65
demcmap.m,70.55,70,43.95,100,100.0,38.8
demCmu35Animate.m,75.862,100,73.86,60,100.0,45.45
demCmu35gplvm1.m,68.57,100,83.67,0,100.0,59.18
demCmu35gplvm2.m,68.57,100,83.67,0,100.0,59.18
demCmu35gplvm3.m,68.57,100,83.67,0,100.0,59.18
demCmu35gplvm4.m,68.57,100,83.67,0,100.0,59.18
demCmu35gplvmFgplvm1.m,68.838,100,81.4,0,100.0,62.79
demCmu35gplvmFgplvm2.m,68.838,100,81.4,0,100.0,62.79
demCmu35gplvmFgplvm3.m,68.838,100,81.4,0,100.0,62.79
demCmu35gplvmReconstruct.m,73.742,100,80.65,30,100.0,58.06
demCmu35gplvmReconstructTaylor.m,75.316,100,81.05,45,100.0,50.53
demCmu35NearestNeighbour.m,68.516,100,72.41,15,100.0,55.17
demCmu35SequenceOptimise.m,77.926,100,74.07,60,100.0,55.56
demCmu35TaylorNearestNeighbour.m,68.82,100,74.55,15,100.0,54.55
demean.m,61.666,60,72.22,15,100.0,61.11
demEcoliMap1.m,75.336,80,73.77,60,100.0,62.91
demEP1.m,69.416,100,56.25,45,100.0,45.83
demev1.m,79.18,80,74.79,75,100.0,66.11
demev2.m,78.784,80,75.25,90,100.0,48.67
demev3.m,78.768,80,74.8,75,100.0,64.04
demFourWalks1.m,69.474,100,78.95,0,100.0,68.42
demFourWalksReconstruct.m,80.084,100,80.85,60,100.0,59.57
demgauss.m,74.966,100,89.66,30,100.0,55.17
demglm1.m,76.382,100,71.23,60,100.0,50.68
demglm2.m,78.95,100,71.6,75,100.0,48.15
demgmm1.m,72.816,80,61.59,75,100.0,47.49
demgmm1_movie.m,68.26,100,55.56,45,100.0,40.74
demgmm2.m,72.982,80,66.67,60,100.0,58.24
demgmm3.m,71.636,80,69.13,60,100.0,49.05
demgmm4.m,71.782,80,71.6,60,100.0,47.31
demgmm5.m,75.072,80,77.36,45,100.0,73.0
demgp.m,76.64,80,61.15,90,100.0,52.05
demgpard.m,79.154,80,80.77,60,100.0,75.0
demGpCov2D.m,81.27,80,64.49,100,100.0,61.86
demGpCovFuncSample.m,67.808,80,48.25,60,100.0,50.79
demGpdisimMef2.m,75.168,80,71.68,75,100.0,49.16
demgpot.m,71.0,60,83.33,45,100.0,66.67
demGpSample.m,75.956,100,82.61,45,100.0,52.17
demGpTwoSample.m,67.0,60,93.75,0,100.0,81.25
demGpTwoSampleEB.m,64.25,60,75.0,30,100.0,56.25
demGpTwoSampleEBsh.m,63.882,60,70.59,30,100.0,58.82
demGpTwoSampleLif.m,68.0,60,85.71,30,100.0,64.29
demGpTwoSampleLifsh.m,61.53,60,70.59,30,100.0,47.06
demgtm1.m,82.024,80,68.38,100,100.0,61.74
demgtm2.m,71.926,80,68.64,60,100.0,50.99
demhint.m,85.91,100,81.82,75,100.0,72.73
demhmc1.m,76.352,80,69.67,75,100.0,57.09
demhmc2.m,81.254,80,73.27,75,100.0,78.0
demhmc3.m,83.866,80,73.33,90,100.0,76.0
demInterpolationGp.m,77.82,100,70.51,75,100.0,43.59
demIonosphere1.m,65.332,60,83.33,0,100.0,83.33
demkmn1.m,75.17,100,67.07,60,100.0,48.78
demknn1.m,77.078,100,66.23,75,100.0,44.16
demmailos2vel.m,67.052,100,59.65,30,100.0,45.61
demmdn1.m,76.108,80,66.09,90,100.0,44.45
demmet1.m,83.954,100,67.44,100,100.0,52.33
demmlp1.m,74.0,100,68.75,45,100.0,56.25
demmlp2.m,67.64,80,66.67,45,100.0,46.53
demMppca1.m,74.042,60,91.3,45,100.0,73.91
demnlab.m,70.814,70,55.23,100,100.0,28.84
demns1.m,72.872,100,73.12,45,100.0,46.24
demo.m,76.17,100,75.47,45,100.0,60.38
demo1.m,67.682,100,59.34,45,100.0,34.07
demo10.m,68.91,60,81.82,30,100.0,72.73
demo11.m,66.0,30,100.0,0,100.0,100.0
demo1_minimum_snap_simple.m,73.998,80,75.49,45,100.0,69.5
demo1_radix2.m,72.452,100,70.97,30,100.0,61.29
demo2.m,61.572,60,67.86,30,100.0,50.0
demo2a.m,59.586,60,75.86,0,100.0,62.07
demo2chebgui.m,82.4,100,60.0,100,100.0,52.0
demo2DDataAssociation.m,67.024,80,56.58,60,100.0,38.54
demo2DIntegratedDataAssociation.m,70.466,70,58.5,75,100.0,48.83
demo2_minimum_snap_corridor.m,70.954,80,74.56,45,100.0,55.21
demo3.m,72.818,100,75.0,30,100.0,59.09
demo30.m,52.132,80,22.83,15,100.0,42.83
demo3b.m,65.636,60,90.91,0,100.0,77.27
demo3c.m,68.344,60,79.31,30,100.0,72.41
demo3_minimum_snap_close_form.m,78.158,100,75.79,75,100.0,40.0
demo4.m,64.856,60,85.71,0,100.0,78.57
demo4_minimum_snap_guiding.m,69.208,80,77.54,45,100.0,43.5
demo5.m,72.782,60,100.0,30,100.0,73.91
demo55.m,52.132,80,22.83,15,100.0,42.83
demo6.m,64.858,60,100.0,0,100.0,64.29
demo7.m,63.966,60,79.31,15,100.0,65.52
demo8.m,65.5,100,77.5,0,100.0,50.0
demo80.m,52.236,80,25.2,15,100.0,40.98
demo9.m,67.058,100,79.41,0,100.0,55.88
demo9a.m,65.406,100,75.68,0,100.0,51.35
demoAE.m,67.89,100,66.67,15,100.0,57.78
DemoAll.m,74.2,100,78.0,45,100.0,48.0
DemoAnnotatedData.m,81.714,100,67.14,90,100.0,51.43
demoA_4a.m,75.648,60,100.0,30,100.0,88.24
demoA_4b.m,76.666,60,100.0,30,100.0,93.33
demoBallisticScenario.m,72.156,80,61.36,75,100.0,44.42
DemoBayesCP.m,80.814,100,79.66,60,100.0,64.41
DemoBayesCP_Image.m,79.888,100,84.51,60,100.0,54.93
demoBinaryCRBM.m,65.306,100,79.59,0,100.0,46.94
demoBinaryRBM_MNIST.m,64.572,100,71.43,0,100.0,51.43
demoBlochCim.m,78.808,100,82.98,60,100.0,51.06
demoboxyviolin.m,75.286,60,92.86,45,100.0,78.57
demoBrowser.m,79.46,80,73.68,100,100.0,43.62
democc.m,80.118,100,94.12,30,100.0,76.47
democc_markmax.m,74.286,60,67.86,90,100.0,53.57
democc_mmdef.m,79.5,60,81.25,75,100.0,81.25
democc_plotmat.m,67.666,60,72.22,45,100.0,61.11
democc_rfcdef.m,77.666,100,64.0,75,100.0,49.33
democc_tpdef.m,81.578,60,84.21,90,100.0,73.68
democlass.m,76.538,100,62.64,75,100.0,45.05
demoClassification.m,76.12,80,70.43,60,100.0,70.17
demoClassify.m,76.694,100,78.85,45,100.0,59.62
demoClipMeshVertices.m,59.394,100,51.52,0,100.0,45.45
demoCluster.m,78.074,60,92.59,60,100.0,77.78
demoColorCompatibility.m,75.334,100,65.48,60,100.0,51.19
demoConcatenateMeshes.m,69.334,60,100.0,0,100.0,86.67
democonfint.m,70.142,100,57.14,45,100.0,48.57
demoConjugatePriorEstimation.m,66.23,80,67.38,30,100.0,53.77
demoCopulae.m,61.93,80,57.42,45,100.0,27.23
demoCurvedEarthSimLevel.m,73.188,80,58.65,75,100.0,52.29
demoCurvedEarthSimSpiral.m,77.196,100,72.73,60,100.0,53.25
demoCustom.m,77.152,100,71.21,60,100.0,54.55
demoCutMeshByPlane.m,62.0,60,75.0,15,100.0,60.0
demoDAE.m,66.512,100,72.09,0,100.0,60.47
demoDBN.m,64.482,100,72.41,0,100.0,50.0
demoDfGBox.m,65.476,60,85.71,15,100.0,66.67
demodOFDM.m,56.0,30,60.0,30,100.0,60.0
demoDrawArrow3d.m,75.25,100,71.25,60,100.0,45.0
demoDrawLine3d.m,66.75,100,68.75,15,100.0,50.0
demoDrawPlane3d.m,67.244,100,69.7,15,100.0,51.52
demoDrawPoint3d.m,70.85,100,69.7,30,100.0,54.55
demoDrawTubularMesh.m,70.462,100,51.28,60,100.0,41.03
demoDRBM.m,71.162,100,72.58,30,100.0,53.23
demodulate_in_frequency.m,72.25,60,81.25,45,100.0,75.0
demodulate_in_frequency_combine.m,74.714,100,68.57,45,100.0,60.0
demodulate_oqam.m,74.162,100,62.16,60,100.0,48.65
demodulation.m,73.0,60,85.0,60,100.0,60.0
demoEquivalentEllipsoid.m,68.858,100,62.86,30,100.0,51.43
demoEstimateRigidTransform.m,65.942,100,64.71,15,100.0,50.0
demoExpandPolygon.m,52.692,60,50.0,15,100.0,38.46
demoFAemt.m,74.834,80,56.76,75,100.0,62.41
demoFindelem.m,62.334,30,100.0,15,100.0,66.67
demofitgenpar.m,79.596,100,77.03,75,100.0,45.95
demoflow.m,70.186,100,72.09,30,100.0,48.84
demoFP.m,75.142,100,80.0,30,100.0,65.71
demofun.m,75.022,80,61.11,75,100.0,59.0
demoGaussianRBM_Faces.m,62.436,60,82.61,0,100.0,69.57
demoGaussianRBM_GMM.m,65.344,60,79.31,15,100.0,72.41
demoGenData.m,76.568,100,86.49,45,100.0,51.35
demoGeodesicCylinder.m,73.334,100,61.67,60,100.0,45.0
demoGeom3d.m,65.676,100,62.9,30,100.0,35.48
demoGist.m,62.59,60,88.24,0,100.0,64.71
DemoGrad.m,64.128,100,66.2,15,100.0,39.44
DemoGravCode.m,72.25,80,64.04,60,100.0,57.21
DemoGravCodeMoonModel.m,75.116,100,67.53,60,100.0,48.05
DemoGravCodeNoCompile.m,68.89,100,77.78,0,100.0,66.67
demoGrid.m,72.112,60,88.89,45,100.0,66.67
demoHistogramRGB.m,57.334,60,66.67,0,100.0,60.0
demoHOG2x2.m,66.0,60,80.0,15,100.0,75.0
demoHouse.m,66.88,100,73.13,15,100.0,46.27
DemoHRT.m,78.086,100,73.91,60,100.0,56.52
demOil1.m,73.5,100,68.75,30,100.0,68.75
demOil100Fgplvm1.m,66.0,60,70.0,30,100.0,70.0
demOil100Fgplvm2.m,65.334,60,70.0,30,100.0,66.67
demOil100Test.m,72.842,100,73.68,30,100.0,60.53
demOil2.m,75.092,100,72.73,30,100.0,72.73
demOil3.m,72.874,100,68.75,30,100.0,65.62
demOil4.m,74.486,100,72.73,30,100.0,69.7
demOil5.m,73.5,100,68.75,30,100.0,68.75
demOil6.m,75.092,100,72.73,30,100.0,72.73
demOil7.m,74.752,100,71.88,30,100.0,71.88
demOilFgplvm1.m,65.588,60,68.97,30,100.0,68.97
demOilFgplvm2.m,74.388,100,70.97,30,100.0,70.97
demOilFgplvm3.m,65.588,60,68.97,30,100.0,68.97
demOilFgplvm4.m,74.388,100,70.97,30,100.0,70.97
demOilFgplvm5.m,65.588,60,68.97,30,100.0,68.97
demOilFgplvm6.m,74.388,100,70.97,30,100.0,70.97
demOilFgplvm7.m,66.666,60,73.33,30,100.0,70.0
demOilFgplvm8.m,75.376,100,75.0,30,100.0,71.88
demOilFgplvm9.m,69.666,60,73.33,45,100.0,70.0
demOilLle1.m,67.23,60,76.92,30,100.0,69.23
demOilLle2.m,67.23,60,76.92,30,100.0,69.23
demOilLle3.m,67.23,60,76.92,30,100.0,69.23
demOilLle4.m,67.23,60,76.92,30,100.0,69.23
demOilTest.m,74.0,100,71.88,45,100.0,53.12
demoImageGraphs.m,62.274,60,72.73,15,100.0,63.64
demoImBoxFilter.m,69.696,60,78.26,45,100.0,65.22
demoImBoxFilter_3d.m,67.956,60,78.26,45,100.0,56.52
demoImEquivalentEllipse.m,59.826,60,72.41,15,100.0,51.72
demoImGeodesicDistanceMap.m,58.724,100,48.94,0,100.0,44.68
demoImGeodesicPath.m,59.548,100,38.71,30,100.0,29.03
demoImJointHistogram.m,62.896,100,55.17,30,100.0,29.31
demoImMaxFeretDiameter.m,67.112,100,63.89,30,100.0,41.67
demoImMaxGeodesicPath.m,67.704,60,62.96,60,100.0,55.56
demoImOrientedBox.m,67.766,100,64.71,30,100.0,44.12
demoImRAG.m,73.252,100,59.38,60,100.0,46.88
demoIntersectLineMesh3d.m,57.4,60,60.0,15,100.0,52.0
demoIntersectPlaneMesh.m,70.29,100,58.06,45,100.0,48.39
demoIntervalArithmetic.m,76.186,100,82.81,45,100.0,53.12
demointlab.m,84.314,100,73.68,90,100.0,57.89
demoL1iPotts_DecImp.m,59.618,60,76.19,0,100.0,61.9
demoL1iPotts_DecLap.m,59.368,60,73.68,0,100.0,63.16
demoL1iSpars_DecImp.m,63.11,60,83.33,0,100.0,72.22
demoL1iSpars_DecLap.m,59.5,60,75.0,0,100.0,62.5
demoL2iPotts_Deconv.m,59.5,60,75.0,0,100.0,62.5
demoL2iPotts_Fourier.m,63.764,60,82.35,0,100.0,76.47
demoL2iPotts_Linop.m,60.0,60,75.0,0,100.0,65.0
demoL2iSpars_Deconv.m,60.236,60,76.47,0,100.0,64.71
demoLagrange.m,61.556,30,100.0,0,100.0,77.78
demolgd1.m,79.268,100,73.03,75,100.0,48.31
demolive_keypoints.m,81.262,100,68.42,100,100.0,37.89
demoMagGravOrientEst.m,68.536,100,64.79,30,100.0,47.89
demoMagneticCode.m,73.906,100,65.48,60,100.0,44.05
demoMagneticCoordinateSys.m,64.204,100,51.28,30,100.0,39.74
demoMCRBM.m,70.556,100,86.11,0,100.0,66.67
demoMeasConvFunctions.m,65.104,80,43.75,60,100.0,41.77
demoMedialAxis.m,57.106,60,63.16,15,100.0,47.37
demoMertonModel.m,76.966,80,67.54,75,100.0,62.29
demoMeshShapes3d.m,57.61,80,32.02,45,100.0,31.03
demoMinfunc.m,83.334,100,70.37,100,100.0,46.3
demoMinfuncHighdim.m,82.224,100,69.14,100,100.0,41.98
demoMLCNN.m,66.154,100,74.36,0,100.0,56.41
demoMLNN.m,65.556,100,75.0,0,100.0,52.78
demomodel.m,83.384,80,65.42,100,100.0,71.5
demomulticlass.m,72.582,100,83.33,15,100.0,64.58
demoMultipleModelFiltering.m,73.048,70,57.27,90,100.0,47.97
DemoMultiScaleEntropy.m,77.666,100,70.0,60,100.0,58.33
DemoMV.m,78.0,60,100.0,30,100.0,100.0
demoNapoleon.m,67.702,100,65.96,30,100.0,42.55
demoNcutClustering.m,82.0,100,81.25,60,100.0,68.75
demoNcutImage.m,77.572,100,74.29,45,100.0,68.57
demoNonlinearMeasFilters.m,68.912,80,65.95,60,100.0,38.61
Demonstration_of_papers_DNN.m,63.632,80,64.09,30,100.0,44.07
Demonstration_of_papers_DNN_classification.m,63.978,80,63.89,30,100.0,46.0
Demonstration_of_papers_DNN_regression.m,63.522,80,63.54,30,100.0,44.07
Demonstration_of_papers_LSTM_classification.m,63.252,80,63.89,30,100.0,42.37
demon_matching.m,73.478,80,61.39,60,100.0,66.0
demoOnionPeeling.m,73.748,100,53.12,75,100.0,40.62
demopanel1.m,71.286,100,63.1,60,100.0,33.33
demopanel2.m,71.356,100,54.84,60,100.0,41.94
demopanel3.m,66.93,100,35.09,75,100.0,24.56
demopanel4.m,46.736,60,36.84,0,100.0,36.84
demopanel5.m,54.07,60,62.07,0,100.0,48.28
demopanel6.m,43.11,60,33.33,0,100.0,22.22
demopanel7.m,52.0,60,53.33,0,100.0,46.67
demopanel8.m,49.5,60,43.75,0,100.0,43.75
demopanel9.m,64.836,80,47.46,60,100.0,36.72
demopanelA.m,51.556,100,31.11,0,100.0,26.67
demopanelB.m,50.824,60,47.06,0,100.0,47.06
demopanelC.m,62.286,60,64.29,30,100.0,57.14
demopanelD.m,48.296,60,40.74,0,100.0,40.74
demopanelE.m,53.514,100,37.84,0,100.0,29.73
demopanelF.m,57.232,60,61.54,30,100.0,34.62
demopanelG.m,52.0,60,56.0,0,100.0,44.0
demopanelH.m,57.856,60,57.14,15,100.0,57.14
demopanelI.m,77.916,100,68.75,75,100.0,45.83
demopanelJ.m,55.638,60,63.64,0,100.0,54.55
demopanelK.m,66.784,100,46.38,60,100.0,27.54
demopanel_callback.m,67.092,60,72.73,30,100.0,72.73
demopanel_minihist.m,76.806,100,56.72,90,100.0,37.31
demoPascal2007.m,76.382,100,72.62,45,100.0,64.29
demoPeaksTraj.m,59.0,60,64.0,15,100.0,56.0
demoPolygonBounds.m,66.25,60,81.25,15,100.0,75.0
demoPolygonCentroids.m,62.274,60,72.73,15,100.0,63.64
demoPolyhedra.m,56.104,100,39.66,15,100.0,25.86
demoPolyhedraImages.m,54.286,100,44.05,0,100.0,27.38
demoPotts2DColorDenoising.m,64.382,60,90.48,0,100.0,71.43
demoPotts2DColorInpainting.m,66.666,60,87.5,15,100.0,70.83
demoPotts2DColorMissing.m,62.37,60,88.89,0,100.0,62.96
demoPotts2DColorSegmentation.m,63.306,60,86.96,0,100.0,69.57
demoPotts2DRadon.m,60.572,60,89.29,0,100.0,53.57
demoPotts_GaussianNoise.m,54.0,30,90.0,0,100.0,50.0
demoPotts_ImpulsiveNoise.m,65.334,60,91.67,0,100.0,75.0
demoPotts_LaplacianNoise.m,56.0,30,90.0,0,100.0,60.0
demoProjPointOnCircle3d.m,68.368,60,73.68,45,100.0,63.16
demoProjPointOnCylinder.m,80.966,100,86.21,60,100.0,58.62
demopt1.m,78.124,80,58.62,100,100.0,52.0
demOptimiseGp.m,72.02,80,59.43,60,100.0,60.67
demOptimiseGpTutorial.m,73.43,100,68.37,60,100.0,38.78
DemoPVC.m,77.956,100,70.21,60,100.0,59.57
demoQuadMesh.m,70.182,60,100.0,0,100.0,90.91
DemoRawDataAF.m,74.964,100,68.52,60,100.0,46.3
DemoRawDataICU.m,74.532,100,65.82,60,100.0,46.84
demOrderedOneIvm1.m,68.63,100,55.56,45,100.0,42.59
demOrderedTwoIvm1.m,69.0,100,56.6,45,100.0,43.4
demoRead.m,84.256,100,72.34,100,100.0,48.94
DemoReadSGLXData.m,83.626,100,71.88,90,100.0,56.25
demoRegression.m,70.834,80,59.44,60,100.0,54.73
demoRemoveMeshFaces.m,62.052,100,56.41,0,100.0,53.85
demoRemoveMeshVertices.m,56.0,60,65.0,0,100.0,55.0
demoRetrieval.m,74.07,100,52.33,75,100.0,43.02
demoRevolutionSurface.m,76.636,100,52.27,90,100.0,40.91
demoRfSimulation.m,66.176,70,42.54,75,100.0,43.34
demoRosen2d.m,68.75,60,87.5,15,100.0,81.25
demoRosenConstrained.m,68.0,100,57.5,30,100.0,52.5
demoRosenHighDim.m,74.648,100,81.08,30,100.0,62.16
demoRosenPlot2d.m,62.0,30,100.0,0,100.0,80.0
demos.m,67.586,80,51.96,60,100.0,45.97
demoSceneRecognition.m,80.884,80,68.75,90,100.0,65.67
demoShapes2d.m,56.25,80,33.06,30,100.0,38.19
demoShapes3d.m,64.818,100,60.61,15,100.0,48.48
demoSIFT.m,67.632,60,84.21,15,100.0,78.95
demosig.m,70.364,60,68.18,60,100.0,63.64
demoSortTop.m,59.368,60,73.68,0,100.0,63.16
demospec.m,73.332,60,73.33,60,100.0,73.33
demoSplitMesh.m,62.218,100,45.95,30,100.0,35.14
DemoStandardizedData.m,76.5,100,65.0,60,100.0,57.5
demoStarTrails.m,77.936,100,76.56,60,100.0,53.12
demoSunLocation.m,76.302,100,68.35,60,100.0,53.16
demoSUNparts.m,54.5,60,56.25,0,100.0,56.25
demos_pHRIWARE.m,78.286,60,90.48,60,100.0,80.95
demoTensorProd.m,69.334,100,68.52,30,100.0,48.15
demoTerrainCode.m,65.212,100,53.95,30,100.0,42.11
demotest.m,71.0,30,90.0,45,100.0,90.0
demoToy.m,68.0,100,73.33,15,100.0,51.67
demoTransformPoint3d.m,65.444,60,62.96,45,100.0,59.26
demoTriangulateFaces.m,54.0,60,50.0,15,100.0,45.0
demoTriangulatePolygonPair3d_SquareStar.m,59.0,60,68.0,15,100.0,52.0
demoVideo.m,57.456,60,63.64,0,100.0,63.64
DemoVideos.m,73.92,80,71.93,60,100.0,57.67
demoVisualWords.m,81.858,100,74.29,75,100.0,60.0
demoVizu3D_mrihead.m,65.666,60,80.0,15,100.0,73.33
demoVoronoi2d.m,56.482,60,55.56,15,100.0,51.85
demoVoronoiCell.m,63.896,100,47.37,30,100.0,42.11
demoWatSobel.m,49.334,60,50.0,0,100.0,36.67
demoWordnet.m,55.0,60,60.0,0,100.0,55.0
demoWP.m,79.692,100,76.92,60,100.0,61.54
demo_1.m,77.842,60,94.74,45,100.0,89.47
DEMO_10_data_fitting.m,60.334,60,66.67,15,100.0,60.0
demo_1p.m,76.668,80,70.34,75,100.0,58.0
demo_1p_low_RAM.m,85.244,100,82.93,75,100.0,68.29
DEMO_1_compare.m,62.734,100,64.0,15,100.0,34.67
Demo_1_Database_details.m,70.0,100,87.5,30,100.0,32.5
demo_2.m,73.666,100,88.33,15,100.0,65.0
demo_2d.m,63.578,60,84.21,0,100.0,73.68
demo_2D3Dregist.m,80.98,80,95.08,75,100.0,54.82
demo_2DChoices.m,64.9,80,76.0,30,100.0,38.5
demo_2Dlin.m,77.092,100,74.55,60,100.0,50.91
demo_2DneuralField.m,80.144,100,72.86,75,100.0,52.86
DEMO_2_derivatives.m,67.234,100,80.85,0,100.0,55.32
Demo_2_Snippets.m,87.122,100,84.85,75,100.0,75.76
demo_300W.m,74.684,60,89.47,45,100.0,78.95
demo_3d.m,82.24,100,72.41,75,100.0,63.79
demo_3dCorner.m,57.112,30,88.89,0,100.0,66.67
demo_3d_plot2svg.m,67.714,60,100.0,0,100.0,78.57
Demo_3_Analysis.m,80.056,100,83.52,75,100.0,41.76
DEMO_3_nodeDerivatives.m,61.666,60,73.33,15,100.0,60.0
Demo_4_Classification.m,74.346,60,82.76,60,100.0,68.97
DEMO_4_Order_vs_Accuracy.m,71.396,100,82.54,30,100.0,44.44
DEMO_5_Multivariate.m,68.808,100,75.44,30,100.0,38.6
DEMO_6_ODE_solve.m,66.548,100,77.42,15,100.0,40.32
DEMO_7_Order_vs_Accuracy_ODE_solve.m,72.72,100,80.23,45,100.0,38.37
DEMO_8_integral.m,70.368,100,81.58,15,100.0,55.26
DEMO_9_chebEval.m,80.788,100,73.68,75,100.0,55.26
demo_AAM.m,62.77,60,84.62,0,100.0,69.23
DEMO_abaqus_0001_cube_uniaxial.m,76.698,70,62.65,100,100.0,50.84
DEMO_abaqus_0002_blob_shear_contact.m,75.082,80,73.13,75,100.0,47.28
DEMO_abaqus_0003_cylinder_inflate.m,68.112,70,55.56,75,100.0,40.0
DEMO_additional_colormaps.m,78.142,100,80.0,45,100.0,65.71
demo_additive.m,71.098,100,68.63,30,100.0,56.86
demo_airport_video.m,70.634,100,63.27,45,100.0,44.9
DEMO_AI_NLSI.m,61.364,60,77.27,15,100.0,54.55
demo_align_color_depth.m,66.86,100,64.91,15,100.0,54.39
demo_all.m,74.184,100,74.07,45,100.0,51.85
demo_allMethods.m,68.966,80,67.33,60,100.0,37.5
demo_alternatingProjections.m,65.668,80,39.67,75,100.0,33.67
demo_analysis_ERD_MotorImagery.m,78.2,100,82.0,45,100.0,64.0
demo_analysis_ERD_SelfPaced.m,69.388,100,83.67,0,100.0,63.27
demo_analysis_ERPs.m,77.148,100,81.48,45,100.0,59.26
demo_analysis_ga_ERPs.m,72.41,100,74.36,30,100.0,57.69
demo_analysis_NIRS.m,61.334,60,76.67,0,100.0,70.0
demo_analysis_Spectra.m,68.556,100,76.39,15,100.0,51.39
demo_art.m,63.83,100,70.21,0,100.0,48.94
demo_astra_2d.m,66.524,80,67.62,15,100.0,70.0
demo_asymRW.m,68.316,80,66.12,60,100.0,35.46
demo_audiocompression.m,70.324,100,70.27,30,100.0,51.35
demo_audiodenoise.m,66.5,100,72.5,0,100.0,60.0
demo_audioshrink.m,61.132,100,64.15,0,100.0,41.51
demo_audio_separation.m,69.414,100,68.29,30,100.0,48.78
demo_auditoryfilterbank.m,68.916,100,64.58,30,100.0,50.0
demo_audscales.m,70.0,60,80.0,30,100.0,80.0
demo_AVL_recog.m,78.066,80,67.5,100,100.0,42.83
Demo_AWGN_Color.m,72.808,100,61.62,60,100.0,42.42
Demo_AWGN_Color_Clip.m,72.612,100,61.22,60,100.0,41.84
Demo_AWGN_Gray.m,72.404,100,62.63,60,100.0,39.39
Demo_AWGN_Gray_Clip.m,73.042,100,63.54,60,100.0,41.67
Demo_AWGN_spatially_variant_noise.m,73.292,100,64.52,60,100.0,41.94
demo_basic.m,52.668,30,66.67,0,100.0,66.67
demo_batch.m,85.306,100,75.51,100,100.0,51.02
demo_batch_1p.m,81.04,80,82.2,90,100.0,53.0
demo_batch_2p.m,82.162,80,80.56,90,100.0,60.25
demo_bayesian_ttest.m,69.476,80,65.12,45,100.0,57.26
demo_bayesoptimization1.m,86.934,100,78.67,100,100.0,56.0
demo_bayesoptimization2.m,86.2,100,77.0,100,100.0,54.0
demo_bayesoptimization3.m,80.2,80,81.6,90,100.0,49.4
DEMO_BAYES_FACTORS.m,74.65,100,71.08,60,100.0,42.17
demo_bbcionline_adaptation_pcovmean_3_binary_cfy.m,66.062,100,72.73,0,100.0,57.58
demo_bbcionline_apply_ERP_Speller.m,64.262,100,73.77,0,100.0,47.54
demo_bbcionline_apply_SMR_Lap_C34_bp2_adaptation_pmean.m,65.958,100,74.47,0,100.0,55.32
demo_bbcionline_apply_SMR_Lap_C34_bp2_fake_classifier.m,63.2,60,80.0,0,100.0,76.0
demo_bbcionline_calibrate_and_apply_CSP_for_motor_imagery.m,68.75,100,75.0,0,100.0,68.75
demo_bbcionline_calibrate_and_apply_EEG_and_NIRS.m,63.544,100,75.95,0,100.0,41.77
demo_bbcionline_calibrate_and_apply_ERP_Speller.m,65.958,100,74.47,0,100.0,55.32
demo_bbcionline_calibrate_and_apply_NIRS.m,66.666,100,73.81,0,100.0,59.52
demo_bbcionline_matlab_feedback.m,62.372,60,85.19,0,100.0,66.67
demo_bbcionline_test_acquire_lsl.m,60.182,60,77.27,0,100.0,63.64
demo_behaviouralDCM.m,69.928,80,65.67,60,100.0,43.97
DEMO_bezierCurve.m,65.0,60,78.57,15,100.0,71.43
DEMO_bezierFunction.m,63.75,60,75.0,15,100.0,68.75
Demo_bicubic_degradation_SRMD.m,80.638,80,70.19,90,100.0,63.0
Demo_bicubic_degradation_SRMDNF.m,82.648,100,72.73,90,100.0,50.51
demo_bin.m,68.7,80,75.0,30,100.0,58.5
demo_binomial1.m,68.66,100,71.7,15,100.0,56.6
demo_binomial2.m,57.514,80,49.73,15,100.0,42.84
demo_binomial_apc.m,65.904,80,72.07,15,100.0,62.45
demo_blockproc_basicloop.m,79.714,100,62.86,90,100.0,45.71
demo_blockproc_denoising.m,81.636,100,65.91,90,100.0,52.27
demo_blockproc_dgtequalizer.m,80.884,100,63.24,100,100.0,41.18
demo_blockproc_effects.m,75.088,80,55.16,100,100.0,40.28
demo_blockproc_header.m,82.454,60,95.45,75,100.0,81.82
demo_blockproc_paramequalizer.m,75.336,80,57.53,100,100.0,39.15
demo_blockproc_slidingcqt.m,83.334,100,71.11,90,100.0,55.56
demo_blockproc_slidingerblets.m,84.976,100,76.74,90,100.0,58.14
demo_blockproc_slidingsgram.m,80.174,100,65.22,90,100.0,45.65
demo_BM3DSAPCA.m,69.25,60,81.25,30,100.0,75.0
demo_BMM.m,65.714,100,76.19,0,100.0,52.38
DEMO_BMR_PEB.m,68.746,70,57.49,75,100.0,41.24
demo_bpdn.m,71.766,80,67.33,45,100.0,66.5
demo_bpdndl.m,71.2,100,76.0,30,100.0,50.0
demo_bpdngrp.m,64.786,100,67.86,15,100.0,41.07
demo_bpdnjnt.m,71.418,100,79.17,30,100.0,47.92
demo_bpframemul.m,72.324,80,63.89,75,100.0,42.73
demo_BSL.m,83.15,80,75.25,90,100.0,70.5
demo_bter_comparison.m,67.166,60,83.33,30,100.0,62.5
demo_bt_ranking.m,78.426,100,63.83,90,100.0,38.3
demo_build_hdr.m,77.0,100,77.14,45,100.0,62.86
demo_build_hdr_raw.m,62.0,60,79.17,0,100.0,70.83
demo_build_hdr_sift_alignment.m,74.582,100,69.77,45,100.0,58.14
demo_build_hdr_ward_alignment.m,77.572,100,76.19,45,100.0,66.67
demo_bunny.m,63.332,100,72.22,0,100.0,44.44
demo_CaBBI_FHN.m,81.608,80,65.87,100,100.0,62.17
demo_CaBBI_QGIF.m,81.208,80,65.37,100,100.0,60.67
demo_caffe.m,76.768,100,82.05,30,100.0,71.79
demo_camera_response_function.m,69.914,100,65.22,30,100.0,54.35
demo_cart.m,65.128,100,74.36,0,100.0,51.28
demo_Casablanca.m,68.062,80,36.6,75,100.0,48.71
demo_cascade.m,81.274,80,69.16,100,100.0,57.21
demo_cbpdn.m,73.068,100,71.19,45,100.0,49.15
demo_cbpdndl.m,71.958,100,76.6,30,100.0,53.19
demo_cbpdndlcns.m,71.958,100,76.6,30,100.0,53.19
demo_cbpdndlmd.m,66.644,100,65.59,30,100.0,37.63
demo_cbpdndlms.m,66.644,100,65.59,30,100.0,37.63
demo_cbpdngr.m,71.318,100,73.91,45,100.0,37.68
demo_cbpdnjnt.m,73.128,100,73.02,45,100.0,47.62
demo_cbpdnmd.m,71.28,100,70.89,45,100.0,40.51
demo_cbpdnms.m,71.308,100,70.51,45,100.0,41.03
demo_ccmod.m,69.23,100,65.52,45,100.0,35.63
demo_celnet.m,71.318,100,73.91,45,100.0,37.68
demo_CFWCR.m,59.332,30,83.33,0,100.0,83.33
demo_cgalmesher.m,67.904,100,59.52,30,100.0,50.0
demo_check_calibration.m,67.0,100,67.69,15,100.0,52.31
demo_check_quality_over_time.m,69.0,60,76.0,45,100.0,64.0
demo_chkb.m,86.876,100,79.69,100,100.0,54.69
demo_CI.m,69.122,100,85.96,0,100.0,59.65
demo_classific.m,65.438,80,55.28,45,100.0,46.91
demo_classification.m,72.846,100,76.92,45,100.0,42.31
demo_classification_ERPs.m,67.958,60,69.57,45,100.0,65.22
demo_clustering_error_hungarian.m,54.104,60,57.89,0,100.0,52.63
demo_cmod.m,68.648,100,72.06,30,100.0,41.18
demo_cocoStuff.m,66.35,100,77.78,0,100.0,53.97
demo_code.m,69.298,100,72.53,30,100.0,43.96
demo_collisionmodel.m,54.608,60,60.87,0,100.0,52.17
demo_collisions.m,57.728,60,63.64,15,100.0,50.0
demo_collisions2.m,66.226,100,70.97,15,100.0,45.16
DEMO_color_image.m,74.152,100,74.24,45,100.0,51.52
demo_compare_speed_omp_chol_mex.m,66.572,60,78.57,30,100.0,64.29
Demo_compression.m,67.144,100,62.86,30,100.0,42.86
demo_computeEigenvectorsAffineConstraint.m,62.0,60,81.25,0,100.0,68.75
demo_compute_VIDEVAL_feats.m,79.352,100,76.47,60,100.0,60.29
demo_compute_VIDEVAL_light_feats.m,79.742,100,77.42,60,100.0,61.29
demo_constraints.m,64.198,100,77.78,0,100.0,43.21
demo_convert_ERPSpeller.m,73.318,100,78.05,30,100.0,58.54
demo_convert_MotorImagery.m,73.096,100,74.19,30,100.0,61.29
demo_convert_NIRS.m,56.616,60,69.23,0,100.0,53.85
demo_core.m,79.59,100,68.85,75,100.0,54.1
demo_covComp.m,68.858,100,71.43,30,100.0,42.86
demo_crf_test.m,70.6,60,80.0,45,100.0,68.0
demo_CSHL2017_neurofinder0200.m,80.33,80,68.06,90,100.0,63.59
demo_CSHL2017_SueAnn.m,76.466,80,70.0,75,100.0,57.33
demo_CSM.m,66.0,30,100.0,0,100.0,100.0
demo_cur.m,57.714,60,71.43,0,100.0,57.14
demo_custom_all.m,58.954,80,57.27,0,100.0,57.5
demo_custom_sirt.m,71.282,100,75.47,30,100.0,50.94
demo_cva_order.m,80.5,100,82.5,75,100.0,45.0
demo_cva_params.m,70.08,100,72.97,45,100.0,32.43
DEMO_CVA_RSA.m,70.094,80,55.78,75,100.0,39.69
Demo_DagNN_Merge_Bnorm.m,72.602,80,64.29,75,100.0,43.72
demo_dataset_correlation.m,73.948,100,50.88,75,100.0,43.86
demo_db4.m,62.0,60,100.0,0,100.0,50.0
demo_db4_noisdopp_dwt.m,58.666,60,70.83,0,100.0,62.5
demo_db4_noisdopp_swt.m,67.524,60,76.19,30,100.0,71.43
demo_db4_noisdopp_wavedec.m,63.714,60,67.86,30,100.0,60.71
demo_db4_noisdopp_wavedec_per.m,72.062,100,69.7,30,100.0,60.61
demo_db4_wavelet_basis.m,71.2,100,70.0,30,100.0,56.0
demo_DCFNet.m,69.11,60,83.33,30,100.0,72.22
demo_dcm4fmri.m,82.868,80,77.48,100,100.0,56.86
demo_dcm4fmri_distributed.m,80.334,80,81.6,90,100.0,50.07
demo_dcmonline.m,78.052,80,73.18,90,100.0,47.08
demo_dcm_1region.m,82.8,100,79.0,90,100.0,45.0
DEMO_dcm_fmri_nnm.m,81.598,80,72.13,100,100.0,55.86
DEMO_DCM_MB.m,56.89,60,55.56,30,100.0,38.89
demo_dcm_motorPremotor.m,71.974,80,61.29,60,100.0,58.58
DEMO_DCM_PEB.m,73.128,70,60.08,100,100.0,35.56
DEMO_DCM_PEB_FIT.m,74.724,80,60.27,100,100.0,33.35
DEMO_DCM_PEB_REC.m,74.684,80,68.68,90,100.0,34.74
Demo_deblur.m,77.108,80,72.95,75,100.0,57.59
Demo_deblur_real_application.m,77.834,80,66.67,90,100.0,52.5
demo_deep_pyramid.m,76.894,100,68.42,75,100.0,41.05
Demo_degradation_direct_SRMD.m,75.684,80,70.64,75,100.0,52.78
Demo_degradation_direct_SRMDNF.m,77.83,80,71.15,75,100.0,63.0
demo_delays.m,65.66,100,77.36,0,100.0,50.94
Demo_demosaiking.m,69.828,80,63.64,45,100.0,60.5
demo_dendritic.m,79.21,100,68.42,75,100.0,52.63
demo_denoise.m,60.332,60,83.33,0,100.0,58.33
demo_denoiser_snr.m,60.5,80,50.0,30,100.0,42.5
demo_denoising.m,77.888,100,80.0,45,100.0,64.44
Demo_denoising_and_deblurring_color_SRMD.m,78.31,80,65.22,90,100.0,56.33
Demo_denoising_and_deblurring_gray_SRMD.m,78.75,80,64.96,90,100.0,58.79
Demo_denoising_color.m,71.892,100,69.88,45,100.0,44.58
Demo_denoising_gray.m,71.65,100,69.88,45,100.0,43.37
demo_denoising_traffic.m,79.81,100,83.78,45,100.0,70.27
Demo_depth_denoising_and_completion_Cityscapes.m,72.36,70,60.31,90,100.0,41.49
demo_derivativeobs.m,71.274,100,67.05,45,100.0,44.32
demo_derivatives.m,57.66,70,36.75,45,100.0,36.55
demo_derivest.m,64.2,100,62.0,15,100.0,44.0
demo_designOptimization.m,77.618,80,59.26,100,100.0,48.83
demo_dgt.m,72.436,100,61.96,60,100.0,40.22
demo_dgt_parametrize.m,70.118,100,67.65,30,100.0,52.94
demo_directplc_ex1.m,78.666,100,75.0,60,100.0,58.33
demo_discounting.m,72.896,100,84.48,30,100.0,50.0
demo_discriminative_information_ERPs.m,83.422,100,78.95,75,100.0,63.16
demo_distancePointMesh_dodecahedron.m,65.588,60,82.35,15,100.0,70.59
demo_document_clustering.m,61.036,100,56.9,0,100.0,48.28
demo_dos.m,87.858,100,83.93,100,100.0,55.36
demo_doubleWell.m,78.706,100,68.24,90,100.0,35.29
demo_DP.m,72.25,100,75.0,30,100.0,56.25
demo_DR.m,64.942,60,88.24,0,100.0,76.47
demo_DrawKernel1D.m,81.132,100,60.38,100,100.0,45.28
demo_DR_Contirbution.m,61.622,100,56.76,0,100.0,51.35
demo_DR_Reconstruction.m,64.942,60,88.24,0,100.0,76.47
demo_dtw.m,58.666,60,72.22,0,100.0,61.11
demo_dummyUNL.m,64.592,60,88.89,0,100.0,74.07
demo_dynamicalSystem.m,77.48,80,66.18,100,100.0,41.22
demo_dynLearningRate.m,76.778,80,77.86,75,100.0,51.03
demo_ECGBeatFitter.m,68.0,100,72.5,0,100.0,67.5
demo_ECG_sleep_staging_slpdb.m,85.306,100,75.51,100,100.0,51.02
demo_ECO.m,59.332,30,83.33,0,100.0,83.33
demo_ECO_gpu.m,59.332,30,83.33,0,100.0,83.33
demo_ECO_HC.m,59.332,30,83.33,0,100.0,83.33
demo_edges.m,69.836,100,69.86,30,100.0,49.32
demo_efficiency_measures.m,54.088,100,32.61,15,100.0,22.83
demo_EKF_algo.m,69.136,80,69.91,45,100.0,50.77
demo_elevatorVideo.m,70.858,60,92.86,30,100.0,71.43
demo_ellipse_creation.m,79.0,100,62.5,75,100.0,57.5
demo_ellipsoid.m,57.112,30,88.89,0,100.0,66.67
demo_elnet.m,69.666,100,83.33,15,100.0,50.0
demo_Elogsig.m,70.632,60,94.74,30,100.0,68.42
demo_emd.m,56.616,60,69.23,0,100.0,53.85
demo_empl.m,73.324,80,70.08,60,100.0,56.54
demo_endoscope.m,79.274,80,64.48,100,100.0,51.89
demo_environment_maps.m,60.75,60,75.0,0,100.0,68.75
demo_epinf.m,64.166,100,80.21,0,100.0,40.62
demo_escalatorVideo.m,72.088,100,76.09,30,100.0,54.35
demo_eval.m,70.568,100,58.82,45,100.0,49.02
demo_evaluate_saved_prediction_voc.m,73.274,100,69.7,30,100.0,66.67
Demo_evaluation.m,64.728,60,100.0,0,100.0,63.64
Demo_evaluation_OriginalYorkUrban.m,83.44,80,74.53,100,100.0,62.67
demo_eval_cls.m,61.23,60,76.92,0,100.0,69.23
demo_eval_clsloc.m,77.124,100,75.0,45,100.0,65.62
demo_eval_det.m,82.058,100,78.43,75,100.0,56.86
demo_eval_vid.m,86.148,100,79.63,90,100.0,61.11
demo_example_derivative.m,67.076,60,65.38,60,100.0,50.0
demo_example_gp_data.m,71.306,100,75.51,30,100.0,51.02
demo_example_gp_norm.m,65.58,100,58.06,15,100.0,54.84
demo_example_gp_simulation.m,62.424,100,65.15,0,100.0,46.97
demo_example_gp_training.m,70.892,100,60.81,45,100.0,48.65
demo_example_lmgp_data.m,79.25,100,66.25,90,100.0,40.0
demo_example_lmgp_simulation.m,69.334,100,68.75,30,100.0,47.92
demo_example_lmgp_training.m,77.308,100,64.1,75,100.0,47.44
demo_example_LM_ident.m,69.204,100,66.33,45,100.0,34.69
demo_example_present.m,73.614,100,71.79,45,100.0,51.28
demo_excludeData.m,69.0,100,59.57,45,100.0,40.43
demo_expansion_operators.m,69.474,100,86.84,0,100.0,60.53
demo_exposures_visualization.m,58.0,30,80.0,0,100.0,80.0
demo_ext.m,70.286,100,64.29,30,100.0,57.14
demo_extended.m,54.608,60,60.87,0,100.0,52.17
demo_extract_stack_from_hdr.m,63.56,100,48.78,30,100.0,39.02
demo_face.m,61.57,60,60.71,30,100.0,57.14
demo_face_online.m,70.866,100,67.57,30,100.0,56.76
demo_face_with_outlier_online.m,71.116,100,67.44,30,100.0,58.14
demo_fast.m,57.714,60,71.43,0,100.0,57.14
demo_FastEMD1.m,67.474,60,78.95,30,100.0,68.42
demo_FastEMD2.m,69.5,100,72.5,30,100.0,45.0
demo_FastEMD3.m,74.0,100,77.78,45,100.0,47.22
demo_FastEMD4.m,66.5,100,80.0,0,100.0,52.5
demo_FastEMD_compute.m,61.668,60,66.67,15,100.0,66.67
demo_FastEMD_non_equal_size_histograms.m,62.0,60,83.33,0,100.0,66.67
demo_FastEMD_non_symmetric.m,49.0,60,50.0,0,100.0,35.0
demo_fast_batch_omp.m,60.0,60,76.67,0,100.0,63.33
demo_fast_omp.m,68.842,60,100.0,0,100.0,84.21
demo_FD.m,65.684,60,89.47,0,100.0,78.95
Demo_FDnCNN_Color.m,73.928,100,63.86,60,100.0,45.78
Demo_FDnCNN_Color_Clip.m,73.95,100,63.41,60,100.0,46.34
Demo_FDnCNN_Gray.m,74.47,100,66.67,60,100.0,45.68
Demo_FDnCNN_Gray_Clip.m,75.0,100,66.25,60,100.0,48.75
demo_FD_Diagnosis.m,63.818,60,86.36,0,100.0,72.73
demo_feature_selection.m,69.334,100,68.75,30,100.0,47.92
DEMO_febio_0001_cube_uniaxial.m,75.35,70,63.99,100,100.0,42.76
DEMO_febio_0002_beam_force.m,79.554,80,69.77,100,100.0,48.0
DEMO_febio_0003_beam_bending.m,75.946,80,70.04,75,100.0,54.69
DEMO_febio_0004_beam_twist.m,77.822,80,71.37,90,100.0,47.74
DEMO_febio_0005_cube_tension_compression_shear.m,70.412,70,70.82,75,100.0,36.24
DEMO_febio_0006_sphere_indentation.m,71.12,70,67.2,75,100.0,43.4
DEMO_febio_0007_sphere_sliding.m,78.232,70,72.06,100,100.0,49.1
DEMO_febio_0008_cube_body_load.m,80.802,80,69.87,100,100.0,54.14
DEMO_febio_0009_cube_discrete_springs.m,79.652,80,69.69,100,100.0,48.57
DEMO_febio_0010_trabeculae_compression.m,74.556,70,57.04,100,100.0,45.74
DEMO_febio_0011_cube_multi_generation.m,77.392,70,72.83,100,100.0,44.13
DEMO_febio_0012_disc_pressure.m,77.586,80,65.82,100,100.0,42.11
DEMO_febio_0013_disc_pressure_varying.m,75.184,70,61.88,100,100.0,44.04
DEMO_febio_0014_cube_varying_material.m,79.222,80,70.36,100,100.0,45.75
DEMO_febio_0015_cube_fibers_transiso.m,75.516,70,65.33,100,100.0,42.25
DEMO_febio_0016_cube_viscoelastic_ramp_hold.m,76.948,70,64.34,100,100.0,50.4
DEMO_febio_0017_cube_viscoelastic_load_unload.m,74.838,70,65.62,100,100.0,38.57
DEMO_febio_0018_cube_poroelastic_ramp_hold.m,77.472,70,67.16,100,100.0,50.2
DEMO_febio_0019_vessel_pressure_inflate.m,72.748,80,66.91,75,100.0,41.83
DEMO_febio_0020_vessel_balloon_inflate.m,69.712,70,65.56,75,100.0,38.0
DEMO_febio_0021_bone_three_point_bending.m,71.406,70,71.61,75,100.0,40.42
DEMO_febio_0022_multigen_interface_band.m,70.516,70,64.07,75,100.0,43.51
DEMO_febio_0023_beam_gravity_body_load.m,76.38,80,70.64,75,100.0,56.26
DEMO_febio_0024_active_contraction_tongue.m,75.778,80,68.47,75,100.0,55.42
DEMO_febio_0025_cube_uniaxial_stiffness_analysis.m,75.904,70,64.96,100,100.0,44.56
DEMO_febio_0026_hexlattice_compression.m,75.06,70,65.31,100,100.0,39.99
DEMO_febio_0027_layer_spatially_varying_material.m,74.364,80,70.12,75,100.0,46.7
DEMO_febio_0028_sphere_indentation_friction_twist.m,71.222,70,68.56,75,100.0,42.55
DEMO_febio_0029_contact_friction_benchmark_boxes.m,77.026,70,67.55,100,100.0,47.58
DEMO_febio_0030_block_varying_nodal_forces.m,75.528,80,70.59,75,100.0,52.05
DEMO_febio_0031_blob_shear_contact.m,71.338,70,70.11,75,100.0,41.58
DEMO_febio_0032_sphere_tube_slide.m,77.16,70,71.47,100,100.0,44.33
DEMO_febio_0033_sphere_tube_slide_body_force.m,77.81,70,72.78,100,100.0,46.27
DEMO_febio_0034_sphere_cone_slide_body_force.m,71.79,70,69.71,75,100.0,44.24
DEMO_febio_0035_blob_shear_contact_hex8.m,74.718,70,71.85,90,100.0,41.74
DEMO_febio_0036_sphere_branches_slide_body_force.m,77.538,70,67.86,100,100.0,49.83
DEMO_febio_0038_cube_uniaxial_HGO.m,77.322,70,64.71,100,100.0,51.9
DEMO_febio_0039_nut_bolt_ring.m,71.388,70,72.65,75,100.0,39.29
DEMO_febio_0040_propeller_contact.m,71.242,70,69.61,75,100.0,41.6
DEMO_febio_0041_beam_L_force.m,71.222,70,66.67,75,100.0,44.44
DEMO_febio_0042_inverse_FEA_cube_uniaxial.m,76.166,70,61.94,100,100.0,48.89
DEMO_febio_0043_pyra5_element.m,74.334,80,69.87,75,100.0,46.8
DEMO_febio_0058_face_tube_loading.m,72.202,70,69.61,75,100.0,46.4
DEMO_febio_0059_face_mask_loading.m,75.104,70,61.34,100,100.0,44.18
DEMO_febio_0065_clamp_tension_test.m,71.162,70,71.26,75,100.0,39.55
DEMO_febio_0066_clamp_tension_test_friction.m,74.976,70,67.15,100,100.0,37.73
DEMO_febio_0069_must_points_export.m,79.436,80,71.96,100,100.0,45.22
DEMO_febio_0087_inverse_FEA_cube_uniaxial_viscoelastic.m,74.716,70,62.41,100,100.0,41.17
DEMO_febio_0091_beam_twist_F.m,77.904,80,69.01,90,100.0,50.51
demo_fgbg.m,66.266,100,61.33,30,100.0,40.0
demo_FHN.m,66.636,100,70.91,15,100.0,47.27
demo_fiducialpoint_detect.m,68.834,60,91.67,30,100.0,62.5
demo_figure2.m,64.818,100,68.18,15,100.0,40.91
demo_figure3.m,61.57,100,66.67,0,100.0,41.18
demo_figure4.m,81.75,100,79.17,90,100.0,39.58
demo_figure5.m,63.0,100,65.62,15,100.0,34.38
demo_figure6.m,74.026,100,63.29,60,100.0,46.84
demo_filterbanks.m,57.0,100,53.75,0,100.0,31.25
demo_filterbanksynchrosqueeze.m,63.6,100,70.0,0,100.0,48.0
demo_firwin.m,66.668,60,91.67,15,100.0,66.67
demo_fit.m,77.668,60,91.67,45,100.0,91.67
DEMO_fitBezierCurve.m,59.856,60,82.14,0,100.0,57.14
DEMO_fitPoly5.m,67.0,60,80.0,30,100.0,65.0
DEMO_fitPoly5p.m,63.334,60,79.17,15,100.0,62.5
DEMO_fitSpline.m,59.0,60,72.0,15,100.0,48.0
demo_fitzhugh.m,70.59,100,77.05,30,100.0,45.9
demo_fixedclass.m,82.75,100,77.5,90,100.0,46.25
demo_fixedsize.m,81.83,80,67.65,90,100.0,71.5
Demo_fog_simulation_Cityscapes.m,66.2,100,62.0,30,100.0,39.0
demo_fpspecial.m,58.956,60,73.91,0,100.0,60.87
demo_framemul.m,63.31,80,44.55,45,100.0,47.0
demo_FreeFieldHRIR.m,74.57,100,80.95,30,100.0,61.9
demo_FreeFieldHRTF.m,72.76,80,62.82,75,100.0,45.98
demo_frsynabs.m,62.0,60,87.5,0,100.0,62.5
demo_fuse_saved_prediction_voc.m,69.0,100,67.5,30,100.0,47.5
demo_fusion.m,64.0,60,80.0,0,100.0,80.0
demo_fusion_deghosting.m,76.43,100,74.29,45,100.0,62.86
demo_fusion_from_stack.m,64.572,100,71.43,0,100.0,51.43
demo_FWT.m,78.024,100,69.77,75,100.0,45.35
demo_gabfir.m,57.092,80,51.75,0,100.0,53.71
demo_gablasso.m,59.364,100,57.14,0,100.0,39.68
demo_gabmixdual.m,61.38,100,68.97,0,100.0,37.93
demo_gabmulappr.m,67.376,100,71.88,15,100.0,50.0
demo_gammatone.m,76.0,100,78.12,30,100.0,71.88
demo_gaussian.m,76.968,100,87.1,30,100.0,67.74
demo_gels.m,59.066,100,47.54,15,100.0,32.79
Demo_genearal_degradation_SRMD.m,82.006,80,70.68,100,100.0,59.35
Demo_genearal_degradation_SRMDNF.m,81.95,80,70.54,100,100.0,59.21
demo_General.m,65.332,60,85.71,0,100.0,80.95
demo_GeneralFIR.m,74.838,100,81.4,30,100.0,62.79
demo_GeneralFIR_E.m,74.374,100,81.4,30,100.0,60.47
demo_generalizability.m,73.332,100,83.33,30,100.0,53.33
demo_GeneralSOS.m,65.332,60,85.71,0,100.0,80.95
demo_GeneralTF.m,64.726,60,86.36,0,100.0,77.27
demo_GeneralTF_E.m,62.908,60,86.36,0,100.0,68.18
demo_generate_exemplar.m,82.968,100,87.1,60,100.0,67.74
demo_generative_models_geometric.m,72.342,100,82.93,30,100.0,48.78
demo_generative_models_neighbors.m,73.806,100,82.93,30,100.0,56.1
demo_gen_twa_ecg.m,63.0,30,90.0,15,100.0,80.0
DEMO_geodesic_remeshing.m,72.654,80,47.9,90,100.0,45.37
demo_geom2d_iris.m,71.352,100,58.82,45,100.0,52.94
Demo_Get_PCA_matrix.m,67.428,60,71.43,45,100.0,60.71
demo_ge_axes.m,64.092,60,81.82,15,100.0,63.64
demo_ge_box.m,66.428,100,80.0,15,100.0,37.14
demo_ge_circle.m,66.0,60,66.67,45,100.0,58.33
demo_ge_colorbar.m,63.0,60,75.0,15,100.0,65.0
demo_ge_contour.m,64.474,60,78.95,15,100.0,68.42
demo_ge_contourf.m,74.834,100,72.92,45,100.0,56.25
demo_ge_cylinder.m,63.0,60,80.0,15,100.0,60.0
demo_ge_folder.m,66.742,100,62.9,45,100.0,25.81
demo_ge_gplot.m,59.21,60,73.68,15,100.0,47.37
demo_ge_grid.m,61.666,60,80.0,15,100.0,53.33
demo_ge_groundoverlay.m,62.274,60,72.73,15,100.0,63.64
demo_ge_imagesc.m,67.65,100,72.09,15,100.0,51.16
demo_ge_imagesc_old.m,70.274,100,78.79,15,100.0,57.58
demo_ge_makekmz.m,60.218,60,69.57,15,100.0,56.52
demo_ge_output.m,55.0,30,80.0,15,100.0,50.0
demo_ge_plot.m,61.956,60,78.26,15,100.0,56.52
demo_ge_plot3.m,63.236,60,76.47,15,100.0,64.71
demo_ge_point.m,70.572,100,74.29,30,100.0,48.57
demo_ge_point_new.m,64.538,100,65.38,15,100.0,42.31
demo_ge_poly.m,67.308,60,84.62,15,100.0,76.92
demo_ge_poly3.m,69.182,60,77.27,45,100.0,63.64
demo_ge_scatter.m,69.25,100,81.25,15,100.0,50.0
demo_ge_screenoverlay.m,80.438,100,69.51,90,100.0,42.68
demo_ge_surf.m,68.624,100,75.0,15,100.0,53.12
demo_ge_surf_mesh.m,60.834,60,79.17,15,100.0,50.0
demo_ge_text.m,67.666,60,75.0,45,100.0,58.33
demo_ge_windbarb2.m,61.364,60,77.27,15,100.0,54.55
demo_GLM.m,58.448,60,58.62,15,100.0,58.62
demo_GLM_missingData.m,70.0,100,85.29,0,100.0,64.71
demo_GMM.m,77.0,100,80.77,60,100.0,44.23
demo_gpr.m,64.0,60,90.0,0,100.0,70.0
demo_graph_clustering.m,75.852,60,88.89,60,100.0,70.37
demo_graph_matching_SMAC.m,83.176,100,82.35,60,100.0,73.53
demo_grayscale_ex1.m,57.222,60,66.67,15,100.0,44.44
demo_grid.m,61.088,60,69.57,15,100.0,60.87
demo_groupbtw.m,74.846,80,83.97,60,100.0,50.26
DEMO_GROUP_PEB.m,71.196,80,62.33,75,100.0,38.65
demo_GUI.m,70.54,80,34.86,100,100.0,37.84
demo_hadamard.m,56.0,30,80.0,0,100.0,70.0
demo_hal.m,57.262,60,68.42,0,100.0,57.89
demo_hal2.m,62.272,60,77.27,15,100.0,59.09
demo_hat.m,64.092,60,72.73,15,100.0,72.73
demo_heartrate.m,66.0,30,100.0,0,100.0,100.0
demo_helloworld.m,55.414,100,34.48,15,100.0,27.59
demo_Henon.m,73.178,100,64.71,60,100.0,41.18
demo_HepTh.m,85.778,100,83.33,90,100.0,55.56
demo_hierprior.m,64.52,80,66.41,30,100.0,46.19
demo_histeq.m,56.0,30,87.5,0,100.0,62.5
demo_HodgkinHuxley.m,70.792,100,68.66,45,100.0,40.3
demo_Houston2013.m,69.978,100,81.4,15,100.0,53.49
demo_HRF.m,66.556,100,77.78,15,100.0,40.0
demo_HRF_distributed.m,80.45,100,81.69,60,100.0,60.56
demo_HRF_dummy.m,70.374,100,76.56,30,100.0,45.31
demo_hurdle.m,66.296,100,74.07,0,100.0,57.41
Demo_IDDBM3D.m,76.904,80,69.23,100,100.0,35.29
demo_IdealInvariantScale1D.m,78.078,100,64.62,75,100.0,50.77
demo_IdealVaryinigScale1D.m,66.39,80,52.59,60,100.0,39.36
demo_ijbb.m,84.122,80,89.47,90,100.0,61.14
demo_im2mcg.m,61.094,100,57.14,15,100.0,33.33
demo_im2ucm.m,54.858,60,66.67,0,100.0,47.62
demo_imagecompression.m,58.75,100,60.42,0,100.0,33.33
demo_imageRegistration.m,69.444,100,83.33,0,100.0,63.89
demo_images.m,87.45,100,78.43,100,100.0,58.82
demo_image_analysis.m,64.444,100,75.0,0,100.0,47.22
demo_image_based_lighting.m,70.894,100,81.58,15,100.0,57.89
demo_image_deblurring.m,76.256,100,82.05,30,100.0,69.23
Demo_Image_Denoising.m,76.578,100,69.88,60,100.0,53.01
demo_imfilter.m,59.368,60,78.95,0,100.0,57.89
demo_imNormalizeBackground_rice.m,72.0,60,100.0,0,100.0,100.0
demo_improvemarginals.m,72.538,80,67.86,45,100.0,69.83
demo_improvemarginals2.m,67.15,80,47.23,60,100.0,48.52
demo_imRAG_coins.m,67.782,100,57.32,45,100.0,36.59
DEMO_imx_levelset_surface_compare.m,73.214,80,65.56,75,100.0,45.51
demo_influenceLearning.m,77.112,100,88.89,30,100.0,66.67
Demo_inpaint.m,71.99,80,60.95,60,100.0,59.0
demo_inputdependentnoise.m,58.596,80,52.11,0,100.0,60.87
demo_inputdependentweibull.m,66.21,100,67.37,30,100.0,33.68
demo_insert_nodes.m,71.806,100,70.97,30,100.0,58.06
demo_instanceTrainId_to_dets.m,65.692,60,73.08,30,100.0,65.38
demo_InterfaceVEM.m,81.612,80,90.3,75,100.0,62.76
demo_intersectPlaneMesh_bunny.m,67.668,60,66.67,45,100.0,66.67
DEMO_JOSS_logo.m,73.212,100,67.11,45,100.0,53.95
Demo_JPEG_Image_Artifacts_Removal.m,75.488,100,69.77,60,100.0,47.67
demo_jpl.m,60.552,80,45.57,45,100.0,32.19
demo_jpl_mice.m,59.144,80,41.98,45,100.0,28.74
demo_jsonlab_basic.m,69.39,70,36.61,100,100.0,40.34
demo_kalman1.m,60.528,100,55.06,15,100.0,32.58
demo_kalman2.m,61.35,100,54.64,15,100.0,37.11
demo_Kalman4bandits.m,79.71,80,67.12,100,100.0,51.43
demo_KalmanSmoother.m,64.614,100,76.92,0,100.0,46.15
demo_kde_1.m,71.75,60,87.5,30,100.0,81.25
demo_kde_2.m,65.334,60,90.48,0,100.0,76.19
demo_kde_3.m,72.852,60,88.89,45,100.0,70.37
demo_kendall.m,69.462,60,73.08,45,100.0,69.23
demo_kernel_function.m,61.666,60,85.71,15,100.0,47.62
demo_keypoint.m,81.938,100,73.47,75,100.0,61.22
demo_KF.m,80.174,100,63.04,90,100.0,47.83
demo_KF_track.m,71.0,100,65.0,30,100.0,60.0
demo_kpca_knn.m,63.818,60,86.36,0,100.0,72.73
demo_l0_mul.m,85.514,100,97.3,60,100.0,70.27
demo_l0_single.m,83.516,100,87.88,60,100.0,69.7
demo_label_sizing.m,77.5,100,70.0,60,100.0,57.5
demo_LapSRN.m,71.556,100,72.22,30,100.0,55.56
demo_large_data_1p.m,77.916,80,71.2,90,100.0,48.38
demo_large_data_2p.m,78.826,80,72.3,90,100.0,51.83
demo_ldos.m,89.268,100,78.05,100,100.0,68.29
demo_ldos_filter.m,83.294,100,74.12,100,100.0,42.35
demo_lgcp.m,72.386,100,85.71,15,100.0,61.22
demo_lgpdens.m,55.356,80,52.47,0,100.0,44.31
demo_lin2D.m,64.57,100,77.14,0,100.0,45.71
demo_LinDecomp.m,59.5,60,83.33,0,100.0,54.17
DEMO_Lindley_paradox.m,77.996,80,69.29,90,100.0,50.69
demo_lmsvd.m,75.032,100,79.37,45,100.0,50.79
demo_load_GUI.m,76.386,60,92.31,45,100.0,84.62
demo_lobby_video.m,70.962,100,64.71,45,100.0,45.1
demo_LocNet_object_detection_pipeline.m,84.566,100,75.0,100,100.0,47.83
demo_logisticRegression.m,67.714,100,60.0,30,100.0,48.57
demo_logNormal.m,68.334,100,86.11,0,100.0,55.56
Demo_LOMO.m,64.428,60,75.0,30,100.0,57.14
demo_loopred.m,60.778,100,52.22,15,100.0,36.67
demo_Lorenz.m,72.158,100,73.68,45,100.0,42.11
demo_LPAICI_1D.m,74.656,80,54.04,100,100.0,39.24
demo_LSDR.m,82.0,100,90.48,60,100.0,59.52
demo_Lshape.m,59.13,80,47.18,30,100.0,38.47
demo_ltsvd.m,71.832,100,77.08,30,100.0,52.08
demo_LV2D.m,76.21,100,71.93,60,100.0,49.12
Demo_main.m,69.046,100,74.42,15,100.0,55.81
demo_make_iterative_gt.m,63.25,60,81.25,0,100.0,75.0
demo_MARAartefactrejection.m,71.0,60,80.77,45,100.0,69.23
demo_matconvnet.m,67.94,60,82.35,15,100.0,82.35
demo_matlab.m,82.318,100,75.61,75,100.0,60.98
demo_MatrixCompletion.m,73.428,100,71.43,30,100.0,65.71
demo_matrixfree.m,67.414,100,65.66,30,100.0,41.41
demo_mcmc.m,55.186,80,54.3,0,100.0,41.63
demo_MCsampling.m,65.79,100,81.58,0,100.0,47.37
Demo_MCWNNM_ADMM1.m,85.0,100,87.84,75,100.0,62.16
Demo_MCWNNM_ADMM1_NL_RealGT.m,82.0,100,88.24,60,100.0,61.76
Demo_MCWNNM_ADMM1_NL_RealNoGT.m,85.5,100,90.0,60,100.0,77.5
Demo_MCWNNM_ADMM2.m,88.14,100,90.14,90,100.0,60.56
demo_mc_class.m,81.066,100,76.0,60,100.0,69.33
DEMO_MDP_maze.m,74.106,70,62.07,100,100.0,38.46
DEMO_MDP_maze_X.m,77.968,80,66.99,100,100.0,42.85
DEMO_MDP_questions.m,73.624,70,53.29,100,100.0,44.83
DEMO_MDP_Stroop.m,73.322,70,60.85,100,100.0,35.76
DEMO_MDP_Understanding.m,72.084,70,53.88,100,100.0,36.54
DEMO_MDP_voice.m,72.764,70,58.46,100,100.0,35.36
demo_MedianICI_1D.m,70.786,80,55.6,75,100.0,43.33
demo_mediation.m,61.666,60,75.0,15,100.0,58.33
demo_memmap.m,88.0,100,79.17,90,100.0,70.83
demo_memorysave.m,58.898,80,54.04,15,100.0,45.45
demo_merge_cam_mandg.m,63.0,60,85.0,0,100.0,70.0
demo_merge_surfaces.m,55.2,60,60.0,0,100.0,56.0
demo_meshProcessing_bunny1k.m,63.884,100,45.35,45,100.0,29.07
DEMO_mesh_bifurcation_angle_control.m,63.154,80,64.78,30,100.0,40.99
DEMO_mesh_bifurcation_cut_loft_branch.m,77.562,80,62.84,100,100.0,44.97
demo_mesh_smoothing.m,64.856,100,36.9,60,100.0,27.38
demo_metrics.m,67.334,100,70.67,30,100.0,36.0
demo_MFT.m,72.666,60,93.33,30,100.0,80.0
demo_MFX.m,80.71,80,70.5,100,100.0,53.05
demo_mi.m,61.412,60,88.24,0,100.0,58.82
demo_micro2macro.m,66.27,100,62.16,30,100.0,39.19
demo_minimal.m,64.396,100,62.79,15,100.0,44.19
DEMO_MixedTetHexMeshing.m,68.476,80,59.4,60,100.0,42.98
DEMO_MixedTetHexMeshing_torus.m,62.668,80,52.4,45,100.0,35.94
demo_mlm_basic.m,59.272,60,77.27,0,100.0,59.09
demo_mlm_posthoc.m,61.16,100,65.22,0,100.0,40.58
demo_mlm_priors.m,68.728,100,65.91,30,100.0,47.73
demo_MODEC.m,66.818,60,86.36,15,100.0,72.73
demo_modelassesment1.m,64.142,80,65.31,30,100.0,45.4
demo_modelassesment2.m,63.568,80,55.6,30,100.0,52.24
demo_modelComparison.m,72.0,100,62.69,60,100.0,37.31
DEMO_model_reduction_ERP.m,74.21,80,65.97,90,100.0,35.08
demo_monotonic.m,77.124,100,78.12,45,100.0,62.5
demo_monotonic2.m,65.12,100,68.18,15,100.0,42.42
Demo_move_CachingFolder_Path.m,68.364,60,90.91,0,100.0,90.91
demo_MRCNN_detection.m,82.274,100,74.55,75,100.0,61.82
demo_MRCNN_with_Iterative_Localization.m,79.416,100,70.13,75,100.0,51.95
demo_MRCNN_with_SCNN_and_Iterative_Localization.m,79.0,100,70.0,75,100.0,50.0
demo_MRCNN_with_SCNN_detection.m,81.764,100,73.53,75,100.0,60.29
demo_msgpack_basic.m,69.1,70,39.48,100,100.0,36.02
demo_MSLapSRN.m,71.2,100,70.0,30,100.0,56.0
demo_multiclass.m,63.364,80,61.38,30,100.0,45.44
demo_multiclass_nested_ep.m,70.368,100,77.19,15,100.0,59.65
demo_multilateration_algo.m,71.008,80,67.97,60,100.0,47.07
Demo_MultiObjective_Falsification.m,61.334,60,80.0,0,100.0,66.67
demo_multiperson.m,63.716,60,64.29,30,100.0,64.29
demo_multisession.m,73.508,100,56.6,60,100.0,50.94
demo_MultiSpeakerBRIR.m,64.728,60,90.91,0,100.0,72.73
demo_multivariable_calc.m,66.076,100,64.1,15,100.0,51.28
demo_multivariategp.m,64.324,80,53.59,45,100.0,43.03
Demo_multivariate_Gaussian_noise.m,75.346,80,61.87,90,100.0,44.86
demo_multi_dy.m,70.256,100,74.47,30,100.0,46.81
demo_multi_scale.m,68.334,60,88.89,15,100.0,77.78
demo_multi_sta.m,71.714,100,76.19,30,100.0,52.38
demo_music_analysis.m,62.668,100,71.67,0,100.0,41.67
demo_negfeedback.m,78.776,80,65.38,100,100.0,48.5
demo_neuralnetcov.m,61.78,100,52.44,15,100.0,41.46
demo_new_images.m,71.586,80,71.43,45,100.0,61.5
demo_nextfastfft.m,58.086,60,73.91,0,100.0,56.52
DEMO_niche_construction.m,73.196,70,57.02,100,100.0,38.96
demo_NLSTF.m,77.764,100,85.29,30,100.0,73.53
demo_NLSTF_SMBF.m,77.516,100,84.85,30,100.0,72.73
demo_nmf_online.m,70.864,100,64.86,30,100.0,59.46
demo_noiseAR1.m,69.52,100,64.94,45,100.0,37.66
demo_non_local_dehazing.m,64.5,60,81.25,0,100.0,81.25
demo_normalized_random_walk.m,71.15,100,69.89,45,100.0,40.86
demo_normalizeMatchingW.m,75.668,100,77.78,45,100.0,55.56
demo_nsdgt.m,70.428,100,62.5,45,100.0,44.64
demo_ntd.m,70.63,60,89.47,30,100.0,73.68
demo_object_detection.m,84.128,100,66.67,100,100.0,53.97
demo_object_detection_with_iterative_loc.m,81.858,80,69.29,100,100.0,60.0
DEMO_obj_resample_texture.m,78.076,100,69.23,75,100.0,46.15
demo_ofdm.m,61.034,100,54.1,15,100.0,36.07
demo_olcdl_sgd.m,71.262,100,71.05,30,100.0,55.26
demo_olcdl_sgd_msk.m,69.332,100,72.22,30,100.0,44.44
demo_olcdl_surfnc.m,71.456,100,72.73,30,100.0,54.55
demo_opt.m,70.38,100,59.77,45,100.0,47.13
demo_optimize_stock.m,73.88,100,81.82,30,100.0,57.58
demo_Oscillatory.m,76.918,100,77.05,60,100.0,47.54
demo_p2k.m,80.0,100,66.25,75,100.0,58.75
demo_paper.m,78.562,100,68.49,75,100.0,49.32
demo_parameter_estimation_lorenz.m,78.25,100,72.92,60,100.0,58.33
demo_parameter_estimation_nonstationary.m,68.64,100,76.92,15,100.0,51.28
demo_partial_hadamard_spark.m,56.0,30,80.0,0,100.0,70.0
demo_passgp.m,75.122,100,84.21,30,100.0,61.4
demo_patches.m,87.5,100,77.27,100,100.0,60.23
demo_patches_class.m,83.954,100,79.1,75,100.0,65.67
demo_pbspline.m,59.75,100,63.75,0,100.0,35.0
demo_pca.m,73.466,80,70.0,60,100.0,57.33
demo_PCA1.m,78.18,100,70.45,75,100.0,45.45
demo_PCA2.m,73.446,100,80.56,45,100.0,41.67
demo_pca_order.m,64.5,60,93.75,0,100.0,68.75
demo_periodic.m,60.158,80,65.1,0,100.0,55.69
demo_pgauss.m,66.384,100,70.77,15,100.0,46.15
demo_phaseplot.m,60.668,100,61.67,0,100.0,41.67
demo_phaseret.m,56.666,60,73.33,0,100.0,50.0
demo_photometricstereo.m,71.0,100,77.14,15,100.0,62.86
demo_PlaySound.m,73.462,60,100.0,15,100.0,92.31
demo_plot.m,74.75,100,72.5,60,100.0,41.25
demo_pointsets_on_line.m,74.636,60,90.91,45,100.0,77.27
demo_polygonSignature_rectangle.m,65.834,60,79.17,15,100.0,75.0
demo_polygonSkeleton.m,63.0,60,80.0,15,100.0,60.0
demo_polygonSkeleton_leaf.m,63.334,60,75.0,15,100.0,66.67
demo_polygons_leaf.m,59.098,100,46.34,15,100.0,34.15
demo_poselets.m,69.538,60,80.77,30,100.0,76.92
demo_prediction.m,74.334,60,86.67,45,100.0,80.0
demo_prediction_kstep.m,72.966,60,75.86,60,100.0,68.97
demo_prediction_kstep_split.m,77.106,100,70.21,60,100.0,55.32
demo_prediction_mackey_glass.m,77.714,100,76.19,60,100.0,52.38
demo_predict_mscale_ade.m,69.028,80,50.8,75,100.0,39.34
demo_predict_mscale_cityscapes.m,69.128,80,50.8,75,100.0,39.84
demo_predict_mscale_nyud.m,69.128,80,50.8,75,100.0,39.84
demo_predict_mscale_pascalcontext.m,69.128,80,50.8,75,100.0,39.84
demo_predict_mscale_person_parts.m,69.028,80,50.8,75,100.0,39.34
demo_predict_mscale_sunrgbd.m,69.128,80,50.8,75,100.0,39.84
demo_predict_mscale_voc.m,69.028,80,50.8,75,100.0,39.34
demo_pretraining.m,58.0,60,75.0,0,100.0,55.0
demo_principal_angles.m,61.6,60,88.0,0,100.0,60.0
demo_prodsig.m,70.406,100,79.66,30,100.0,42.37
demo_profiler_prediction_lorenz.m,63.232,100,62.79,15,100.0,38.37
demo_proj.m,83.514,100,92.42,60,100.0,65.15
demo_PSP.m,59.166,60,70.83,15,100.0,50.0
DEMO_pwPoly2.m,62.778,60,77.78,15,100.0,61.11
DEMO_pwPoly4.m,66.428,60,78.57,15,100.0,78.57
DEMO_pwPoly5.m,64.63,60,88.89,15,100.0,59.26
demo_python.m,86.666,60,94.44,90,100.0,88.89
demo_Qlearning.m,87.924,100,77.36,100,100.0,62.26
demo_QlearningAsymmetric.m,79.934,80,70.0,100,100.0,49.67
demo_QlearningSimulation.m,70.796,100,79.66,15,100.0,59.32
demo_qmeshcut_ex1.m,83.334,100,61.11,100,100.0,55.56
demo_quantilegp.m,65.556,100,79.63,0,100.0,48.15
demo_rand.m,86.0,100,81.67,100,100.0,48.33
demo_random.m,68.106,100,66.67,30,100.0,43.86
demo_random_matrix_rank.m,77.0,60,93.33,45,100.0,86.67
demo_random_subspaces.m,71.89,100,88.89,15,100.0,55.56
DEMO_rationalBezierCurve.m,68.666,60,80.0,30,100.0,73.33
DEMO_rationalBezierFunction.m,66.25,60,81.25,15,100.0,75.0
demo_rbm.m,65.476,60,80.95,15,100.0,71.43
demo_rcnn.m,61.0,30,100.0,0,100.0,75.0
Demo_real_application_denoising_and_deblurring_color.m,76.546,80,60.17,90,100.0,52.56
Demo_real_application_denoising_and_deblurring_gray.m,78.578,80,63.39,90,100.0,59.5
Demo_real_application_SRMD.m,77.178,80,61.54,90,100.0,54.35
Demo_REAL_Color.m,71.112,100,57.78,60,100.0,37.78
Demo_REAL_Gray.m,71.326,100,59.55,60,100.0,37.08
demo_reconverge_all.m,83.128,100,73.08,90,100.0,52.56
demo_recon_MATLAB.m,79.0,100,81.25,45,100.0,68.75
demo_recon_parasweep_matlab.m,78.666,100,78.57,60,100.0,54.76
demo_recur.m,83.476,100,78.57,90,100.0,48.81
demo_redundancy.m,72.208,100,86.21,30,100.0,44.83
demo_refinenet_test_example_egohands.m,74.6,100,57.0,75,100.0,41.0
demo_refinenet_test_example_eyth.m,71.276,80,55.88,75,100.0,45.5
demo_refinenet_test_example_gtea.m,70.99,100,55.56,60,100.0,39.39
demo_refinenet_test_example_hof.m,70.98,100,56.12,60,100.0,38.78
demo_refinenet_train.m,64.804,80,47.71,60,100.0,36.31
demo_refinenet_train_reduce_learning_rate.m,64.952,80,48.03,60,100.0,36.73
demo_refine_spherebox_mesh.m,67.58,100,63.16,30,100.0,44.74
demo_refit.m,81.488,100,77.03,75,100.0,55.41
demo_registerPoints3d_icp_bunny.m,58.846,60,65.38,15,100.0,53.85
demo_registration_ex1.m,74.09,100,59.7,60,100.0,50.75
demo_registration_ex2.m,66.112,30,77.78,45,100.0,77.78
demo_regress.m,74.666,60,94.44,30,100.0,88.89
demo_regression1.m,66.346,80,64.19,45,100.0,42.54
demo_regression_2d.m,67.206,60,72.41,45,100.0,58.62
demo_regression_additive1.m,75.856,80,63.49,90,100.0,45.79
demo_regression_additive2.m,62.308,80,41.54,45,100.0,45.0
demo_regression_hier.m,53.13,80,50.26,0,100.0,35.39
demo_regression_meanf.m,70.778,100,72.22,15,100.0,66.67
demo_regression_ppcs.m,65.262,100,77.19,0,100.0,49.12
demo_regression_robust.m,59.134,80,42.5,30,100.0,43.17
demo_regression_sparse1.m,73.736,80,41.35,90,100.0,57.33
demo_regression_sparse2.m,62.41,80,65.05,0,100.0,67.0
demo_relaxpar.m,67.272,80,56.86,30,100.0,69.5
demo_remesh_surface.m,55.334,60,61.11,0,100.0,55.56
demo_resolution_noise_tradeoff.m,77.096,80,71.74,90,100.0,43.74
demo_results_visualization.m,68.538,100,68.25,30,100.0,44.44
demo_RFT.m,82.588,100,86.27,60,100.0,66.67
demo_RFT_GLM.m,77.68,100,84.91,45,100.0,58.49
demo_RFX.m,72.528,100,78.82,45,100.0,38.82
demo_rle.m,75.142,60,100.0,30,100.0,85.71
demo_RoPS_Extraction_Mesh.m,78.222,100,83.33,30,100.0,77.78
demo_RoPS_Extraction_Pointcloud.m,73.304,100,84.85,15,100.0,66.67
demo_RoPS_FeatureMatching_Mesh.m,75.2,100,69.33,60,100.0,46.67
demo_Rossler.m,83.162,100,77.42,90,100.0,48.39
demo_rot.m,63.428,60,85.71,0,100.0,71.43
demo_rpca.m,63.428,60,100.0,0,100.0,57.14
demo_sample_run.m,81.534,80,71.67,100,100.0,56.0
demo_script.m,65.5,60,68.75,30,100.0,68.75
demo_script_class.m,80.276,100,72.53,75,100.0,53.85
demo_sdrsac.m,57.456,60,63.64,0,100.0,63.64
demo_sds.m,67.6,60,80.0,30,100.0,68.0
demo_sds_benchmark.m,71.914,60,86.96,30,100.0,82.61
demo_seg.m,70.75,100,72.5,30,100.0,51.25
demo_sfm.m,62.828,60,68.97,30,100.0,55.17
demo_shadedErrorBar.m,71.954,80,43.52,90,100.0,46.25
demo_SHC.m,72.334,100,75.0,45,100.0,41.67
demo_shortcut_ex1.m,50.888,60,50.0,0,100.0,44.44
Demo_show_kernels.m,62.0,60,72.0,30,100.0,48.0
Demo_show_PCA_matrix.m,60.61,60,69.57,30,100.0,43.48
demo_show_tomo.m,57.022,100,39.08,15,100.0,31.03
demo_significance_test.m,68.77,100,59.77,45,100.0,39.08
demo_sigstar.m,76.378,80,61.39,75,100.0,65.5
demo_sim.m,71.102,80,72.54,60,100.0,42.97
demo_SimpleFreeFieldHRSOS.m,65.0,60,85.0,0,100.0,80.0
demo_SimpleFreeFieldSOS.m,64.0,60,85.0,0,100.0,75.0
demo_simplifyPolygon.m,61.154,60,69.23,15,100.0,61.54
demo_sinc.m,80.108,100,78.38,60,100.0,62.16
demo_sinc_all.m,78.0,100,75.71,60,100.0,54.29
demo_sinewave1.m,64.566,60,78.26,15,100.0,69.57
demo_sinewave2.m,64.23,60,80.77,15,100.0,65.38
demo_sinewave_lin_reg.m,72.428,100,68.57,45,100.0,48.57
demo_SingleRoomDRIR.m,64.728,60,90.91,0,100.0,72.73
demo_SingleRoomMIMOSRIR.m,76.938,100,79.37,45,100.0,60.32
demo_SingleRoomSRIR.m,69.724,60,82.76,30,100.0,75.86
demo_sinusoid_lin_reg_poly_degrees.m,79.588,100,82.35,45,100.0,70.59
demo_sinusoid_lin_reg_poly_degree_rmse.m,79.5,100,82.5,45,100.0,70.0
demo_sinusoid_polyfit_vs_linreg.m,68.388,100,77.42,0,100.0,64.52
demo_sirt.m,60.908,100,65.15,0,100.0,39.39
Demo_SISR.m,75.768,80,66.34,60,100.0,72.5
Demo_SISR_direct_downsampler_real_application.m,74.18,80,66.19,75,100.0,49.71
Demo_SISR_direct_downsampler_RGB.m,71.342,80,65.64,60,100.0,51.07
Demo_SISR_direct_downsampler_YCbCr.m,73.316,80,70.39,60,100.0,56.19
Demo_SISR_RGB.m,71.418,80,72.95,45,100.0,59.14
Demo_SISR_RGB_IRCNN_closedform_final.m,68.672,80,67.79,45,100.0,50.57
Demo_SISR_YCbCr.m,74.508,80,73.68,60,100.0,58.86
DEMO_SLR.m,65.222,100,64.44,15,100.0,46.67
demo_smoothPolygon.m,63.572,60,78.57,15,100.0,64.29
demo_SOFAcalculateITD.m,66.572,60,78.57,30,100.0,64.29
demo_SOFAcalculateLFE.m,66.266,100,69.39,15,100.0,46.94
demo_SOFAplotGeometry.m,56.0,60,63.33,0,100.0,56.67
demo_SOFAresample.m,70.908,100,81.4,15,100.0,58.14
demo_SOFAstrings.m,79.408,100,77.78,60,100.0,59.26
demo_SOFAvariables.m,67.334,60,80.0,30,100.0,66.67
demo_somatic.m,81.452,100,70.97,75,100.0,61.29
demo_sources.m,74.574,100,59.57,75,100.0,38.3
demo_sparse_bigaussian.m,69.334,60,100.0,0,100.0,86.67
demo_sparse_biuniform.m,63.25,60,87.5,0,100.0,68.75
demo_sparse_gaussian.m,70.182,60,100.0,0,100.0,90.91
demo_sparse_rademacher.m,70.182,60,100.0,0,100.0,90.91
demo_sparse_uniform.m,68.364,60,100.0,0,100.0,81.82
demo_sparsityPrior.m,78.652,80,68.14,90,100.0,55.12
demo_spatial1.m,61.574,80,53.22,30,100.0,44.65
demo_spatial2.m,68.12,80,46.6,45,100.0,69.0
demo_spectralclustering.m,66.0,30,100.0,0,100.0,100.0
demo_spim.m,83.458,100,75.31,100,100.0,41.98
demo_spr.m,71.902,100,74.19,45,100.0,40.32
demo_SRCF.m,77.116,100,72.09,60,100.0,53.49
Demo_SR_Conv.m,75.19,100,69.57,60,100.0,46.38
demo_ssc_bp_random_subspaces.m,77.358,100,86.57,45,100.0,55.22
demo_ssc_mc_omp.m,68.0,60,100.0,0,100.0,80.0
demo_ssc_omp.m,70.414,100,61.62,45,100.0,45.45
demo_ssc_omp_mnist.m,82.22,100,93.22,45,100.0,72.88
demo_ssc_omp_random_subspaces.m,69.796,100,83.67,0,100.0,65.31
demo_ssc_tomp.m,68.666,60,100.0,0,100.0,83.33
demo_stability_HRF.m,70.104,80,63.64,75,100.0,31.88
demo_staticModel.m,71.94,100,58.82,45,100.0,55.88
DEMO_stent_hexahedral_sweeping.m,72.164,80,61.54,75,100.0,44.28
Demo_STLib.m,71.858,100,69.05,45,100.0,45.24
demo_stochasticModel.m,67.332,100,62.22,30,100.0,44.44
demo_stoprules.m,75.616,100,84.62,30,100.0,63.46
demo_STRCF.m,71.0,60,85.0,30,100.0,80.0
demo_subplot_tight.m,69.666,60,87.5,30,100.0,70.83
demo_superbar.m,56.468,70,27.2,60,100.0,25.14
demo_surf2mesh_ex1.m,59.332,30,83.33,0,100.0,83.33
demo_surf2vol_ex1.m,68.406,100,70.27,15,100.0,56.76
DEMO_surface_smooth_methods.m,65.99,100,52.69,45,100.0,32.26
demo_survival_aft.m,68.0,100,58.0,45,100.0,37.0
demo_survival_coxph.m,69.216,80,64.08,30,100.0,72.0
demo_susceptibility.m,59.316,80,47.9,30,100.0,38.68
demo_svg_water.m,76.8,100,100.0,30,100.0,54.0
demo_svi_classific.m,74.978,100,85.71,30,100.0,59.18
demo_svi_regression.m,75.354,100,91.18,15,100.0,70.59
demo_SVM.m,67.508,100,74.65,15,100.0,47.89
demo_syev.m,57.384,60,80.77,0,100.0,46.15
demo_synthetic.m,62.0,30,100.0,0,100.0,80.0
demo_synthetic_data.m,73.754,100,64.91,60,100.0,43.86
demo_t320_nirs.m,61.548,70,33.86,60,100.0,43.88
demo_Taylor_series_algo.m,68.912,80,65.36,60,100.0,39.2
demo_tDCF.m,57.112,30,77.78,0,100.0,77.78
demo_template_prediction.m,75.078,100,61.54,60,100.0,53.85
demo_template_system_identification.m,76.864,100,70.27,60,100.0,54.05
demo_tensor_completion.m,72.364,100,84.09,30,100.0,47.73
demo_tensor_rpca.m,67.394,100,67.44,30,100.0,39.53
Demo_Test.m,67.454,100,61.82,30,100.0,45.45
Demo_test_CDnCNN_Specific.m,71.0,100,63.33,45,100.0,46.67
Demo_test_DnCNN.m,70.876,100,62.5,45,100.0,46.88
Demo_test_DnCNN3.m,67.98,80,50.99,60,100.0,48.91
Demo_test_DnCNN_C.m,70.38,100,62.07,45,100.0,44.83
Demo_Test_DnCNN_DAG.m,69.464,100,59.3,45,100.0,43.02
Demo_Test_FFDNet_gray.m,72.6,100,63.0,60,100.0,40.0
Demo_Test_model_64_25_Res_Bnorm_Adam.m,71.09,100,62.69,45,100.0,47.76
demo_test_simple_city.m,72.404,100,63.83,45,100.0,53.19
demo_test_simple_voc.m,71.978,100,63.83,45,100.0,51.06
Demo_Test_SRMD_x3.m,77.06,80,71.09,75,100.0,59.21
demo_tfjigsawsep.m,79.774,100,66.29,100,100.0,32.58
demo_tmp.m,74.6,100,70.0,45,100.0,58.0
demo_ToMgames.m,78.312,80,67.55,100,100.0,44.01
demo_tone_mapping.m,69.034,100,80.65,0,100.0,64.52
demo_toy.m,75.224,100,75.56,45,100.0,55.56
demo_tracer.m,65.426,100,60.61,15,100.0,51.52
demo_tracking.m,62.778,60,72.22,15,100.0,66.67
Demo_Train.m,72.428,100,78.57,30,100.0,53.57
demo_training.m,70.568,100,79.73,15,100.0,58.11
demo_trainTest.m,67.014,80,67.74,45,100.0,42.33
Demo_Train_DnCNN_DAG.m,63.462,60,80.77,15,100.0,61.54
Demo_Train_FFDNet_gray.m,60.334,60,79.17,0,100.0,62.5
Demo_Train_model_64_25_Res_Bnorm_Adam.m,71.108,100,81.08,15,100.0,59.46
Demo_Train_SRMD_x3.m,62.856,60,78.57,15,100.0,60.71
demo_trilateration_algo.m,70.418,80,66.92,60,100.0,45.17
DEMO_tvec_csd_sim.m,74.718,70,62.72,100,100.0,40.87
DEMO_tvec_erp_mmn.m,76.15,70,61.75,100,100.0,49.0
DEMO_tvec_erp_sim.m,75.614,70,63.61,100,100.0,44.46
demo_uav_formation.m,73.928,100,69.88,60,100.0,39.76
demo_uav_formation2.m,71.41,100,74.7,45,100.0,37.35
demo_ubjson_basic.m,68.72,70,39.39,100,100.0,34.21
demo_UDT.m,69.11,60,83.33,30,100.0,72.22
Demo_UFE.m,63.234,60,82.35,15,100.0,58.82
demo_UKF_algo.m,73.33,80,72.32,60,100.0,54.33
demo_uniform_points.m,68.846,60,100.0,15,100.0,69.23
demo_uniform_points_multiple_subspaces.m,65.334,60,91.67,0,100.0,75.0
demo_unmixinig_hyperimage.m,71.726,100,61.64,60,100.0,36.99
demo_unmixP_NCM.m,65.0,60,85.0,15,100.0,65.0
demo_unnormalized_spectral_clustering.m,67.334,60,100.0,0,100.0,76.67
demo_validation_csp.m,61.524,60,76.19,0,100.0,71.43
demo_validation_multiband_csp.m,63.2,60,80.0,0,100.0,76.0
demo_VanDerPol.m,71.034,100,69.49,45,100.0,40.68
demo_VBfree.m,75.334,100,75.0,45,100.0,56.67
demo_vggvox_identif.m,82.234,100,76.6,75,100.0,59.57
demo_vggvox_verif.m,82.798,100,77.97,75,100.0,61.02
demo_vggvox_verif_voxceleb2.m,81.198,100,74.65,75,100.0,56.34
DEMO_VL.m,67.448,80,69.18,60,100.0,28.06
demo_vol2mesh_ex1.m,50.0,30,60.0,0,100.0,60.0
demo_vol2mesh_ex1b.m,50.0,30,60.0,0,100.0,60.0
demo_vol2mesh_ex1c.m,54.0,30,70.0,0,100.0,70.0
demo_vol2mesh_ex2.m,68.0,60,93.33,0,100.0,86.67
demo_vol2mesh_ex3.m,76.866,100,67.57,60,100.0,56.76
demo_volatileVB.m,70.302,100,79.37,15,100.0,57.14
demo_VolterraKernels.m,76.112,100,75.56,45,100.0,60.0
DEMO_volumetric_SED_eval.m,70.852,70,63.93,90,100.0,30.33
demo_vpca_big.m,55.704,60,70.37,0,100.0,48.15
demo_vpca_small.m,61.428,100,68.57,0,100.0,38.57
demo_waveletfilters.m,72.066,80,64.61,75,100.0,40.72
demo_wavelets.m,52.714,60,67.86,0,100.0,35.71
demo_WB_color_augmentation.m,77.946,100,70.27,60,100.0,59.46
demo_wfbt.m,63.158,100,71.05,0,100.0,44.74
demo_wmp_dicts.m,52.0,60,53.57,0,100.0,46.43
demo_wsls.m,69.256,100,70.93,30,100.0,45.35
Demo_XQDA.m,70.334,100,70.0,30,100.0,51.67
demo_yinyang.m,71.5,100,67.5,45,100.0,45.0
demo_ziloggaussian.m,76.0,100,82.5,30,100.0,67.5
demo_zinegbin.m,63.266,100,63.27,0,100.0,53.06
demo_Z_3blocks.m,57.112,30,88.89,0,100.0,66.67
demPlotMef2Models.m,70.524,60,80.95,45,100.0,66.67
demPlotModels.m,68.142,60,75.0,45,100.0,60.71
dempot.m,59.0,30,75.0,15,100.0,75.0
demprgp.m,72.716,70,57.09,100,100.0,36.49
demprior.m,70.194,70,49.86,100,100.0,31.11
demProbit1.m,69.0,100,58.7,45,100.0,41.3
demprofile.m,71.364,100,49.09,75,100.0,32.73
DEMR.m,71.162,100,77.42,30,100.0,48.39
demrbf1.m,73.032,80,69.16,45,100.0,71.0
demRegression1.m,70.51,100,58.49,45,100.0,49.06
demRegressionGp.m,72.728,80,56.31,75,100.0,52.33
demRegressionOneIvm1.m,70.886,100,58.49,45,100.0,50.94
demRegressionSimple.m,81.75,100,66.25,90,100.0,52.5
demRegressionTwoIvm.m,70.538,100,57.69,45,100.0,50.0
demRegressionTwoIvm1.m,70.922,100,57.69,45,100.0,51.92
demRobotAtrium1.m,58.668,60,66.67,0,100.0,66.67
demRobotTraces1.m,64.85,100,66.67,0,100.0,57.58
demRobotWireless1.m,57.384,60,65.38,0,100.0,61.54
demRobotWireless2.m,59.408,60,70.37,0,100.0,66.67
demRobotWireless3.m,66.472,100,67.65,0,100.0,64.71
demRobotWireless4.m,67.222,100,69.44,0,100.0,66.67
demRobotWirelessFgplvm1.m,65.692,60,69.23,30,100.0,69.23
demRobotWirelessFgplvm2.m,64.668,60,66.67,30,100.0,66.67
demRobotWirelessFgplvm3.m,72.286,100,68.57,30,100.0,62.86
demRobotWirelessFgplvm4.m,73.026,100,70.27,30,100.0,64.86
demRobotWirelessNavigate.m,74.806,100,70.97,45,100.0,58.06
demRunRankings.m,76.176,100,72.53,60,100.0,48.35
demSilhouetteAverage.m,68.434,60,78.26,30,100.0,73.91
demSilhouetteGp1.m,57.0,60,70.83,0,100.0,54.17
demSilhouetteGp2.m,57.6,60,72.0,0,100.0,56.0
demSilhouetteLinear1.m,55.076,60,65.38,0,100.0,50.0
demSilhouettePlot.m,76.0,60,87.5,45,100.0,87.5
demSilhouettePlotTrue.m,75.284,60,85.71,45,100.0,85.71
demsom1.m,75.404,100,73.4,60,100.0,43.62
demSpgp1d1.m,57.334,60,70.0,0,100.0,56.67
demSpgp1d2.m,67.274,100,75.76,0,100.0,60.61
demSpgp1d3.m,58.206,60,72.41,0,100.0,58.62
demSpgp1d4.m,57.186,60,70.37,0,100.0,55.56
demSpgp1d5.m,57.0,60,71.43,0,100.0,53.57
demSpgp1dGp1.m,60.334,60,75.0,0,100.0,66.67
demSpgp1dGp2.m,68.388,100,77.42,0,100.0,64.52
demSpgp1dGp3.m,59.144,60,71.43,0,100.0,64.29
demSpgp1dGp4.m,58.4,60,72.0,0,100.0,60.0
demSpgp1dGp5.m,58.208,60,68.97,0,100.0,62.07
demSpgp1dKlDiv.m,71.334,60,100.0,30,100.0,66.67
demSpgp1dPlot.m,72.538,60,88.46,45,100.0,69.23
demStickFgplvm1.m,66.148,60,70.37,30,100.0,70.37
demStickFgplvm2.m,74.236,100,73.53,30,100.0,67.65
demStickFgplvm3.m,74.486,100,72.73,30,100.0,69.7
demStickFgplvm4.m,62.0,60,75.0,0,100.0,75.0
demStickFgplvm5.m,74.824,100,73.53,30,100.0,70.59
demStickGp1.m,78.78,100,77.97,60,100.0,55.93
demsvml1.m,73.646,100,76.47,30,100.0,61.76
demSwissRollFgplvm1.m,63.518,60,65.52,30,100.0,62.07
demSwissRollFgplvm2.m,64.208,60,65.52,30,100.0,65.52
demSwissRollFullFgplvm1.m,63.716,60,64.29,30,100.0,64.29
demSwissRollFullFgplvm2.m,64.208,60,65.52,30,100.0,65.52
demSwissRollFullLle1.m,68.91,60,81.82,30,100.0,72.73
demSwissRollFullLle2.m,68.91,60,81.82,30,100.0,72.73
demSwissRollFullLle3.m,70.728,60,81.82,30,100.0,81.82
demSwissRollFullLle4.m,70.728,60,81.82,30,100.0,81.82
demSwissRollFullLle5.m,66.0,30,100.0,0,100.0,100.0
demSwissRollGplvm1.m,63.332,60,63.33,30,100.0,63.33
demSwissRollLle1.m,70.728,60,81.82,30,100.0,81.82
demSwissRollLle2.m,70.728,60,81.82,30,100.0,81.82
demSwissRollLle3.m,70.728,60,81.82,30,100.0,81.82
demSwissRollLle4.m,70.728,60,81.82,30,100.0,81.82
demSwissRollLle5.m,71.848,60,84.62,30,100.0,84.62
demThreeFiveIvm1.m,67.86,80,75.47,30,100.0,53.83
demThreeFiveResults.m,71.842,60,100.0,15,100.0,84.21
demToyProblem1.m,75.77,80,64.18,75,100.0,59.67
demToyProblem2.m,76.426,80,70.27,75,100.0,56.86
demToyProblem3.m,73.906,80,67.2,75,100.0,47.33
demToyProblem5.m,70.894,100,76.6,30,100.0,47.87
demToyProblem7.m,75.046,80,62.56,75,100.0,57.67
demToyProblem8.m,76.776,80,68.91,75,100.0,59.97
demToyProblemModified.m,75.77,80,64.18,75,100.0,59.67
demtrain.m,73.95,70,59.08,100,100.0,40.67
demTwoClusters1.m,58.154,60,73.08,0,100.0,57.69
demUnlabelledIvm2.m,71.294,100,67.21,45,100.0,44.26
demUnlabelledOneIvm1.m,71.456,100,66.67,45,100.0,45.61
demUnlabelledOneIvm2.m,71.294,100,67.21,45,100.0,44.26
demUspsIvm1.m,73.058,100,76.47,30,100.0,58.82
demUspsIvm2.m,73.058,100,76.47,30,100.0,58.82
demUspsIvm3.m,72.874,100,78.12,30,100.0,56.25
demVowels1.m,74.486,100,72.73,30,100.0,69.7
demVowels2.m,73.742,100,70.97,30,100.0,67.74
demVowels3.m,74.824,100,73.53,30,100.0,70.59
demVowelsFgplvm1.m,74.388,100,70.97,30,100.0,70.97
demVowelsFgplvm2.m,65.588,60,68.97,30,100.0,68.97
demVowelsFgplvm3.m,74.752,100,71.88,30,100.0,71.88
demVowelsIsomap.m,65.0,60,80.77,15,100.0,69.23
demVowelsLle.m,58.5,30,87.5,0,100.0,75.0
demWalkSitJogDynamicsLearn.m,61.166,60,75.0,0,100.0,70.83
DEM_birdsong.m,73.714,100,70.0,60,100.0,38.57
dem_box_cal.m,66.036,100,47.37,60,100.0,22.81
DEM_cells.m,77.544,80,66.67,100,100.0,41.05
DEM_cells_cells.m,76.752,80,61.24,100,100.0,42.52
DEM_CLIMATE_India.m,76.974,80,64.06,100,100.0,40.81
DEM_coupled_oscillators.m,69.498,80,71.64,45,100.0,50.85
DEM_COVID.m,73.948,70,58.74,100,100.0,41.0
DEM_COVID_AGE.m,76.324,80,67.43,90,100.0,44.19
DEM_COVID_COUNTRY.m,77.952,80,65.85,100,100.0,43.91
DEM_COVID_DASH.m,82.592,80,71.29,100,100.0,61.67
DEM_COVID_I.m,77.692,70,65.46,100,100.0,53.0
DEM_COVID_LTLA.m,72.958,70,57.22,100,100.0,37.57
DEM_COVID_S.m,78.962,80,72.48,90,100.0,52.33
DEM_COVID_T.m,73.244,70,65.68,90,100.0,40.54
DEM_COVID_UK.m,76.808,70,75.96,100,100.0,38.08
DEM_COVID_UK4.m,75.164,70,72.05,100,100.0,33.77
DEM_COVID_UTLA.m,77.166,70,66.43,100,100.0,49.4
DEM_COVID_WID.m,73.23,70,59.98,100,100.0,36.17
DEM_COVID_X.m,78.022,70,63.61,100,100.0,56.5
DEM_demo.m,71.556,70,60.58,100,100.0,27.2
DEM_demo_ALAP.m,65.57,80,65.91,45,100.0,36.94
DEM_demo_Bayesian_Model_Reduction.m,72.0,100,68.13,60,100.0,31.87
DEM_demo_CM_Lorenz.m,73.262,80,68.22,75,100.0,43.09
DEM_demo_connectivity_fMRI.m,71.044,70,53.73,100,100.0,31.49
DEM_demo_contact_lens.m,75.846,80,62.73,75,100.0,61.5
DEM_demo_convolution.m,75.124,80,56.98,100,100.0,38.64
DEM_demo_convolution_LAP.m,77.206,100,82.19,60,100.0,43.84
DEM_demo_Cornsweet.m,71.174,70,59.78,90,100.0,36.09
DEM_demo_DCM_LAP.m,74.602,80,65.82,90,100.0,37.19
DEM_demo_DEM.m,81.512,100,81.4,75,100.0,51.16
DEM_demo_dendrite.m,74.79,80,58.76,100,100.0,35.19
DEM_demo_DFP.m,59.538,60,57.69,30,100.0,50.0
DEM_demo_doublewell_LAP.m,75.0,100,80.0,45,100.0,50.0
DEM_demo_double_well.m,65.438,100,68.29,15,100.0,43.9
DEM_demo_duet.m,72.306,70,57.1,100,100.0,34.43
DEM_demo_EM.m,78.574,80,67.77,90,100.0,55.1
DEM_demo_face_inference.m,71.106,100,68.42,45,100.0,42.11
DEM_demo_factor_analysis.m,69.572,60,78.57,45,100.0,64.29
DEM_demo_filtering.m,75.23,100,66.67,75,100.0,34.48
DEM_demo_fMRI_HMM.m,72.768,80,67.98,75,100.0,40.86
DEM_demo_fMRI_PEB.m,74.406,80,66.67,75,100.0,50.36
DEM_demo_Gabor.m,68.118,100,63.24,45,100.0,32.35
DEM_demo_GF_and_KF.m,74.026,80,54.86,90,100.0,45.27
DEM_demo_GLM.m,66.174,80,54.37,30,100.0,66.5
DEM_demo_hdm.m,79.856,100,75.71,75,100.0,48.57
DEM_demo_hdm_LAP.m,73.764,80,63.23,90,100.0,35.59
DEM_demo_hdm_SCK.m,74.066,80,73.83,45,100.0,71.5
DEM_demo_hierarchical_optmisation.m,55.952,60,61.9,15,100.0,42.86
DEM_demo_induced_fMRI.m,71.564,80,63.96,60,100.0,53.86
DEM_demo_Lagrangian.m,72.0,100,62.32,60,100.0,37.68
DEM_demo_Lagrangian_flow.m,70.2,100,59.0,60,100.0,32.0
DEM_demo_LAP.m,72.654,80,64.91,60,100.0,58.36
DEM_demo_Laplace.m,76.17,100,83.02,45,100.0,52.83
DEM_demo_large_fMRI.m,73.96,80,65.47,75,100.0,49.33
DEM_demo_Lorenz.m,75.146,80,56.73,75,100.0,64.0
DEM_demo_lorenz_LAP.m,72.908,100,75.86,45,100.0,43.68
DEM_demo_MDP_DEM.m,73.556,70,59.14,100,100.0,38.64
DEM_demo_MDP_fit.m,70.972,80,66.89,60,100.0,47.97
DEM_demo_MDP_fit_fields.m,75.848,80,62.71,100,100.0,36.53
DEM_demo_MDP_habits.m,76.316,80,62.44,90,100.0,49.14
DEM_demo_MDP_maze.m,73.262,80,58.78,90,100.0,37.53
DEM_demo_MDP_reading.m,71.588,70,55.53,100,100.0,32.41
DEM_demo_MDP_rule.m,73.16,70,57.6,100,100.0,38.2
DEM_demo_MDP_search.m,72.276,70,55.44,100,100.0,35.94
DEM_demo_MDP_X.m,66.696,80,70.48,15,100.0,68.0
DEM_demo_MDP_XX.m,67.324,80,72.12,15,100.0,69.5
DEM_demo_MMN.m,77.014,80,65.22,100,100.0,39.85
DEM_demo_MMN_deviance.m,70.336,80,50.93,60,100.0,60.75
DEM_demo_MMN_gen.m,70.144,100,61.43,45,100.0,44.29
DEM_demo_modes_fMRI.m,72.926,70,54.72,100,100.0,39.91
DEM_demo_ontology.m,74.158,80,63.98,90,100.0,36.81
DEM_demo_OU.m,60.0,30,70.0,30,100.0,70.0
DEM_demo_PEB.m,77.516,100,81.03,60,100.0,46.55
DEM_demo_Posner.m,73.622,80,56.44,75,100.0,56.67
DEM_demo_psychosis.m,75.578,80,68.98,90,100.0,38.91
DEM_demo_SOC.m,72.24,80,52.6,90,100.0,38.6
DEM_demo_song_inference.m,75.282,100,60.56,75,100.0,40.85
DEM_demo_song_omission.m,57.378,80,47.14,30,100.0,29.75
DEM_demo_song_priors.m,63.142,100,60.2,30,100.0,25.51
DEM_demo_texture.m,74.366,80,58.02,90,100.0,43.81
DEM_Dispatches.m,75.0,100,56.6,75,100.0,43.4
DEM_dSprites.m,71.662,70,54.55,100,100.0,33.76
DEM_evidence_accumulation.m,72.0,100,65.0,45,100.0,50.0
DEM_FEP_Least_Action.m,81.42,100,71.05,90,100.0,46.05
DEM_FEP_Lorenz.m,81.17,100,71.95,90,100.0,43.9
DEM_get_faces.m,79.778,100,62.22,90,100.0,46.67
DEM_HB_and_LE.m,79.354,80,67.36,100,100.0,49.41
DEM_Immune.m,72.696,100,68.6,60,100.0,34.88
DEM_MDP_decision.m,77.508,80,65.81,100,100.0,41.73
DEM_morphogenesis.m,74.726,70,59.05,100,100.0,44.58
DEM_path_integrals.m,83.204,100,69.86,90,100.0,56.16
DEM_psychophysics.m,73.124,80,60.67,90,100.0,34.95
DEM_SARS.m,83.622,80,69.61,100,100.0,68.5
DEM_SARS_I.m,77.726,70,65.13,100,100.0,53.5
DEM_self_entropy.m,77.518,80,63.79,100,100.0,43.8
DEM_sharing.m,73.146,70,55.73,100,100.0,40.0
DEM_SOC_paper.m,68.0,60,86.36,30,100.0,63.64
DEM_spatial_deconvolution.m,79.38,80,71.23,100,100.0,45.67
DEM_Stephen.m,81.914,80,68.57,100,100.0,61.0
DEM_surveillance.m,72.814,70,57.3,100,100.0,36.77
DEM_vaccination.m,65.882,70,24.07,100,100.0,35.34
den2.m,70.0,30,87.5,45,100.0,87.5
den2d_block.m,75.87,100,65.22,75,100.0,39.13
den3.m,62.346,100,62.3,15,100.0,34.43
deNaN_dataset.m,74.19,100,45.24,90,100.0,35.71
denC2D.m,72.578,60,84.21,45,100.0,73.68
dendhier.m,66.07,60,68.97,60,100.0,41.38
dendplot.m,84.444,100,69.84,100,100.0,52.38
dendrogram_struct.m,75.068,80,58.99,100,100.0,36.35
deneme.m,77.444,100,77.78,45,100.0,64.44
deninfac.m,87.728,100,84.85,75,100.0,78.79
denoiseDemo.m,56.12,100,46.27,0,100.0,34.33
denoiseEm.m,60.112,30,88.89,15,100.0,66.67
denoiseImageGlobal.m,82.196,100,74.07,90,100.0,46.91
Denoiser.m,65.332,30,83.33,30,100.0,83.33
denoise_artifact.m,82.828,100,74.14,90,100.0,50.0
denoise_avg.m,79.8,100,70.0,75,100.0,54.0
denoise_avg2.m,76.104,70,64.88,100,100.0,45.64
denoise_bm3d.m,64.25,60,68.75,30,100.0,62.5
denoise_configure.m,78.272,60,100.0,45,100.0,86.36
denoise_dct.m,73.5,60,87.5,45,100.0,75.0
denoise_energy.m,77.77,100,69.23,60,100.0,59.62
denoise_fica_gauss.m,70.232,60,84.62,45,100.0,61.54
denoise_fica_kurtosis.m,72.766,60,88.24,45,100.0,70.59
denoise_fica_skew.m,72.766,60,88.24,45,100.0,70.59
denoise_fica_tanh.m,70.566,60,82.61,45,100.0,65.22
denoise_filter.m,86.75,100,81.25,90,100.0,62.5
denoise_filter2.m,75.444,80,52.22,100,100.0,45.0
denoise_foe.m,77.414,100,62.07,75,100.0,50.0
denoise_hilbert.m,75.57,80,53.07,100,100.0,44.78
denoise_kpca.m,81.0,100,75.0,75,100.0,55.0
denoise_mask.m,74.0,60,86.36,60,100.0,63.64
denoise_pow3.m,71.0,60,83.33,45,100.0,66.67
denoise_shearlet_example.m,78.0,100,61.36,90,100.0,38.64
denoise_smooth_tanh.m,68.142,60,78.57,45,100.0,57.14
denoise_tanh.m,71.59,60,88.24,45,100.0,64.71
denoise_test_demo.m,73.948,60,100.0,15,100.0,94.74
denoise_threshold_test.m,75.382,100,72.34,45,100.0,59.57
denoise_train_demo.m,79.38,100,82.14,60,100.0,54.76
denoise_TV_One.m,83.764,100,71.76,100,100.0,47.06
denoise_verification.m,78.714,100,82.86,45,100.0,65.71
Denoising.m,64.5,60,93.75,0,100.0,68.75
DenoisingEinstein.m,66.0,30,100.0,0,100.0,100.0
DenoisingProblem.m,75.106,80,68.13,90,100.0,37.4
denoising_dtdwt.m,76.444,100,70.37,60,100.0,51.85
denoising_dwt.m,70.464,100,58.54,45,100.0,48.78
Denoising_Main.m,64.0,60,80.0,0,100.0,80.0
denoising_mppca.m,80.04,100,59.18,90,100.0,51.02
denoi_BLS_GSM.m,76.662,80,59.39,100,100.0,43.92
denoi_BLS_GSM_band.m,76.204,80,63.91,90,100.0,47.11
denoi_demo.m,71.096,100,76.19,15,100.0,64.29
denormdata.m,69.284,30,85.71,45,100.0,85.71
denR2D.m,71.666,60,80.0,45,100.0,73.33
denS2D.m,71.0,60,83.33,45,100.0,66.67
dense.m,74.806,100,67.74,45,100.0,61.29
DenseFeatureMatching.m,60.144,60,71.43,30,100.0,39.29
denseSolve.m,75.656,80,56.72,100,100.0,41.56
dense_depth_map.m,73.85,100,72.73,45,100.0,51.52
dense_hog2x2.m,60.218,60,78.26,15,100.0,47.83
dense_hog3x3.m,60.0,60,82.14,15,100.0,42.86
dense_sdp_relax.m,78.4,80,69.33,100,100.0,42.67
densify.m,75.0,60,80.0,75,100.0,60.0
densifyPolygon.m,67.316,60,68.42,45,100.0,63.16
Density.m,76.694,100,52.17,90,100.0,41.3
DensityAndBound.m,73.868,100,54.72,75,100.0,39.62
DensityBasedMaterial.m,81.162,100,62.79,100,100.0,43.02
DensityCreatorByInitializer.m,82.074,100,66.67,90,100.0,53.7
DensityEstimate.m,70.308,60,84.62,30,100.0,76.92
DensityEstimation.m,60.138,80,39.26,45,100.0,36.43
DensityFromVademecum.m,67.69,60,55.17,75,100.0,48.28
DensityGaussResultsPrinter.m,75.526,100,52.63,75,100.0,50.0
DensityPlasticity.m,66.454,100,64.77,30,100.0,37.5
DensityPlotterForPerimeter.m,77.812,100,68.75,75,100.0,45.31
DensityPrinterForPerimeter.m,78.076,100,69.23,75,100.0,46.15
densityremap.m,72.0,30,100.0,30,100.0,100.0
DensityResultsPrinter.m,67.0,60,52.94,75,100.0,47.06
density_cal.m,72.0,100,64.29,60,100.0,35.71
density_contours.m,63.89,30,77.78,45,100.0,66.67
density_dir.m,69.0,30,100.0,15,100.0,100.0
density_und.m,57.572,30,71.43,15,100.0,71.43
denss.m,77.666,100,73.33,60,100.0,55.0
den_jack.m,86.428,100,91.43,75,100.0,65.71
DeOblique.m,78.334,80,60.0,100,100.0,51.67
deopt.m,78.442,80,69.9,100,100.0,42.31
DEORA.m,81.366,80,70.83,100,100.0,56.0
DEORA_MTDE.m,83.434,100,68.69,100,100.0,48.48
departureTargetMissDistance.m,75.064,100,84.38,30,100.0,60.94
dependencies.m,54.856,30,57.14,30,100.0,57.14
DependentSamplingMCVolumesClusterCDT1.m,77.106,100,70.53,75,100.0,40.0
DependentSamplingMCVolumesClusterCDT2.m,77.082,100,70.83,75,100.0,39.58
DependentSamplingMCVolumesVoxel.m,76.556,100,68.89,75,100.0,38.89
dependentTerms.m,72.902,100,68.29,45,100.0,51.22
depends.m,62.334,30,100.0,15,100.0,66.67
dependsOn.m,83.174,100,69.84,100,100.0,46.03
depfunFast.m,77.642,100,64.15,75,100.0,49.06
depixellise.m,78.428,100,71.43,75,100.0,45.71
depixelliseOmniCam.m,78.384,100,63.46,90,100.0,38.46
deployDCFNet.m,87.726,100,77.27,100,100.0,61.36
deployModel.m,65.332,60,83.33,0,100.0,83.33
deploy_each_dagnet.m,75.0,30,100.0,45,100.0,100.0
depnetFit.m,82.608,100,66.3,100,100.0,46.74
deprecation.m,69.0,30,100.0,15,100.0,100.0
depth.m,75.414,100,65.85,60,100.0,51.22
depth2cloud.m,70.728,60,81.82,30,100.0,81.82
depth2normal.m,64.166,60,75.0,15,100.0,70.83
depth2pcl.m,69.778,30,100.0,30,100.0,88.89
Depth2Points3D_transformed.m,66.42,60,73.68,30,100.0,68.42
depth4RGB.m,75.6,100,65.0,75,100.0,38.0
DepthConcatenationLayer.m,72.996,80,50.52,100,100.0,34.46
depthFeatures.m,72.46,100,75.38,30,100.0,56.92
DepthFromGradient.m,76.118,100,70.59,60,100.0,50.0
DepthFromGradientTest.m,66.89,60,77.78,30,100.0,66.67
DepthGradient2.m,74.058,100,62.35,75,100.0,32.94
depthIndex2NodeNo.m,80.91,100,75.0,75,100.0,54.55
depth_darken.m,78.034,60,82.76,75,100.0,72.41
depth_estimation.m,81.486,100,72.97,75,100.0,59.46
depth_first_search.m,67.076,60,65.38,60,100.0,50.0
depth_in_meters_cityscapes_disparity_in_pixels.m,68.0,60,78.57,30,100.0,71.43
depth_in_meters_cityscapes_nn_inpainting.m,68.0,60,82.14,30,100.0,67.86
depth_in_meters_cityscapes_stereoscopic_inpainting.m,79.218,80,69.43,100,100.0,46.66
depth_in_meters_cityscapes_with_invalid_parts.m,67.412,60,76.47,30,100.0,70.59
deptoolbox.m,77.494,80,64.1,100,100.0,43.37
dep_add.m,72.0,60,73.33,60,100.0,66.67
Deq.m,67.092,60,81.82,30,100.0,63.64
derandomize.m,81.838,100,68.37,100,100.0,40.82
deres.m,74.0,30,100.0,60,100.0,80.0
derespolar.m,80.174,100,67.39,90,100.0,43.48
dering_test_demo.m,73.948,60,100.0,15,100.0,94.74
deriv.m,75.572,60,67.86,100,100.0,50.0
deriv1.m,62.11,100,31.87,60,100.0,18.68
deriv2.m,72.0,100,65.79,60,100.0,34.21
deriv2D.m,76.842,100,65.79,75,100.0,43.42
derivaeeg.m,72.832,60,70.83,75,100.0,58.33
derivation_analyticMatchingExpressions.m,60.646,100,64.52,0,100.0,38.71
Derivative.m,81.518,100,63.29,100,100.0,44.3
Derivative100Hypergeometric1F1.m,64.638,80,83.57,30,100.0,29.62
derivative5.m,84.782,100,73.91,100,100.0,50.0
derivative7.m,88.752,100,84.38,100,100.0,59.38
derivativeCheck.m,82.222,100,75.0,75,100.0,61.11
derivatives.m,75.112,60,77.78,60,100.0,77.78
derivative_calc.m,76.048,80,69.23,90,100.0,41.01
derivative_phi.m,72.284,30,85.71,60,100.0,85.71
derivative_sigm_j.m,72.0,30,100.0,30,100.0,100.0
derivcheck.m,69.76,60,65.52,75,100.0,48.28
derivchoice_Callback.m,66.5,30,100.0,15,100.0,87.5
derivComplexTrick.m,84.936,100,74.03,100,100.0,50.65
derivdropdown.m,78.546,60,100.0,60,100.0,72.73
derive.m,79.362,80,62.24,100,100.0,54.57
derive4cuboid.m,66.076,100,70.51,15,100.0,44.87
deriveBasis.m,78.334,60,100.0,45,100.0,86.67
deriveBilinearizing.m,87.096,100,74.19,100,100.0,61.29
derivebinaryfeat.m,71.224,80,48.43,90,100.0,37.69
derivebounds.m,85.672,100,82.09,100,100.0,46.27
derivecliques.m,82.768,60,76.92,100,100.0,76.92
deriveContinuity.m,82.106,100,59.21,100,100.0,51.32
DeriveCVIs.m,71.372,100,79.07,15,100.0,62.79
derivedualBounds.m,76.702,80,61.95,100,100.0,41.56
derivedualBoundsParameterFree.m,81.212,100,69.7,100,100.0,36.36
DeriveDynamicsDP.m,77.728,100,69.32,75,100.0,44.32
derived_phd_fields.m,69.0,60,75.0,60,100.0,50.0
derived_sicd_fields.m,76.502,70,69.69,100,100.0,42.82
deriveGpsSatClockT.m,73.0,30,90.0,75,100.0,70.0
deriveGpsSatOrbitTk.m,75.0,30,90.0,75,100.0,80.0
deriveGpsSatPosVel.m,72.334,100,73.08,45,100.0,43.59
DeriveIs.m,68.0,60,78.57,30,100.0,71.43
deriveKlobucharIonoCorr.m,81.312,100,62.3,100,100.0,44.26
DeriveMonotonicityFromShape.m,67.75,60,62.5,60,100.0,56.25
DeriveMonotonicityFromStationary.m,67.75,60,62.5,60,100.0,56.25
deriveProstateCTVfromPTV.m,79.538,100,56.92,90,100.0,50.77
deriveSagnacPrCorr.m,70.0,30,87.5,45,100.0,87.5
derivest.m,73.402,70,57.55,100,100.0,39.46
DERIVEstFiniteDiffsCalculationMethod.m,74.474,100,50.0,75,100.0,47.37
DeriveVexityFromInflection.m,75.186,60,66.67,90,100.0,59.26
Derive_acrobot.m,65.66,100,75.47,0,100.0,52.83
Derive_cartPole.m,68.0,100,75.0,15,100.0,50.0
Derive_EoM.m,60.488,100,68.29,0,100.0,34.15
Derive_Equations.m,69.066,70,70.11,75,100.0,30.22
derive_FK_Jacobian.m,57.0,60,75.0,0,100.0,50.0
Derive_pwPoly2.m,59.5,60,79.17,0,100.0,58.33
Derive_pwPoly4.m,57.926,60,77.78,0,100.0,51.85
Derive_pwPoly5.m,72.666,100,80.0,30,100.0,53.33
Derive_simpleWalker.m,64.514,80,71.57,0,100.0,71.0
derivs_Callback.m,79.0,60,95.0,60,100.0,80.0
deriv_sparse.m,76.286,60,78.57,75,100.0,67.86
deri_cross_entropy.m,72.0,30,100.0,30,100.0,100.0
deri_inherit.m,75.0,30,100.0,45,100.0,100.0
deri_L2_norm.m,72.0,30,100.0,30,100.0,100.0
deri_nonlinearity_nil.m,75.0,30,100.0,45,100.0,100.0
deri_relu.m,72.0,30,100.0,30,100.0,100.0
deri_sigmoid.m,72.0,30,100.0,30,100.0,100.0
deri_softmax.m,75.0,30,100.0,45,100.0,100.0
deri_tanh.m,75.0,30,100.0,45,100.0,100.0
dermatpoly.m,70.0,30,87.5,45,100.0,87.5
derotated_dtcwt.m,75.666,60,93.33,45,100.0,80.0
derror.m,82.284,100,84.52,90,100.0,36.9
derX.m,72.0,30,100.0,30,100.0,100.0
DES.m,84.0,100,77.5,100,100.0,42.5
desatur.m,81.42,80,75.57,100,100.0,51.53
descCoCluster.m,72.0,30,100.0,30,100.0,100.0
descend.m,85.5,100,83.33,90,100.0,54.17
DescendingNodeTermCondition.m,74.13,100,52.17,75,100.0,43.48
descent_performance.m,69.004,80,63.85,45,100.0,56.17
descFileRead.m,73.63,60,77.78,60,100.0,70.37
describe_idx.m,59.0,30,75.0,15,100.0,75.0
describe_matrix.m,75.0,30,100.0,45,100.0,100.0
description.m,87.742,100,80.65,100,100.0,58.06
descriptions2sensors.m,85.756,100,75.51,90,100.0,63.27
DescriptorExtractor.m,78.77,100,52.31,100,100.0,41.54
DescriptorMatcher.m,77.722,100,51.9,100,100.0,36.71
descriptors_compute_match_demo.m,82.736,100,73.68,100,100.0,40.0
descriptor_extractor_brief_demo.m,65.332,60,83.33,0,100.0,83.33
deselect.m,61.668,30,66.67,45,100.0,66.67
desense.m,76.73,80,58.65,75,100.0,70.0
designAnalysis.m,79.796,80,68.97,100,100.0,50.01
DesignCapturerOfMaterialDesignExperiment.m,77.104,100,53.73,90,100.0,41.79
designDLC.m,80.76,80,67.21,100,100.0,56.59
DesignImagVariable.m,74.512,100,53.66,75,100.0,43.9
designing_operation_points.m,72.096,100,66.67,45,100.0,48.81
designMatrix.m,80.65,100,71.08,90,100.0,42.17
Designmatrix_code_doppler_ZD.m,72.472,80,76.36,45,100.0,61.0
Designmatrix_code_ZD.m,73.884,100,79.07,45,100.0,45.35
Designmatrix_DCM.m,73.028,80,77.57,60,100.0,47.57
Designmatrix_doppler_ZD.m,75.47,100,79.41,45,100.0,52.94
Designmatrix_ZD.m,73.542,80,76.64,60,100.0,51.07
DesignVariable.m,76.644,100,55.93,90,100.0,37.29
DesignVariableAcademic.m,75.542,100,56.76,75,100.0,45.95
DesignVariableAndMeshSaverFromRes.m,77.506,100,61.73,90,100.0,35.8
DesignVariableCreatorSettings.m,76.47,100,61.76,75,100.0,45.59
DesignVariableFactory.m,80.0,60,76.92,90,100.0,73.08
DesignVariablePrinter.m,67.688,60,51.72,75,100.0,51.72
DesignVariableStorerFromRes.m,76.948,100,56.14,90,100.0,38.6
DesignVarMonitorFactory.m,81.978,100,68.13,100,100.0,41.76
DesignVarMonitor_Abstract.m,74.438,80,57.69,90,100.0,44.5
DesignVarMonitor_AreaColumn.m,77.138,100,58.06,90,100.0,37.63
DesignVarMonitor_Density.m,79.112,100,58.89,100,100.0,36.67
DesignVarMonitor_LevelSet.m,76.49,100,50.94,90,100.0,41.51
DesignVarMonitor_LevelSet_2D.m,65.0,30,75.0,45,100.0,75.0
DesignVarMonitor_LevelSet_3D.m,65.0,30,75.0,45,100.0,75.0
DesignVarMonitor_Null.m,73.636,100,47.73,75,100.0,45.45
design_array_1d.m,90.284,100,85.71,100,100.0,65.71
design_downsample_filter.m,60.456,60,72.73,15,100.0,54.55
design_filter.m,75.906,80,56.2,100,100.0,43.33
design_K.m,66.0,30,100.0,0,100.0,100.0
design_space_analysis.m,74.948,70,55.9,100,100.0,48.84
desingularizationfactory.m,76.802,80,65.44,90,100.0,48.57
desiredState.m,84.8,100,82.0,90,100.0,52.0
desired_trajectory.m,67.142,100,57.14,30,100.0,48.57
deskewfile.m,84.48,100,74.65,90,100.0,57.75
deskewmem.m,76.524,60,76.19,75,100.0,71.43
deskewparams.m,76.286,60,82.14,75,100.0,64.29
deskew_rvp.m,82.0,100,76.47,60,100.0,73.53
despike.m,66.832,60,70.83,45,100.0,58.33
destroyDummyModel.m,78.48,100,68.67,90,100.0,33.73
destroyUI.m,69.0,30,100.0,15,100.0,100.0
destroy_mmemmapfile.m,83.332,60,83.33,90,100.0,83.33
desugar.m,73.668,60,77.78,75,100.0,55.56
desview.m,76.334,100,64.0,75,100.0,42.67
det.m,81.37,100,68.49,100,100.0,38.36
det2keypoints.m,82.306,100,65.38,100,100.0,46.15
det2keypointsImg.m,74.226,80,58.13,90,100.0,43.0
det2keypointsImgDPM.m,75.52,80,58.82,90,100.0,48.78
det2keypointsImgMulticut.m,86.222,100,68.89,100,100.0,62.22
det2keypointsImgMulticutBBoxMulti.m,78.942,80,61.54,100,100.0,53.17
det2keypointsImgMulticutBBoxMultiPoses.m,79.898,80,67.74,100,100.0,51.75
det2keypointsImgMulticutMulti.m,77.418,80,61.15,100,100.0,45.94
det2keypointsImgMulticutUnaries.m,79.582,100,57.29,100,100.0,40.62
det2keypointsImgMulticut_old.m,78.832,80,65.31,100,100.0,48.85
det2keypointsImgROI.m,73.316,100,56.84,75,100.0,34.74
det2keypointsMulti.m,74.75,60,87.5,45,100.0,81.25
det2keypointsPrior.m,83.692,100,76.92,100,100.0,41.54
det2MM.m,74.144,100,82.86,45,100.0,42.86
det2x2.m,79.63,60,89.47,75,100.0,73.68
det3.m,64.0,30,87.5,15,100.0,87.5
det3x3.m,74.668,60,86.67,60,100.0,66.67
detachfiles.m,78.088,60,65.22,100,100.0,65.22
DetailCurveCoeff.m,66.832,60,70.83,45,100.0,58.33
DetailMeyerWindow.m,68.526,60,78.95,30,100.0,73.68
detBG.m,73.728,60,81.82,45,100.0,81.82
detBGTG.m,70.232,60,84.62,45,100.0,61.54
detbndy.m,81.634,100,67.35,100,100.0,40.82
detCG.m,67.0,30,80.0,45,100.0,80.0
detCGTG.m,69.8,60,84.0,45,100.0,60.0
detconfig.m,80.42,100,89.47,60,100.0,52.63
detect.m,79.666,100,84.44,45,100.0,68.89
detect3x3SymmetryGroups.m,77.942,100,67.65,75,100.0,47.06
DetectAbsSnow.m,83.936,100,80.85,75,100.0,63.83
detectAndAdd3x3AtmostGroups.m,81.668,100,81.67,75,100.0,51.67
detectAndAdd3x3SDPGUBGroups.m,81.128,100,83.87,75,100.0,46.77
detectAndAdd3x3SymmetryGroups.m,80.0,60,83.33,90,100.0,66.67
detectAndMatchFeatures.m,78.968,100,62.9,90,100.0,41.94
detectAreaBorders.m,75.0,30,100.0,45,100.0,100.0
detectAtMost.m,75.852,60,85.19,60,100.0,74.07
detectAtMultipleScales.m,81.73,100,81.08,60,100.0,67.57
detectChange.m,71.0,60,81.25,45,100.0,68.75
detectCollision.m,68.446,60,85.19,60,100.0,37.04
detectCollision_modify.m,69.784,100,47.83,75,100.0,26.09
detectCycles.m,87.096,100,77.42,100,100.0,58.06
detectDeadEnds.m,63.142,60,60.71,45,100.0,50.0
detectDuplicateRxns.m,76.266,100,62.03,75,100.0,44.3
detectEdge.m,75.976,100,76.74,45,100.0,58.14
detectFace.m,76.222,60,83.33,60,100.0,77.78
detectGridSiteWise.m,70.334,60,50.0,100,100.0,41.67
detectHeadCavity.m,69.17,100,75.61,30,100.0,40.24
detectHighlyTransparent.m,64.154,60,76.92,30,100.0,53.85
detectInImage.m,74.172,100,72.41,45,100.0,53.45
detection.m,70.738,80,43.85,100,100.0,29.84
DetectionAggregatedResults.m,87.026,100,70.27,100,100.0,64.86
DetectionAggregatedResultsPerClass.m,84.0,100,67.27,100,100.0,52.73
DetectionBasedTracker.m,80.0,100,55.17,100,100.0,44.83
detectionEvent.m,77.884,60,64.71,100,100.0,64.71
DetectionEventHandle.m,78.154,60,69.23,100,100.0,61.54
DetectionEventsPlotter.m,74.342,70,58.79,100,100.0,42.92
DetectionEventsPlotterUI.m,79.31,100,50.0,100,100.0,46.55
DetectionModelX.m,69.5,60,56.25,75,100.0,56.25
DetectionOfSampleSymmetry.m,60.0,100,52.0,0,100.0,48.0
DetectionResult.m,80.42,100,61.05,100,100.0,41.05
DetectionResultsComputer.m,77.916,80,61.07,100,100.0,48.51
DetectionReview.m,86.162,80,83.06,100,100.0,67.75
Detections.m,78.03,100,68.18,75,100.0,46.97
detectionStats.m,81.0,60,100.0,45,100.0,100.0
detectionToTrackAssignment.m,74.586,60,72.41,75,100.0,65.52
detection_color.m,69.082,100,52.08,60,100.0,33.33
Detection_Recognition_Annotation_script.m,76.726,100,77.27,45,100.0,61.36
detection_visualization.m,83.372,100,76.74,75,100.0,65.12
detectkey.m,79.386,60,92.31,60,100.0,84.62
detectkeydown.m,71.778,60,72.22,60,100.0,66.67
detectLeftRightSide.m,65.144,60,71.43,30,100.0,64.29
DetectLoopClosure.m,81.046,100,74.42,75,100.0,55.81
detectmalware.m,84.65,100,67.44,100,100.0,55.81
detectMonotoneSDPObjective.m,71.406,60,74.07,60,100.0,62.96
detectmult.m,67.0,60,54.17,75,100.0,45.83
detectmuscle.m,77.444,100,59.72,90,100.0,37.5
detectObjects.m,64.0,30,80.0,30,100.0,80.0
Detector.m,67.75,60,62.5,60,100.0,56.25
detector_wiggle_from_iou_score.m,72.0,30,100.0,30,100.0,100.0
detect_all.m,82.058,100,69.57,90,100.0,50.72
detect_all_by_featmap.m,80.6,60,84.0,75,100.0,84.0
detect_blob_demo.m,73.186,100,77.91,45,100.0,43.02
detect_creaky_voice.m,64.23,60,76.92,15,100.0,69.23
detect_diag.m,80.234,80,77.67,75,100.0,68.5
detect_diagold.m,79.4,100,72.0,90,100.0,35.0
detect_duplicate_walks.m,71.0,60,75.0,45,100.0,75.0
detect_enhancer_region.m,86.0,100,80.0,90,100.0,60.0
detect_face.m,76.578,80,68.75,90,100.0,44.14
detect_faces.m,77.222,100,64.44,75,100.0,46.67
detect_face_mtcnn.m,66.206,80,48.68,60,100.0,42.35
detect_hiddendelayedconvex_sdp.m,78.956,100,84.78,60,100.0,50.0
detect_img.m,71.0,60,75.0,45,100.0,75.0
detect_knapsack.m,79.382,80,72.58,90,100.0,54.33
detect_large_img.m,80.714,100,75.0,75,100.0,53.57
detect_lblk.m,77.294,80,78.64,75,100.0,52.83
detect_negated_binary.m,76.788,60,89.47,45,100.0,89.47
detect_obb_collision.m,65.666,100,48.33,60,100.0,20.0
detect_objects.m,86.0,100,77.14,90,100.0,62.86
detect_objects_in_image.m,77.582,100,67.44,60,100.0,60.47
detect_poselets.m,76.96,80,59.8,100,100.0,45.0
detect_quadratic_disjoints.m,73.09,60,77.27,60,100.0,68.18
detect_quadratic_disjoints_generalized.m,81.374,100,81.25,60,100.0,65.62
detect_sdpmonotonicity.m,80.436,60,82.61,90,100.0,69.57
detect_special_objectives.m,82.888,60,100.0,60,100.0,94.44
detect_special_str.m,76.668,60,66.67,90,100.0,66.67
detect_spikes_bursts.m,79.066,80,73.42,100,100.0,41.91
detect_swr.m,74.682,70,62.5,100,100.0,40.91
detect_ublk.m,80.798,100,84.06,75,100.0,44.93
detect_ublk_old.m,80.588,100,83.82,75,100.0,44.12
det_internal.m,79.0,60,75.0,90,100.0,70.0
det_inv.m,81.138,100,62.75,90,100.0,52.94
Det_Plot.m,80.5,80,74.79,90,100.0,57.71
det_regularization_v1.m,76.37,100,68.49,75,100.0,38.36
det_root2n.m,61.0,30,80.0,15,100.0,80.0
det_rootn.m,77.272,100,59.09,75,100.0,52.27
det_surf.m,72.0,30,100.0,30,100.0,100.0
DE_cr.m,81.144,100,82.86,60,100.0,62.86
DE_Crossover.m,64.0,30,100.0,30,100.0,60.0
DE_Crossover_Exp.m,81.118,60,88.24,75,100.0,82.35
DE_current_to_rand_1.m,64.428,60,71.43,30,100.0,60.71
de_ftab.m,75.924,80,62.46,100,100.0,37.16
de_ftab_build.m,74.4,70,62.5,100,100.0,39.5
de_ftab_curv.m,74.47,70,60.92,100,100.0,41.43
de_ftab_fit.m,72.738,70,55.65,100,100.0,38.04
de_ftab_fit_exp3.m,72.932,70,55.69,100,100.0,38.97
de_ftab_fit_sprad.m,76.858,60,89.29,60,100.0,75.0
de_ftab_fm.m,82.128,100,73.02,90,100.0,47.62
de_ftab_inv1.m,77.628,80,64.41,100,100.0,43.73
de_ftab_inv2.m,82.468,80,69.03,100,100.0,63.31
de_ftab_invert.m,77.496,80,60.65,100,100.0,46.83
de_ftab_iwater.m,81.296,100,79.63,75,100.0,51.85
de_ftab_plot_jac.m,73.706,100,74.51,45,100.0,49.02
de_ftab_sls.m,78.26,100,53.62,100,100.0,37.68
de_ftab_s_iter.m,78.214,80,66.31,100,100.0,44.76
de_ftab_xform.m,80.924,60,92.31,60,100.0,92.31
de_pl_denom.m,77.0,60,75.0,75,100.0,75.0
de_pl_obj.m,78.83,100,70.21,75,100.0,48.94
de_pl_osps.m,79.252,100,71.88,90,100.0,34.38
de_poly_eval.m,78.932,80,66.1,100,100.0,48.56
de_poly_expo.m,80.0,100,68.75,75,100.0,56.25
DE_rand_1.m,75.0,60,75.0,75,100.0,65.0
DE_rand_2.m,74.272,60,77.27,75,100.0,59.09
DE_rb.m,81.144,100,82.86,60,100.0,62.86
DE_transfer.m,70.244,100,66.67,30,100.0,54.55
de_wls_dercurv.m,79.08,100,60.92,100,100.0,34.48
d_ct_profRadio.m,72.714,60,71.43,75,100.0,57.14
d_fun.m,69.882,60,70.59,60,100.0,58.82
d_func.m,75.142,30,100.0,60,100.0,85.71
D_func_hand_eye_new.m,68.474,100,100.0,30,100.0,12.37
D_func_pnp_new.m,63.816,100,100.0,15,100.0,4.08
D_func_pTop_new.m,64.914,100,100.0,15,100.0,9.57
D_ktensor_doc.m,78.582,100,98.39,30,100.0,64.52
D_local.m,76.53,100,79.25,60,100.0,43.4
d_mymorlet.m,69.0,30,100.0,15,100.0,100.0
D_Regularization.m,70.08,100,63.51,45,100.0,41.89
d_star.m,74.008,80,50.19,100,100.0,39.85
D_TranslatePatches.m,72.252,100,71.88,30,100.0,59.38
